home_performance_pk,home_performance_pkatt,home_performance_crdr,home_performance_touches,home_performance_tkl,home_performance_int,home_performance_blocks,home_expected_xg,home_expected_npxg,home_expected_xag,home_sca_sca,home_sca_gca,home_passes_cmp,home_passes_att,home_passes_cmp%,home_passes_prgp,home_carries_carries,home_carries_prgc,home_take-ons_att,home_take-ons_succ,home_player_xag,home_player_xa,home_player_kp,home_player_1/3,home_player_ppa,home_player_crspa,home_player_prgp,home_total_cmp,home_total_att,home_total_cmp%,home_total_totdist,home_total_prgdist,home_short_cmp,home_short_att,home_short_cmp%,home_medium_cmp,home_medium_att,home_medium_cmp%,home_long_cmp,home_long_att,home_long_cmp%,home_player_att,home_pass_types_live,home_pass_types_dead,home_pass_types_fk,home_pass_types_tb,home_pass_types_sw,home_pass_types_crs,home_pass_types_ti,home_pass_types_ck,home_outcomes_cmp,home_outcomes_off,home_outcomes_blocks,home_player_int,home_player_tkl+int,home_player_clr,home_player_err,home_tackles_tkl,home_tackles_tklw,home_tackles_def_3rd,home_tackles_mid_3rd,home_tackles_att_3rd,home_challenges_tkl,home_challenges_att,home_challenges_tkl%,home_challenges_lost,home_blocks_blocks,home_blocks_sh,home_blocks_pass,home_touches_touches,home_touches_def_pen,home_touches_def_3rd,home_touches_mid_3rd,home_touches_att_3rd,home_touches_att_pen,home_touches_live,home_take-ons_att.1,home_take-ons_succ.1,home_take-ons_succ%,home_take-ons_tkld,home_take-ons_tkld%,home_carries_carries.1,home_carries_totdist,home_carries_prgdist,home_carries_prgc.1,home_carries_1/3,home_carries_cpa,home_carries_mis,home_carries_dis,home_receiving_rec,home_receiving_prgr,home_performance_crdy.1,home_performance_crdr.1,home_performance_2crdy,home_performance_fls,home_performance_fld,home_performance_off,home_performance_crs,home_performance_int.1,home_performance_tklw,home_performance_pkwon,home_performance_pkcon,home_performance_og,home_performance_recov,home_aerial_duels_won,home_aerial_duels_lost,home_aerial_duels_won%,away_performance_pk,away_performance_pkatt,away_performance_crdr,away_performance_touches,away_performance_tkl,away_performance_int,away_performance_blocks,away_expected_xg,away_expected_npxg,away_expected_xag,away_sca_sca,away_sca_gca,away_passes_cmp,away_passes_att,away_passes_cmp%,away_passes_prgp,away_carries_carries,away_carries_prgc,away_take-ons_att,away_take-ons_succ,away_player_xag,away_player_xa,away_player_kp,away_player_1/3,away_player_ppa,away_player_crspa,away_player_prgp,away_total_cmp,away_total_att,away_total_cmp%,away_total_totdist,away_total_prgdist,away_short_cmp,away_short_att,away_short_cmp%,away_medium_cmp,away_medium_att,away_medium_cmp%,away_long_cmp,away_long_att,away_long_cmp%,away_player_att,away_pass_types_live,away_pass_types_dead,away_pass_types_fk,away_pass_types_tb,away_pass_types_sw,away_pass_types_crs,away_pass_types_ti,away_pass_types_ck,away_outcomes_cmp,away_outcomes_off,away_outcomes_blocks,away_player_int,away_player_tkl+int,away_player_clr,away_player_err,away_tackles_tkl,away_tackles_tklw,away_tackles_def_3rd,away_tackles_mid_3rd,away_tackles_att_3rd,away_challenges_tkl,away_challenges_att,away_challenges_tkl%,away_challenges_lost,away_blocks_blocks,away_blocks_sh,away_blocks_pass,away_touches_touches,away_touches_def_pen,away_touches_def_3rd,away_touches_mid_3rd,away_touches_att_3rd,away_touches_att_pen,away_touches_live,away_take-ons_att.1,away_take-ons_succ.1,away_take-ons_succ%,away_take-ons_tkld,away_take-ons_tkld%,away_carries_carries.1,away_carries_totdist,away_carries_prgdist,away_carries_prgc.1,away_carries_1/3,away_carries_cpa,away_carries_mis,away_carries_dis,away_receiving_rec,away_receiving_prgr,away_performance_crdy.1,away_performance_crdr.1,away_performance_2crdy,away_performance_fls,away_performance_fld,away_performance_off,away_performance_crs,away_performance_int.1,away_performance_tklw,away_performance_pkwon,away_performance_pkcon,away_performance_og,away_performance_recov,away_aerial_duels_won,away_aerial_duels_lost,away_aerial_duels_won%,home,away,date
0,0,0,996,10,3,12,1.1,1.1,0.9,29,3,811,906,89.5,53,789,29,13,6,906,89.5,12404,3405,455,480,94.8,287,313,91.7,46,68,67.6,2,0.9,0.8,13,48,12,2,53,906,864,41,8,2,5,14,16,8,811,1,9,10,8,7,3,0,4,13,30.8,9,12,2,10,3,13,10,0,996,62,242,505,254,24,996,13,6,46.2,7,53.8,789,3878,2038,29,35,4,13,9,810,53,1,0,0,5,6,1,14,3,8,0,0,0,52,12,16,42.9,0,0,0,457,16,12,12,1.1,1.1,1.0,14,0,250,349,71.6,26,193,11,13,9,349,71.6,4809,2142,117,141,83.0,94,115,81.7,33,69,47.8,0,1.0,0.8,7,28,7,3,26,349,308,36,6,1,2,16,14,5,250,5,10,16,10,8,6,2,7,13,53.8,6,12,6,6,12,28,26,0,457,72,171,163,128,13,457,13,9,69.2,4,30.8,193,1011,534,11,7,2,8,6,249,26,1,0,0,6,4,5,16,12,10,0,0,0,50,16,12,57.1,Manchester City,Sheffield Utd,December-29-2019
0,0,0,518,20,16,10,2.2,2.2,1.0,24,0,262,403,65.0,18,229,16,13,9,403,65.0,5199,2080,101,122,82.8,109,149,73.2,43,102,42.2,0,1.0,1.3,9,16,5,0,18,403,353,49,10,2,7,26,24,5,262,1,8,20,15,7,11,2,11,22,50.0,11,10,1,9,16,36,19,3,518,48,122,282,118,23,518,13,9,69.2,4,30.8,229,1373,747,16,12,2,15,11,258,18,2,0,0,13,8,1,26,16,15,0,0,0,62,33,29,53.2,0,0,0,639,15,12,8,0.7,0.7,0.5,11,2,382,517,73.9,37,307,16,22,11,517,73.9,6046,2489,203,237,85.7,136,169,80.5,31,83,37.3,1,0.5,0.5,4,18,7,1,37,517,463,53,13,3,1,17,25,6,382,1,13,15,8,7,8,0,4,13,30.8,9,8,4,4,12,27,35,2,639,71,241,300,106,19,639,22,11,50.0,11,50.0,307,1614,868,16,14,5,16,9,381,37,0,0,0,9,13,1,17,12,8,0,0,0,58,29,33,46.8,Burnley,Crystal Palace,November-30-2019
1,1,0,599,20,16,11,1.4,0.6,0.4,20,2,362,486,74.5,38,294,20,24,13,486,74.5,5996,2018,180,215,83.7,141,174,81.0,30,67,44.8,0,0.4,0.4,7,25,4,1,38,486,438,47,8,2,2,10,28,4,362,1,8,20,12,5,12,3,8,30,26.7,22,11,2,9,16,36,18,0,599,54,179,271,155,21,598,24,13,54.2,11,45.8,294,1778,879,20,11,10,12,7,361,38,0,0,0,9,9,1,10,16,12,1,0,0,62,11,16,40.7,0,0,0,660,18,14,9,1.0,1.0,0.2,15,2,422,552,76.4,37,446,20,30,22,552,76.4,7142,2105,197,220,89.5,168,202,83.2,40,90,44.4,0,0.2,0.3,5,23,4,3,37,552,502,49,9,2,1,24,28,3,422,1,12,18,15,11,6,1,11,24,45.8,13,9,2,7,14,32,20,1,660,70,198,340,130,12,660,30,22,73.3,8,26.7,446,2046,1071,20,16,5,16,12,419,37,1,0,0,9,9,1,24,14,15,0,1,0,64,16,11,59.3,Manchester Utd,Tottenham,December-4-2019
1,1,0,773,16,13,6,2.5,1.7,1.4,35,7,596,689,86.5,56,541,37,13,11,689,86.5,9473,2733,292,325,89.8,235,258,91.1,39,58,67.2,3,1.4,1.4,14,38,16,2,56,689,644,41,12,3,4,21,13,8,596,4,6,16,9,6,8,2,8,14,57.1,6,6,1,5,13,29,9,1,773,56,181,351,250,37,772,13,11,84.6,2,15.4,541,2764,1587,37,22,12,8,8,593,56,0,0,0,3,11,4,21,13,9,0,1,0,51,15,12,55.6,1,1,0,424,10,11,9,1.8,1.1,0.6,9,2,232,317,73.2,13,193,9,14,6,317,73.2,4006,1858,114,133,85.7,80,100,80.0,28,61,45.9,1,0.6,0.2,3,19,0,0,13,317,276,37,6,0,1,9,15,3,232,4,4,10,4,7,2,1,2,13,15.4,11,9,5,4,11,21,19,0,424,82,182,144,101,11,423,14,6,42.9,8,57.1,193,1089,470,9,8,2,14,8,226,13,1,0,0,12,2,4,9,11,4,0,1,0,42,12,15,44.4,Manchester Utd,Bournemouth,July-4-2020
0,0,0,613,11,12,11,1.0,1.0,0.9,23,2,379,515,73.6,26,365,24,19,13,515,73.6,5889,1824,198,227,87.2,132,165,80.0,26,75,34.7,1,0.9,0.6,10,25,4,2,26,515,463,46,10,0,3,23,16,6,379,6,10,11,3,5,4,2,4,11,36.4,7,11,4,7,12,23,16,0,613,51,152,334,138,23,613,19,13,68.4,6,31.6,365,2094,1118,24,16,6,14,8,378,26,2,0,0,5,11,6,23,12,3,0,0,0,57,17,24,41.5,0,0,0,657,14,12,14,1.1,1.1,0.4,19,1,409,535,76.4,38,395,15,11,7,535,76.4,6691,2375,202,231,87.4,153,178,86.0,37,89,41.6,0,0.4,0.7,8,21,7,1,38,535,494,41,10,1,1,13,17,5,409,0,9,14,9,10,4,0,6,19,31.6,13,14,5,9,12,26,25,0,657,66,182,343,139,19,657,11,7,63.6,4,36.4,395,1726,853,15,14,2,23,7,409,38,3,0,0,11,5,0,13,12,9,0,0,0,46,24,17,58.5,Newcastle Utd,Watford,August-31-2019
0,0,0,585,16,10,12,0.7,0.7,0.6,21,0,360,473,76.1,44,375,22,14,8,473,76.1,6713,2620,153,185,82.7,154,193,79.8,45,73,61.6,0,0.6,1.0,6,32,12,3,44,473,418,53,12,1,3,33,28,6,360,2,8,16,8,4,8,4,8,18,44.4,10,12,3,9,10,26,24,0,585,57,174,243,170,24,585,14,8,57.1,6,42.9,375,1927,1038,22,10,4,19,8,354,43,1,0,0,8,11,2,33,10,8,0,0,0,53,18,24,42.9,0,0,0,631,14,9,9,0.4,0.4,0.4,20,0,404,509,79.4,34,395,15,18,10,509,79.4,6930,2638,202,231,87.4,144,162,88.9,46,85,54.1,0,0.4,0.5,10,24,7,1,34,509,456,51,10,0,0,14,22,7,404,2,10,14,9,9,4,1,6,14,42.9,8,9,3,6,9,23,34,0,631,84,259,231,145,20,631,18,10,55.6,8,44.4,395,1945,947,15,12,8,13,8,402,34,3,0,0,11,8,2,14,9,9,0,0,0,53,24,18,57.1,Bournemouth,Norwich City,October-19-2019
0,0,0,428,17,7,14,0.8,0.8,0.8,12,4,222,318,69.8,16,246,16,19,12,318,69.8,4075,1606,96,115,83.5,78,99,78.8,32,66,48.5,2,0.8,0.6,7,11,3,1,16,318,278,36,10,5,3,10,14,4,222,4,12,17,12,8,9,0,5,12,41.7,7,14,9,5,7,24,31,1,428,82,184,190,57,7,428,19,12,63.2,7,36.8,246,1283,639,16,10,3,10,5,221,16,2,0,0,15,10,4,10,7,12,0,0,0,47,14,21,40.0,0,0,0,858,12,8,14,1.8,1.8,0.8,42,0,661,752,87.9,54,509,29,12,7,752,87.9,10921,2964,326,346,94.2,262,296,88.5,58,78,74.4,0,0.8,1.0,17,49,10,6,54,752,699,53,17,0,7,33,16,13,661,0,7,12,6,1,8,3,7,19,36.8,12,14,3,11,8,20,8,0,858,30,114,480,272,26,858,12,7,58.3,5,41.7,509,2817,1497,29,28,7,17,12,658,54,1,0,0,10,15,0,33,8,6,0,0,1,47,21,14,60.0,Tottenham,Leicester City,July-19-2020
0,0,0,628,18,13,6,2.6,2.6,2.2,28,4,397,522,76.1,26,299,18,11,7,522,76.1,7318,2496,180,211,85.3,153,181,84.5,54,105,51.4,2,2.2,1.0,12,39,5,3,26,522,472,47,14,1,5,26,19,9,397,3,10,18,9,9,8,1,4,10,40.0,6,6,0,6,13,31,23,0,628,49,215,249,169,25,628,11,7,63.6,4,36.4,299,1607,774,18,6,6,13,6,392,26,1,0,0,12,10,3,26,13,9,0,0,0,50,29,35,45.3,0,0,0,549,10,11,8,0.7,0.7,0.7,9,0,331,452,73.2,32,275,14,10,6,452,73.2,6096,2268,153,189,81.0,121,144,84.0,44,86,51.2,0,0.7,0.3,4,25,3,0,32,452,392,56,14,0,9,17,29,5,331,4,6,10,6,3,7,0,4,11,36.4,7,8,4,4,11,21,29,0,549,47,144,269,139,12,549,10,6,60.0,4,40.0,275,1308,608,14,7,1,18,14,328,32,2,0,0,10,11,4,17,11,6,0,0,0,46,35,29,54.7,Leicester City,Sheffield Utd,July-16-2020
0,0,0,630,16,8,3,1.7,1.7,1.5,22,1,441,541,81.5,40,376,19,19,11,541,81.5,7960,2595,183,203,90.1,206,236,87.3,44,82,53.7,1,1.5,0.9,10,37,6,1,40,541,495,44,10,0,5,16,19,6,441,2,5,16,8,6,9,1,9,19,47.4,10,3,1,2,8,24,7,0,630,49,196,306,132,25,630,19,11,57.9,8,42.1,376,2076,1047,19,12,3,15,8,439,38,2,0,0,11,10,2,16,8,8,0,0,0,47,21,22,48.8,0,0,0,538,16,16,10,1.9,1.9,1.3,20,8,344,442,77.8,28,228,14,19,10,442,77.8,6630,2532,159,172,92.4,134,163,82.2,47,92,51.1,4,1.3,0.9,9,32,7,2,28,442,399,42,13,1,4,7,14,3,344,1,3,16,11,10,4,2,8,19,42.1,11,10,5,5,16,32,13,0,538,55,205,232,110,20,538,19,10,52.6,9,47.4,228,1342,611,14,5,7,13,7,340,28,0,0,0,10,11,1,7,16,11,0,0,0,49,22,21,51.2,Bournemouth,Newcastle Utd,July-1-2020
0,0,0,374,18,11,17,0.1,0.1,0.1,3,0,167,257,65.0,9,169,4,16,9,257,65.0,3034,1539,92,105,87.6,48,70,68.6,24,69,34.8,0,0.1,0.0,1,8,2,0,9,257,210,43,13,0,3,5,15,0,167,4,5,18,9,12,4,2,10,23,43.5,13,17,10,7,11,29,23,0,374,81,205,128,47,5,374,16,9,56.3,7,43.8,169,797,259,4,0,1,17,15,164,8,2,0,0,14,11,4,5,11,9,0,1,0,42,17,12,58.6,0,1,0,898,22,7,5,3.5,2.6,1.5,45,6,703,803,87.5,91,652,31,23,13,803,87.5,11464,3122,351,371,94.6,292,325,89.8,40,69,58.0,2,1.5,1.3,18,73,11,2,91,803,759,41,16,2,12,25,9,8,703,3,9,22,10,6,11,5,7,16,43.8,9,5,0,5,7,29,11,0,898,34,139,456,309,38,897,23,13,56.5,10,43.5,652,3066,1841,31,28,12,9,8,699,91,0,0,0,11,14,3,25,7,10,1,0,0,53,12,17,41.4,Watford,Manchester City,July-21-2020
1,1,0,746,30,9,19,2.5,1.7,0.9,47,2,465,616,75.5,63,364,20,11,8,616,75.5,7887,2582,219,258,84.9,201,252,79.8,36,77,46.8,0,0.9,0.8,18,39,14,4,63,616,556,59,10,0,3,24,35,4,465,1,9,30,20,10,17,3,14,26,53.8,12,19,2,17,9,39,15,1,746,31,152,402,197,36,745,11,8,72.7,3,27.3,364,1893,1063,20,14,8,18,5,461,63,1,0,0,8,8,1,24,9,20,1,0,0,60,22,26,45.8,0,0,0,483,8,15,15,1.2,1.2,1.1,9,6,202,339,59.6,21,234,6,26,12,339,59.6,3514,1875,103,132,78.0,68,97,70.1,25,71,35.2,3,1.1,0.2,4,20,0,0,21,339,284,53,8,0,2,10,22,5,202,2,20,8,6,6,2,0,3,11,27.3,8,15,8,7,15,23,27,1,483,87,205,207,77,13,483,26,12,46.2,14,53.8,234,1175,448,6,7,3,17,16,201,21,3,0,0,9,8,2,10,15,6,0,1,0,63,26,22,54.2,Southampton,Bournemouth,September-20-2019
0,0,0,607,17,14,10,1.8,1.8,0.4,15,1,387,508,76.2,35,294,13,19,13,508,76.2,6755,2382,171,202,84.7,151,185,81.6,45,78,57.7,0,0.4,0.4,6,25,9,3,35,508,442,65,12,1,2,24,30,7,387,1,9,17,10,7,8,2,5,20,25.0,15,10,2,8,14,31,12,0,607,51,152,296,165,15,607,19,13,68.4,6,31.6,294,1641,765,13,13,2,15,14,383,34,1,0,0,8,10,1,24,14,10,0,0,0,53,17,22,43.6,0,0,0,741,20,17,10,2.7,2.7,2.1,29,10,505,602,83.9,38,445,27,20,15,602,83.9,8441,2913,235,261,90.0,200,229,87.3,49,75,65.3,3,2.1,1.3,11,22,7,0,38,602,551,50,9,1,2,14,26,5,505,1,8,20,14,11,9,0,6,19,31.6,13,10,3,7,17,37,30,0,741,78,261,356,132,23,741,20,15,75.0,5,25.0,445,2682,1273,27,17,5,20,12,502,38,2,0,0,11,8,1,14,17,14,0,0,1,58,22,17,56.4,Wolves,Chelsea,September-14-2019
0,0,1,434,20,17,21,0.3,0.3,0.3,10,0,186,303,61.4,18,186,10,26,19,303,61.4,2981,1166,105,129,81.4,50,86,58.1,22,66,33.3,0,0.3,0.2,4,21,1,0,18,303,251,51,11,0,4,7,23,2,186,1,10,20,12,11,7,2,14,38,36.8,24,21,5,16,17,37,20,2,434,55,140,219,80,8,434,26,19,73.1,7,26.9,186,1098,495,10,14,3,17,19,185,18,0,1,0,3,11,1,7,17,12,0,1,0,58,10,10,50.0,1,1,0,886,26,5,10,4.7,3.9,2.7,43,16,648,766,84.6,83,588,25,38,24,766,84.6,11017,3549,299,330,90.6,284,324,87.7,54,76,71.1,4,2.7,1.8,16,69,10,2,83,766,724,42,2,3,2,26,25,7,648,0,18,26,15,11,10,5,7,26,26.9,19,10,1,9,5,31,9,0,886,36,203,420,270,38,885,38,24,63.2,14,36.8,588,2694,1433,25,18,11,13,6,644,83,0,0,0,12,3,0,26,5,15,1,0,0,70,10,10,50.0,Southampton,Leicester City,October-25-2019
0,0,0,593,15,11,15,1.3,1.3,1.0,20,2,387,490,79.0,30,354,15,24,18,490,79.0,6021,2038,220,250,88.0,118,135,87.4,34,67,50.7,0,1.0,0.7,9,38,3,0,30,490,444,43,15,3,3,10,18,3,387,3,10,15,11,9,6,0,10,22,45.5,12,15,8,7,11,26,19,2,593,55,177,315,116,11,593,24,18,75.0,6,25.0,354,1961,1003,15,12,3,7,7,383,29,2,0,0,7,14,3,10,11,11,0,0,0,56,20,20,50.0,0,0,0,582,13,10,10,1.6,1.6,1.1,25,3,384,485,79.2,42,292,21,22,12,485,79.2,7522,2916,137,159,86.2,161,192,83.9,66,94,70.2,1,1.1,0.7,11,24,7,5,42,485,435,48,9,0,1,22,17,11,384,2,8,13,8,2,6,5,6,24,25.0,18,10,1,9,10,23,13,2,582,47,156,281,151,22,582,22,12,54.5,10,45.5,292,1625,925,21,11,9,14,5,381,41,4,0,0,14,7,2,22,10,8,0,0,0,55,20,20,50.0,Norwich City,Wolves,December-21-2019
0,0,0,649,7,9,9,2.0,2.0,1.8,41,2,439,555,79.1,54,369,27,10,9,555,79.1,8468,2915,170,196,86.7,213,245,86.9,52,88,59.1,1,1.8,1.9,17,33,15,7,54,555,490,60,14,1,5,31,27,10,439,5,14,7,6,3,3,1,2,5,40.0,3,9,4,5,9,16,18,1,649,51,201,270,181,25,649,10,9,90.0,1,10.0,369,2012,1120,27,14,7,14,14,437,54,0,0,0,10,13,5,31,9,6,0,1,0,56,28,21,57.1,1,1,0,441,15,11,16,1.6,0.9,0.8,21,2,229,328,69.8,23,267,17,5,3,328,69.8,4038,1879,123,140,87.9,73,94,77.7,25,74,33.8,0,0.8,0.5,10,19,10,2,23,328,280,46,14,0,3,14,14,5,229,2,8,15,9,8,6,1,1,10,10.0,9,16,5,11,11,26,26,1,441,80,175,142,132,18,440,5,3,60.0,2,40.0,267,1261,597,17,13,4,17,5,227,22,2,0,0,13,10,2,14,11,9,1,0,0,46,21,28,42.9,Aston Villa,Bournemouth,August-17-2019
0,0,0,492,21,12,15,0.3,0.3,0.3,6,4,275,370,74.3,26,304,11,15,9,370,74.3,4398,1552,153,164,93.3,90,116,77.6,22,64,34.4,2,0.3,0.2,3,18,5,0,26,370,333,35,14,1,1,6,11,2,275,2,6,21,13,15,6,0,12,22,54.5,10,15,8,7,12,33,32,1,492,89,222,206,71,10,492,15,9,60.0,6,40.0,304,1515,719,11,7,2,13,9,272,26,2,0,0,8,13,2,6,12,13,0,1,0,48,8,13,38.1,0,1,1,838,15,12,5,2.8,2.0,1.2,33,0,634,739,85.8,74,606,30,22,10,739,85.8,10501,2991,296,329,90.0,258,289,89.3,56,73,76.7,0,1.2,2.0,12,59,14,1,74,739,702,37,9,2,7,24,18,6,634,0,11,15,9,7,6,2,6,15,40.0,9,5,0,5,12,27,14,0,838,32,126,466,252,50,837,22,10,45.5,12,54.5,606,3073,1655,30,26,12,12,9,634,74,5,1,1,14,6,0,24,12,9,1,0,0,53,13,8,61.9,Tottenham,Manchester City,February-2-2020
0,0,2,482,6,8,10,0.3,0.3,0.2,11,0,290,386,75.1,11,296,10,13,7,386,75.1,5195,1989,129,145,89.0,105,118,89.0,42,93,45.2,0,0.2,0.1,4,13,0,0,11,386,332,53,16,0,1,11,12,6,290,1,9,6,4,5,1,0,1,5,20.0,4,10,8,2,8,14,30,1,482,112,238,195,54,7,482,13,7,53.8,6,46.2,296,1576,689,10,8,2,12,7,286,11,0,2,0,9,15,1,11,8,4,0,0,1,38,23,29,44.2,0,0,0,616,13,7,9,1.8,1.8,1.5,42,2,434,531,81.7,57,415,21,5,4,531,81.7,7424,2537,195,208,93.8,162,194,83.5,50,86,58.1,1,1.5,1.5,18,41,20,5,57,531,488,42,8,1,4,35,21,8,434,1,9,13,7,4,5,4,6,13,46.2,7,9,2,7,7,20,10,0,616,26,90,277,256,39,616,5,4,80.0,1,20.0,415,1740,916,21,27,2,7,5,434,57,0,0,0,16,8,1,35,7,7,0,0,0,44,29,23,55.8,Norwich City,Burnley,July-18-2020
0,0,0,661,15,7,7,2.0,2.0,2.0,21,10,433,548,79.0,36,438,22,21,13,548,79.0,7664,2743,199,229,86.9,175,203,86.2,47,90,52.2,5,2.0,1.4,10,29,11,1,36,548,487,58,20,5,6,12,23,5,433,3,5,15,11,7,8,0,7,15,46.7,8,7,1,6,7,22,26,0,661,75,245,302,118,19,661,21,13,61.9,8,38.1,438,1969,986,22,11,4,17,11,432,36,1,0,0,13,16,3,12,7,11,0,0,0,48,25,27,48.1,0,0,0,503,19,14,6,1.5,1.5,1.0,20,3,271,395,68.6,36,224,16,15,8,395,68.6,5066,2016,116,144,80.6,125,155,80.6,27,75,36.0,1,1.0,1.1,7,18,6,2,36,395,338,54,15,3,3,26,22,6,271,3,7,19,13,6,10,3,8,21,38.1,13,6,3,3,14,33,17,1,503,45,160,237,113,21,503,15,8,53.3,7,46.7,224,1240,562,16,18,2,18,8,269,36,2,0,0,17,12,3,26,14,13,0,0,0,53,27,25,51.9,Liverpool,Everton,December-4-2019
0,0,0,635,13,12,11,1.3,1.3,1.3,16,6,442,527,83.9,46,409,21,19,7,527,83.9,7874,2822,191,201,95.0,201,230,87.4,41,64,64.1,3,1.3,0.9,9,38,6,2,46,527,477,48,14,2,7,15,16,6,442,2,13,13,9,7,5,1,7,13,53.8,6,11,1,10,12,25,20,1,635,62,207,288,146,20,635,19,7,36.8,12,63.2,409,2148,1069,21,10,9,9,9,438,46,0,0,0,12,12,2,15,12,9,0,0,0,51,9,18,33.3,0,0,0,597,21,14,11,2.8,2.8,2.6,24,2,417,505,82.6,36,412,21,13,6,505,82.6,7469,2627,178,197,90.4,192,212,90.6,36,61,59.0,1,2.6,1.2,14,27,9,6,36,505,457,46,14,1,3,23,19,3,417,2,14,21,12,11,5,5,12,19,63.2,7,11,0,11,14,35,10,1,597,71,194,246,166,27,597,13,6,46.2,7,53.8,412,1988,1005,21,21,6,9,6,415,36,4,0,0,12,12,2,23,14,12,0,0,0,52,18,9,66.7,Arsenal,Everton,February-23-2020
0,0,0,536,17,23,7,0.3,0.3,0.3,9,0,293,400,73.3,17,295,10,12,6,400,73.3,4651,2021,150,170,88.2,98,128,76.6,25,65,38.5,0,0.3,0.5,5,14,3,0,17,400,358,41,11,2,1,3,18,2,293,1,15,17,12,15,2,0,11,16,68.8,5,7,4,3,23,40,36,0,536,121,306,175,59,11,536,12,6,50.0,6,50.0,295,1395,735,10,6,4,13,10,291,17,1,0,0,5,11,1,3,23,12,0,0,0,66,9,12,42.9,0,0,0,777,16,5,14,2.1,2.1,1.1,28,2,556,685,81.2,60,531,30,16,5,685,81.2,9383,2691,286,325,88.0,197,230,85.7,58,95,61.1,1,1.1,1.2,13,42,17,2,60,685,638,47,6,1,10,30,28,7,556,0,6,16,11,6,4,6,6,12,50.0,6,14,0,14,5,21,8,0,777,30,116,394,275,40,777,16,5,31.3,11,68.8,531,2808,1529,30,23,11,16,6,553,60,2,0,0,11,5,0,30,5,11,0,0,0,66,12,9,57.1,Norwich City,Liverpool,February-15-2020
0,0,0,555,15,16,11,1.1,1.1,0.5,28,0,309,412,75.0,27,296,20,14,9,412,75.0,5545,2134,137,163,84.0,122,148,82.4,38,73,52.1,0,0.5,0.5,11,26,5,2,27,412,363,46,13,0,4,27,14,8,309,3,5,15,12,11,3,1,4,16,25.0,12,11,6,5,16,31,39,0,555,73,190,238,135,20,555,14,9,64.3,5,35.7,296,1547,807,20,13,3,14,5,307,26,2,0,0,10,15,3,27,16,12,0,0,0,49,22,25,46.8,0,0,0,647,10,10,9,2.3,2.3,2.0,34,0,418,530,78.9,31,381,18,16,12,530,78.9,6778,2424,212,235,90.2,154,187,82.4,34,77,44.2,0,2.0,1.4,12,31,5,0,31,530,483,47,13,2,2,25,14,12,418,0,7,10,7,4,3,3,5,14,35.7,9,9,6,3,10,20,24,0,647,75,193,285,174,37,647,16,12,75.0,4,25.0,381,2251,1056,18,15,10,14,11,416,31,1,0,0,15,10,0,25,10,7,0,0,0,51,25,22,53.2,Newcastle Utd,Norwich City,February-1-2020
0,0,0,567,19,8,14,0.9,0.9,0.8,24,2,364,451,80.7,35,319,23,21,15,451,80.7,6361,2199,160,174,92.0,139,161,86.3,41,73,56.2,1,0.8,1.0,10,31,7,3,35,451,396,48,9,1,5,22,21,9,364,7,6,19,9,10,6,3,8,15,53.3,7,14,6,8,8,27,15,1,567,76,216,207,150,23,567,21,15,71.4,6,28.6,319,1971,1144,23,12,6,23,5,360,35,3,0,0,10,10,7,22,8,9,0,0,0,42,11,21,34.4,0,0,0,564,11,6,8,1.9,1.9,1.5,34,4,361,453,79.7,32,291,20,15,7,453,79.7,6287,2524,161,184,87.5,136,157,86.6,44,73,60.3,1,1.5,0.9,16,27,4,1,32,453,405,48,16,0,1,21,16,9,361,0,10,11,7,3,7,1,6,21,28.6,15,8,3,5,6,17,25,0,564,62,174,257,138,28,564,15,7,46.7,8,53.3,291,1761,948,20,15,9,13,11,358,32,1,0,0,11,9,0,21,6,7,0,0,0,55,21,11,65.6,Arsenal,Brighton,December-5-2019
0,0,0,834,20,7,10,0.7,0.7,0.6,29,0,593,720,82.4,59,543,26,28,16,720,82.4,10076,3123,258,294,87.8,279,310,90.0,40,75,53.3,0,0.6,0.7,10,36,8,1,59,720,662,58,14,1,3,29,24,12,593,0,15,20,13,4,12,4,8,20,40.0,12,10,1,9,7,27,13,0,834,41,182,446,213,27,834,28,16,57.1,12,42.9,543,2335,1307,26,21,7,13,7,589,57,0,0,0,3,11,0,29,7,13,0,0,0,63,24,21,53.3,0,0,0,482,19,9,18,0.7,0.7,0.7,14,0,230,331,69.5,14,194,16,20,12,331,69.5,4109,1995,117,138,84.8,60,87,69.0,37,67,55.2,0,0.7,0.4,8,12,2,0,14,331,277,53,3,0,4,6,32,3,230,1,10,19,11,14,4,1,12,28,42.9,16,18,5,13,9,28,35,0,482,69,212,193,81,13,482,20,12,60.0,8,40.0,194,1038,606,16,10,4,25,12,229,14,2,0,0,13,3,1,6,9,11,0,0,0,52,21,24,46.7,Leicester City,Wolves,August-11-2019
1,1,1,570,14,9,9,2.8,2.0,1.3,33,5,353,459,76.9,41,330,17,10,7,459,76.9,6172,2263,172,191,90.1,127,155,81.9,42,82,51.2,1,1.3,1.2,14,30,6,1,41,459,418,40,11,0,5,21,19,6,353,1,8,14,10,7,6,1,9,19,47.4,10,9,6,3,9,23,23,0,570,54,154,243,187,32,569,10,7,70.0,3,30.0,330,1887,927,17,15,5,11,8,351,40,5,1,1,16,9,1,21,9,10,1,0,0,60,14,21,40.0,0,0,0,602,11,11,17,0.7,0.7,0.6,22,0,384,484,79.3,45,316,17,19,10,484,79.3,6884,2284,169,196,86.2,173,201,86.1,38,71,53.5,0,0.6,0.7,9,30,9,4,45,484,430,51,17,0,3,22,21,3,384,3,3,11,6,6,3,2,3,10,30.0,7,17,9,8,11,22,22,2,602,64,198,251,157,20,602,19,10,52.6,9,47.4,316,1997,1124,17,17,3,16,5,379,44,1,0,0,9,15,3,22,11,6,0,1,0,52,21,14,60.0,Watford,Aston Villa,December-28-2019
0,0,0,649,16,11,25,1.1,1.1,1.0,11,4,417,515,81.0,28,382,10,20,5,515,81.0,6344,2056,237,263,90.1,138,155,89.0,25,64,39.1,2,1.0,0.9,5,24,6,1,28,515,469,46,9,1,2,7,22,1,417,0,7,16,7,7,7,2,3,24,12.5,21,25,10,15,11,27,29,0,649,90,291,265,98,13,649,20,5,25.0,15,75.0,382,1702,874,10,6,2,13,11,412,28,1,0,0,9,7,0,7,11,7,0,0,0,59,11,17,39.3,0,0,0,714,26,11,7,1.5,1.5,1.3,45,6,488,593,82.3,52,457,28,24,21,593,82.3,7906,2307,240,262,91.6,194,225,86.2,37,62,59.7,3,1.3,1.2,20,34,14,4,52,593,543,50,9,1,3,18,27,8,488,0,16,26,18,15,8,3,15,20,75.0,5,7,0,7,11,37,9,0,714,44,162,341,222,30,714,24,21,87.5,3,12.5,457,2463,1293,28,24,6,19,13,486,52,1,0,0,9,8,0,18,11,18,0,0,0,63,17,11,60.7,Norwich City,Chelsea,August-24-2019
0,0,0,554,12,10,16,2.4,2.4,2.0,19,2,324,427,75.9,28,348,16,12,9,427,75.9,5933,2377,130,146,89.0,134,159,84.3,45,87,51.7,1,2.0,1.0,10,19,10,2,28,427,376,46,15,1,5,19,13,6,324,5,9,12,7,6,5,1,8,17,47.1,9,16,7,9,10,22,39,2,554,99,247,206,107,17,554,12,9,75.0,3,25.0,348,1884,970,16,11,5,16,8,322,27,1,0,0,7,15,5,19,10,7,0,0,0,50,12,14,46.2,0,0,0,648,11,11,9,2.5,2.5,2.1,34,5,427,538,79.4,55,406,27,17,9,538,79.4,8467,3137,176,203,86.7,177,211,83.9,63,98,64.3,3,2.1,1.9,17,34,14,2,55,538,481,57,12,3,13,32,25,10,427,0,10,11,4,4,5,2,3,12,25.0,9,9,3,6,11,22,21,1,648,58,197,261,198,37,648,17,9,52.9,8,47.1,406,2051,1093,27,18,10,15,4,427,55,4,0,0,15,7,0,32,11,4,0,0,0,55,14,12,53.8,Brighton,Liverpool,July-8-2020
1,1,0,723,24,8,5,2.1,1.4,1.3,25,7,491,612,80.2,53,479,23,24,9,612,80.2,8796,3109,217,254,85.4,196,223,87.9,59,82,72.0,2,1.3,1.1,13,37,11,2,53,612,547,62,13,2,6,29,34,9,491,3,14,24,13,6,16,2,10,15,66.7,5,5,0,5,8,32,14,0,723,47,185,347,194,37,722,24,9,37.5,15,62.5,479,2167,1110,23,18,10,17,8,490,53,2,0,0,15,11,3,29,8,13,0,0,0,56,18,15,54.5,0,0,0,470,23,10,7,0.5,0.5,0.4,7,0,234,344,68.0,18,190,11,15,5,344,68.0,4037,1788,119,143,83.2,82,110,74.5,25,65,38.5,0,0.4,0.3,3,10,1,0,18,344,282,60,18,0,2,10,27,0,234,2,7,23,16,13,9,1,15,24,62.5,9,7,1,6,10,33,30,1,470,70,186,230,59,4,470,15,5,33.3,10,66.7,190,1029,445,11,9,0,14,14,232,18,1,0,0,12,15,2,10,10,16,0,1,0,63,15,18,45.5,Leicester City,Aston Villa,March-9-2020
0,0,0,463,21,13,7,0.9,0.9,0.9,16,2,233,334,69.8,23,197,9,6,3,334,69.8,4160,1973,126,148,85.1,69,93,74.2,32,68,47.1,1,0.9,1.0,7,22,8,2,23,334,280,53,13,0,1,19,27,7,233,1,6,21,14,14,4,3,9,29,31.0,20,7,2,5,13,34,27,0,463,68,159,163,146,23,463,6,3,50.0,3,50.0,197,908,421,9,6,3,15,14,233,23,4,0,0,10,11,1,19,13,14,0,0,0,46,27,14,65.9,0,0,0,788,17,5,7,1.0,1.0,0.9,16,0,581,693,83.8,67,471,29,29,20,693,83.8,10681,3155,245,274,89.4,241,273,88.3,74,105,70.5,0,0.9,0.9,7,42,15,3,67,693,637,55,10,4,9,30,24,12,581,1,7,17,6,11,5,1,3,6,50.0,3,7,1,6,5,22,11,0,788,79,247,307,239,27,788,29,20,69.0,9,31.0,471,2835,1501,29,17,9,16,12,576,67,4,0,0,12,8,1,30,5,6,0,0,0,53,14,27,34.1,Sheffield Utd,Arsenal,October-21-2019
0,0,0,483,8,12,10,1.4,1.4,1.4,17,4,226,332,68.1,21,242,9,18,12,332,68.1,4148,1965,112,146,76.7,77,100,77.0,33,63,52.4,2,1.4,1.0,9,15,7,3,21,332,291,40,7,0,0,11,17,4,226,1,10,8,4,1,7,0,1,12,8.3,11,10,5,5,12,20,55,0,483,98,188,210,88,14,483,18,12,66.7,6,33.3,242,1211,522,9,8,2,18,12,223,20,2,0,0,8,5,1,11,12,4,0,0,0,57,19,23,45.2,0,0,0,993,18,11,9,2.0,2.0,1.2,41,2,743,878,84.6,75,756,25,12,11,878,84.6,11647,3597,409,451,90.7,269,308,87.3,50,81,61.7,0,1.2,1.3,17,57,18,7,75,878,824,52,8,1,1,44,22,14,743,2,11,18,9,6,6,6,6,18,33.3,12,9,1,8,11,29,21,1,993,52,224,470,304,42,993,12,11,91.7,1,8.3,756,3151,1459,25,19,4,10,7,740,74,2,0,0,5,8,2,44,11,9,0,0,0,63,23,19,54.8,Bournemouth,Chelsea,February-29-2020
0,0,0,431,13,6,16,0.5,0.5,0.3,16,0,226,346,65.3,15,205,12,8,7,346,65.3,4507,2150,99,126,78.6,80,111,72.1,43,82,52.4,0,0.3,0.5,6,19,5,4,15,346,295,46,11,1,3,24,18,5,226,5,8,13,9,7,5,1,5,19,26.3,14,16,7,9,6,19,12,1,431,55,155,197,87,17,431,8,7,87.5,1,12.5,205,1153,609,12,8,1,12,5,224,15,4,0,0,17,8,5,24,6,9,0,0,0,52,21,18,53.8,0,0,0,632,6,2,6,2.2,2.2,1.5,22,3,429,537,79.9,52,361,28,19,14,537,79.9,7221,2360,210,229,91.7,181,211,85.8,32,68,47.1,2,1.5,0.7,8,34,9,1,52,537,481,54,19,4,4,8,21,4,429,2,9,6,3,0,6,0,1,8,12.5,7,6,2,4,2,8,23,0,632,59,183,300,156,23,632,19,14,73.7,5,26.3,361,2396,1407,28,22,7,15,8,423,52,3,0,0,10,17,2,8,2,3,0,0,0,51,18,21,46.2,Burnley,Manchester Utd,December-28-2019
0,0,0,700,8,11,15,0.4,0.4,0.2,20,0,450,587,76.7,54,481,27,22,9,587,76.7,7019,2540,253,291,86.9,163,199,81.9,30,70,42.9,0,0.2,0.7,6,29,5,1,54,587,529,58,17,0,4,21,25,5,450,0,14,8,6,3,5,0,3,13,23.1,10,15,7,8,11,19,16,1,700,60,212,325,170,17,700,22,9,40.9,13,59.1,481,2333,1310,27,18,5,22,14,446,54,1,0,0,3,13,0,21,11,6,0,0,0,54,29,41,41.4,0,0,0,576,27,7,14,2.1,2.1,1.4,32,3,314,451,69.6,35,289,22,13,10,451,69.6,5228,2149,161,194,83.0,104,137,75.9,32,73,43.8,2,1.4,1.0,14,19,9,4,35,451,410,36,3,3,3,18,16,5,314,5,9,27,15,14,12,1,13,22,59.1,9,14,2,12,7,34,37,0,576,70,183,277,125,25,576,13,10,76.9,3,23.1,289,1532,902,22,17,6,8,5,314,35,1,0,0,13,3,5,18,7,15,0,0,0,62,41,29,58.6,Bournemouth,Watford,January-12-2020
0,0,0,519,15,9,9,0.9,0.9,0.6,17,3,266,399,66.7,24,258,11,20,7,399,66.7,4411,2246,142,179,79.3,85,123,69.1,25,69,36.2,2,0.6,0.3,6,20,3,0,24,399,346,53,16,0,2,12,21,4,266,0,7,15,7,10,4,1,5,16,31.3,11,9,3,6,9,24,20,0,519,49,160,248,113,13,519,20,7,35.0,13,65.0,258,1163,592,11,4,5,12,9,265,24,2,0,0,17,13,0,12,9,7,0,0,0,61,33,26,55.9,0,0,1,594,22,10,9,3.0,3.0,1.4,20,4,355,490,72.4,39,348,18,16,11,490,72.4,6484,2474,153,190,80.5,154,187,82.4,38,85,44.7,2,1.4,0.8,8,30,8,4,39,490,438,50,16,0,4,26,18,4,355,2,7,22,14,15,7,0,13,20,65.0,7,9,3,6,10,32,21,1,594,60,190,276,136,19,594,16,11,68.8,5,31.3,348,1859,900,18,16,2,14,10,355,39,4,1,1,14,17,2,26,10,14,0,0,0,59,26,33,44.1,Watford,Everton,February-1-2020
0,0,1,550,13,5,6,1.0,1.0,0.9,23,1,343,450,76.2,23,309,21,20,13,450,76.2,5593,2263,162,193,83.9,116,147,78.9,34,60,56.7,1,0.9,0.8,10,19,7,4,23,450,397,52,17,0,2,22,21,3,343,1,7,13,9,8,5,0,5,16,31.3,11,6,3,3,5,18,29,1,550,62,167,284,106,21,550,20,13,65.0,7,35.0,309,1826,977,21,13,5,13,11,339,22,2,1,0,8,15,1,22,5,9,0,0,0,45,30,24,55.6,0,0,0,692,18,7,9,2.1,2.1,1.6,25,2,481,583,82.5,52,398,27,16,11,583,82.5,8994,2584,180,211,85.3,223,246,90.7,62,94,66.0,0,1.6,1.8,12,28,12,4,52,583,539,43,9,2,4,26,18,6,481,1,5,18,12,8,8,2,7,20,35.0,13,9,4,5,7,25,19,0,692,47,157,379,160,26,692,16,11,68.8,5,31.3,398,2235,1275,27,20,6,13,8,481,52,2,0,0,16,8,1,26,7,12,0,0,0,49,24,30,44.4,Newcastle Utd,Wolves,October-27-2019
0,0,0,654,19,11,11,1.2,1.2,1.0,32,4,463,535,86.5,45,400,23,17,9,535,86.5,7423,2190,241,257,93.8,190,209,90.9,25,46,54.3,2,1.0,0.9,15,41,14,4,45,535,485,49,11,2,2,16,27,5,463,1,9,19,9,8,5,6,10,20,50.0,10,11,3,8,11,30,20,0,654,51,128,334,197,36,654,17,9,52.9,8,47.1,400,2178,1279,23,16,10,19,10,452,45,1,0,0,10,10,1,16,11,9,0,0,0,46,8,4,66.7,0,0,0,626,18,7,11,1.1,1.1,0.9,14,0,430,524,82.1,40,382,20,20,10,524,82.1,7723,2620,178,194,91.8,198,233,85.0,47,76,61.8,0,0.9,1.1,6,33,10,2,40,524,474,48,11,2,8,16,19,4,430,2,9,18,13,8,9,1,8,17,47.1,9,11,3,8,7,25,15,1,626,87,257,248,131,15,626,20,10,50.0,10,50.0,382,2441,1271,20,16,1,16,9,429,40,1,0,0,10,10,2,16,7,13,0,0,0,49,4,8,33.3,Leicester City,Arsenal,November-9-2019
1,1,0,825,11,7,8,1.7,0.9,0.4,18,4,614,740,83.0,51,520,39,21,15,740,83.0,10292,2863,297,327,90.8,258,298,86.6,46,88,52.3,1,0.4,0.5,6,36,10,0,51,740,682,56,17,0,4,27,24,9,614,2,8,11,10,5,6,0,5,11,45.5,6,8,2,6,7,18,9,0,825,41,203,430,199,30,824,21,15,71.4,6,28.6,520,3464,1983,39,27,5,10,6,607,50,0,0,0,9,15,2,27,7,10,1,0,0,52,15,19,44.1,0,0,0,395,12,11,11,1.4,1.4,1.4,10,2,177,287,61.7,18,146,6,11,6,287,61.7,3538,1625,70,97,72.2,80,106,75.5,25,70,35.7,1,1.4,0.3,5,17,2,2,18,287,252,33,11,1,2,11,9,1,177,2,6,12,9,6,5,1,6,21,28.6,15,11,6,5,11,23,36,0,395,74,190,143,65,13,395,11,6,54.5,5,45.5,146,829,302,6,3,4,8,6,176,18,1,0,0,16,9,2,11,11,9,0,1,0,53,19,15,55.9,Southampton,Sheffield Utd,July-26-2020
0,0,0,548,13,16,8,1.6,1.6,0.9,22,5,298,438,68.0,44,220,9,12,8,438,68.0,4876,1776,157,180,87.2,98,129,76.0,30,83,36.1,2,0.9,0.7,8,26,5,2,44,438,387,48,11,0,4,28,22,6,298,3,15,13,9,5,7,1,9,18,50.0,9,8,2,6,16,29,21,1,548,45,153,227,171,15,548,12,8,66.7,4,33.3,220,1019,466,9,13,1,10,6,298,44,1,0,0,13,9,3,28,16,9,0,0,0,67,22,23,48.9,0,0,0,755,10,9,9,1.3,1.3,1.2,22,6,508,632,80.4,48,410,26,18,9,632,80.4,8794,2809,239,276,86.6,218,258,84.5,46,78,59.0,2,1.2,0.8,9,35,4,0,48,632,575,56,16,0,9,11,26,3,508,1,6,10,6,7,2,1,4,12,33.3,8,9,1,8,9,19,28,1,755,62,211,392,158,15,755,18,9,50.0,9,50.0,410,2358,1365,26,18,6,20,4,504,48,2,0,0,10,13,1,11,9,6,0,0,0,60,23,22,51.1,Sheffield Utd,Manchester Utd,November-24-2019
0,0,0,635,25,9,10,1.4,1.4,1.3,27,4,395,521,75.8,31,400,14,14,7,521,75.8,6829,2502,173,211,82.0,178,199,89.4,32,71,45.1,2,1.3,0.7,12,28,7,0,31,521,470,50,13,5,2,16,24,4,395,1,9,25,17,10,13,2,7,23,30.4,16,10,3,7,9,34,18,1,635,78,248,263,132,19,635,14,7,50.0,7,50.0,400,1731,829,14,9,6,19,8,392,31,2,0,0,16,14,1,16,9,17,0,0,0,69,17,17,50.0,0,0,0,645,15,9,12,0.6,0.6,0.4,13,3,410,532,77.1,27,365,15,23,16,532,77.1,6857,2268,184,217,84.8,156,189,82.5,43,82,52.4,2,0.4,0.8,4,26,7,1,27,532,470,61,16,2,4,14,29,6,410,1,7,15,8,7,6,2,7,14,50.0,7,12,5,7,9,24,20,0,645,61,209,309,135,18,645,23,16,69.6,7,30.4,365,1904,909,15,10,1,24,18,410,27,2,0,0,14,14,1,14,9,8,0,0,0,68,17,17,50.0,Leicester City,Chelsea,February-1-2020
0,0,0,910,10,7,6,1.1,1.1,0.8,31,0,724,828,87.4,77,705,37,17,12,828,87.4,11966,3068,365,393,92.9,306,348,87.9,45,63,71.4,0,0.8,1.4,13,66,13,3,77,828,783,44,9,2,6,36,23,6,724,1,13,10,6,4,5,1,6,9,66.7,3,6,3,3,7,17,6,0,910,32,108,445,363,27,910,17,12,70.6,5,29.4,705,3596,1907,37,35,2,18,10,721,77,2,0,0,10,5,1,36,7,6,0,0,0,38,10,16,38.5,0,0,0,363,15,11,17,0.8,0.8,0.8,16,2,160,219,73.1,7,157,9,9,3,219,73.1,2789,1370,72,82,87.8,43,54,79.6,25,53,47.2,1,0.8,0.5,7,11,4,0,7,219,174,41,11,1,5,8,16,6,160,4,4,15,10,13,2,0,5,17,29.4,12,17,7,10,11,26,56,0,363,86,185,114,72,12,363,9,3,33.3,6,66.7,157,1043,553,9,7,2,22,4,159,7,2,0,0,5,10,4,8,11,10,0,0,0,37,16,10,61.5,Tottenham,Newcastle Utd,August-25-2019
0,0,0,509,22,5,9,2.1,2.1,1.7,23,2,324,412,78.6,25,298,16,16,10,412,78.6,6141,2201,141,157,89.8,132,157,84.1,45,80,56.3,1,1.7,0.7,14,23,4,0,25,412,365,45,11,1,2,13,16,6,324,2,9,22,13,11,8,3,3,18,16.7,15,9,3,6,5,27,22,0,509,64,158,258,99,15,509,16,10,62.5,6,37.5,298,1646,818,16,13,5,10,6,323,25,5,0,0,16,11,2,13,5,13,0,0,0,42,17,12,58.6,0,0,0,755,12,6,12,0.6,0.6,0.3,21,0,582,671,86.7,56,512,24,18,15,671,86.7,9997,2667,259,277,93.5,272,300,90.7,43,73,58.9,1,0.3,0.5,6,31,7,0,56,671,635,36,16,1,5,19,8,5,582,0,7,12,7,6,6,0,6,16,37.5,10,12,5,7,6,18,14,1,755,65,223,417,121,15,755,18,15,83.3,3,16.7,512,2923,1690,24,19,3,9,19,580,56,3,0,0,11,16,0,19,6,7,0,0,0,50,12,17,41.4,Tottenham,Arsenal,July-12-2020
0,0,0,620,9,14,8,1.1,1.1,1.0,34,2,378,497,76.1,39,312,18,20,13,497,76.1,6847,2609,173,200,86.5,146,180,81.1,53,89,59.6,0,1.0,0.9,15,34,9,6,39,497,440,55,17,0,4,27,23,7,378,2,11,9,5,5,4,0,0,6,0.0,6,8,4,4,14,23,23,1,620,62,192,258,176,28,620,20,13,65.0,7,35.0,312,1911,1020,18,14,4,23,9,374,37,2,0,0,16,15,2,27,14,5,0,0,0,40,34,17,66.7,0,0,0,501,16,3,15,2.9,2.9,1.5,28,5,257,388,66.2,25,202,16,6,6,388,66.2,4876,2042,120,143,83.9,94,127,74.0,37,92,40.2,1,1.5,1.4,9,18,4,2,25,388,334,51,15,1,6,22,21,5,257,3,6,16,13,8,6,2,7,20,35.0,13,15,5,10,3,19,25,0,501,71,173,227,107,22,501,6,6,100.0,0,0.0,202,1211,669,16,10,4,25,9,256,25,1,0,0,15,15,3,22,3,13,0,0,0,51,17,34,33.3,Aston Villa,Southampton,December-21-2019
0,0,0,585,16,15,7,0.3,0.3,0.2,13,2,352,486,72.4,45,263,19,14,11,486,72.4,6183,2187,178,197,90.4,100,145,69.0,55,99,55.6,1,0.2,0.8,4,29,13,5,45,486,425,60,10,1,8,32,31,7,352,1,14,16,13,8,4,4,6,15,40.0,9,7,4,3,15,31,16,1,585,41,131,219,241,21,585,14,11,78.6,3,21.4,263,1326,598,19,15,4,21,10,350,44,1,0,0,11,6,1,32,15,13,0,0,0,50,25,21,54.3,0,0,0,634,13,11,13,0.8,0.8,0.6,19,4,398,509,78.2,24,364,17,15,9,509,78.2,7281,2480,158,185,85.4,178,211,84.4,49,85,57.6,2,0.6,0.9,8,18,11,4,24,509,443,61,10,2,5,14,33,4,398,5,4,13,7,8,4,1,3,14,21.4,11,13,2,11,11,24,41,0,634,85,266,236,133,18,634,15,9,60.0,6,40.0,364,1837,1024,17,15,3,14,10,397,24,0,0,0,6,11,5,14,11,7,0,0,0,40,21,25,45.7,Sheffield Utd,Leicester City,August-24-2019
1,1,0,737,21,18,11,2.4,1.6,1.2,38,6,499,626,79.7,44,395,35,17,14,626,79.7,8445,2706,237,265,89.4,203,236,86.0,45,83,54.2,1,1.2,0.7,16,29,10,2,44,626,588,37,15,2,9,10,13,3,499,1,9,21,10,10,9,2,11,18,61.1,7,11,3,8,18,39,16,0,737,77,258,343,146,27,736,17,14,82.4,3,17.6,395,2470,1522,35,20,10,11,13,498,44,0,0,0,6,14,1,10,18,10,1,0,0,79,18,22,45.0,0,0,0,569,16,17,13,0.3,0.3,0.2,13,0,335,465,72.0,32,301,19,18,7,465,72.0,5563,2438,176,206,85.4,103,136,75.7,35,76,46.1,0,0.2,0.4,5,26,4,1,32,465,414,50,6,0,5,21,21,5,335,1,9,16,9,7,9,0,3,17,17.6,14,13,4,9,17,33,6,1,569,57,144,287,143,16,569,18,7,38.9,11,61.1,301,1524,812,19,19,3,19,10,333,32,1,0,0,15,6,1,21,17,9,0,1,0,59,22,18,55.0,Manchester Utd,Watford,February-23-2020
0,0,0,440,9,15,10,0.5,0.5,0.4,15,0,264,353,74.8,26,251,16,12,7,353,74.8,4610,1859,124,145,85.5,91,116,78.4,32,61,52.5,0,0.4,0.4,7,17,7,4,26,353,301,50,13,0,5,16,21,3,264,2,7,9,6,3,5,1,4,13,30.8,9,10,1,9,15,24,17,0,440,61,133,199,111,14,440,12,7,58.3,5,41.7,251,1460,747,16,5,3,7,6,259,24,2,0,0,7,13,2,16,15,6,0,1,0,40,6,13,31.6,1,1,0,766,11,12,9,2.4,1.6,1.5,26,4,590,677,87.1,61,439,23,13,9,677,87.1,9907,3169,316,340,92.9,221,240,92.1,52,77,67.5,2,1.5,1.2,12,52,16,0,61,677,635,41,7,4,5,17,19,5,590,1,10,11,5,6,3,2,5,12,41.7,7,9,3,6,12,23,11,1,766,54,241,317,213,31,765,13,9,69.2,4,30.8,439,2389,1247,23,18,9,13,5,588,60,3,0,0,13,7,1,17,12,5,1,0,0,41,13,6,68.4,Aston Villa,Manchester Utd,July-9-2020
0,0,0,526,17,7,7,2.5,2.5,2.4,20,3,291,432,67.4,30,236,24,13,13,432,67.4,4954,1965,138,166,83.1,107,142,75.4,29,86,33.7,3,2.4,1.2,11,16,8,4,30,432,383,48,12,2,2,23,21,7,291,1,7,17,10,8,8,1,5,7,71.4,2,7,1,6,7,24,25,0,526,58,168,210,151,25,526,13,13,100.0,0,0.0,236,1690,903,24,11,7,14,5,289,30,1,0,0,8,11,1,23,7,10,0,0,0,47,32,29,52.5,0,0,0,606,5,4,6,0.8,0.8,0.1,9,0,377,518,72.8,31,320,12,7,2,518,72.8,6848,2447,165,184,89.7,157,195,80.5,41,107,38.3,0,0.1,0.4,3,28,6,3,31,518,462,56,8,0,2,23,28,6,377,0,10,5,4,3,2,0,0,13,0.0,13,6,2,4,4,9,20,0,606,55,178,303,127,11,606,7,2,28.6,5,71.4,320,1651,830,12,8,1,14,12,375,31,2,0,0,12,8,0,23,4,4,0,0,0,55,29,32,47.5,Sheffield Utd,Burnley,November-2-2019
0,0,0,556,32,17,12,3.3,3.3,1.7,32,4,324,423,76.6,28,253,19,18,9,423,76.6,5676,2304,147,169,87.0,104,132,78.8,48,81,59.3,2,1.7,0.7,13,23,7,4,28,423,382,40,4,1,2,15,25,4,324,1,7,32,14,14,15,3,12,22,54.5,10,12,1,11,17,49,14,0,556,35,171,277,113,21,556,18,9,50.0,9,50.0,253,1491,697,19,9,2,18,7,322,28,2,0,0,11,6,1,15,17,14,0,0,0,60,12,7,63.2,0,0,0,733,16,8,10,0.4,0.4,0.4,12,0,529,627,84.4,37,517,21,22,10,627,84.4,8584,2693,250,279,89.6,210,233,90.1,40,65,61.5,0,0.4,0.4,6,34,6,0,37,627,577,50,12,0,4,8,27,1,529,0,13,16,9,6,5,5,9,18,50.0,9,10,4,6,8,24,11,0,733,47,215,380,142,10,733,22,10,45.5,12,54.5,517,2491,1377,21,16,1,20,20,526,36,3,0,0,6,11,0,8,8,9,0,0,0,54,7,12,36.8,Wolves,Norwich City,February-23-2020
0,0,0,681,12,11,6,1.7,1.7,1.5,14,4,426,577,73.8,67,283,20,13,7,577,73.8,8174,3189,204,241,84.6,162,207,78.3,54,102,52.9,2,1.5,1.1,5,46,16,3,67,577,524,50,9,0,10,30,29,3,426,3,10,12,7,5,4,3,1,4,25.0,3,6,1,5,11,23,18,0,681,42,140,308,238,34,681,13,7,53.8,6,46.2,283,1644,859,20,12,4,16,5,420,66,2,0,0,10,7,3,30,11,7,0,1,0,62,32,36,47.1,0,1,0,566,11,13,10,1.1,0.3,0.3,14,0,310,448,69.2,26,257,14,4,3,448,69.2,5894,2194,135,164,82.3,127,166,76.5,40,96,41.7,0,0.3,0.4,7,23,5,3,26,448,389,59,11,1,4,15,32,2,310,0,7,11,9,6,4,1,6,13,46.2,7,10,2,8,13,24,44,0,566,89,237,234,97,8,565,4,3,75.0,1,25.0,257,1622,793,14,6,1,15,11,307,26,2,0,0,9,8,0,15,13,9,0,0,0,57,36,32,52.9,Sheffield Utd,Aston Villa,December-14-2019
0,0,0,568,16,12,15,0.5,0.5,0.4,12,1,361,461,78.3,29,299,15,18,10,461,78.3,6152,2125,156,183,85.2,167,191,87.4,28,60,46.7,1,0.4,0.5,6,18,7,1,29,461,410,49,19,0,2,9,17,2,361,2,8,16,11,12,2,2,5,20,25.0,15,15,3,12,12,28,20,1,568,68,205,287,82,14,568,18,10,55.6,8,44.4,299,1644,833,15,7,2,12,9,356,29,5,0,0,13,18,2,9,12,11,0,0,0,52,16,15,51.6,0,0,0,724,17,16,6,1.4,1.4,1.2,25,4,516,633,81.5,50,501,22,20,15,633,81.5,8936,2577,237,270,87.8,212,240,88.3,51,81,63.0,2,1.2,0.8,10,36,7,2,50,633,581,51,15,0,6,23,25,3,516,1,14,17,10,7,10,0,8,18,44.4,10,6,0,6,16,33,12,0,724,53,178,380,176,24,724,20,15,75.0,5,25.0,501,2599,1335,22,20,6,9,11,515,50,4,0,0,19,13,1,23,16,10,0,0,0,55,15,16,48.4,Arsenal,Chelsea,December-29-2019
0,0,0,485,15,18,8,0.6,0.6,0.5,15,1,246,377,65.3,21,214,18,10,5,377,65.3,4216,1900,128,150,85.3,85,123,69.1,25,75,33.3,1,0.5,1.1,7,13,8,3,21,377,325,47,10,1,2,18,23,7,246,5,9,15,10,7,4,4,7,12,58.3,5,8,5,3,18,33,24,0,485,56,149,238,104,21,485,10,5,50.0,5,50.0,214,1469,732,18,13,5,9,4,246,21,2,0,0,5,12,5,18,18,10,0,0,0,56,28,32,46.7,0,0,1,610,9,7,8,1.3,1.3,0.9,19,0,392,529,74.1,42,385,18,12,5,529,74.1,6969,2463,163,200,81.5,152,188,80.9,53,97,54.6,0,0.9,0.5,9,21,4,1,42,529,478,50,9,0,5,25,22,9,392,1,5,9,8,4,4,1,5,10,50.0,5,8,2,6,7,16,16,1,610,59,200,276,140,20,610,12,5,41.7,7,58.3,385,2056,1087,18,12,7,9,8,387,41,3,1,1,12,5,1,25,7,8,0,0,0,51,32,28,53.3,Burnley,Everton,October-5-2019
0,0,0,827,13,6,9,1.9,1.9,1.6,46,4,595,701,84.9,60,503,24,28,16,701,84.9,8595,2996,310,340,91.2,217,242,89.7,23,49,46.9,2,1.6,1.6,20,32,17,5,60,701,658,43,9,1,8,26,19,9,595,0,11,13,8,7,2,4,8,18,44.4,10,9,5,4,6,19,16,0,827,57,198,404,233,43,827,28,16,57.1,12,42.9,503,2580,1459,24,28,8,15,10,592,60,2,0,0,18,9,0,26,6,8,0,0,0,62,16,20,44.4,0,0,0,557,22,20,20,1.0,1.0,0.9,18,2,302,396,76.3,29,273,9,18,10,396,76.3,5635,2335,140,153,91.5,122,153,79.7,38,77,49.4,1,0.9,0.6,8,23,9,5,29,396,342,53,18,1,4,23,19,5,302,1,5,22,9,10,11,1,12,28,42.9,16,20,9,11,20,42,30,1,557,80,192,234,134,14,557,18,10,55.6,8,44.4,273,1316,615,9,11,0,24,5,301,29,1,0,0,10,18,1,23,20,9,0,0,0,59,20,16,55.6,Chelsea,Aston Villa,December-4-2019
0,0,1,586,23,16,9,0.8,0.8,0.7,28,0,379,474,80.0,28,408,13,17,9,474,80.0,6571,2427,178,194,91.8,146,165,88.5,44,84,52.4,0,0.7,0.8,12,24,6,4,28,474,422,50,11,0,5,18,26,3,379,2,10,23,11,10,13,0,7,15,46.7,8,9,1,8,16,39,12,1,586,51,182,294,117,14,586,17,9,52.9,8,47.1,408,1648,738,13,11,3,16,13,375,28,1,1,0,12,11,2,18,16,11,0,1,0,62,11,10,52.4,1,1,0,639,21,9,12,1.3,0.5,0.3,12,3,447,547,81.7,34,488,19,15,8,547,81.7,7896,2492,216,239,90.4,182,218,83.5,42,71,59.2,0,0.3,0.6,4,43,9,0,34,547,501,44,13,3,8,7,17,3,447,2,8,21,12,6,10,5,8,17,47.1,9,12,4,8,9,30,10,1,639,53,188,319,140,18,638,15,8,53.3,7,46.7,488,2364,1203,19,14,2,15,16,443,34,5,0,0,11,11,2,7,9,12,1,0,0,55,10,11,47.6,Leicester City,Manchester Utd,July-26-2020
0,0,0,758,13,5,4,1.9,1.9,1.0,30,3,546,655,83.4,76,473,42,23,11,655,83.4,9566,3198,245,276,88.8,248,283,87.6,46,75,61.3,1,1.0,1.6,13,67,9,2,76,655,597,57,11,1,4,34,32,7,546,1,8,13,8,6,5,2,8,24,33.3,16,4,0,4,5,18,12,1,758,45,144,354,265,35,758,23,11,47.8,12,52.2,473,3179,1696,42,15,8,19,6,538,76,2,0,0,10,7,1,34,5,8,0,0,0,52,18,20,47.4,0,0,0,415,18,10,8,1.5,1.5,1.3,16,5,185,285,64.9,22,201,18,24,16,285,64.9,3365,1781,83,100,83.0,55,75,73.3,28,73,38.4,2,1.3,1.2,8,12,5,0,22,285,245,36,10,2,2,11,8,3,185,4,4,18,12,11,7,0,12,23,52.2,11,8,4,4,10,28,44,0,415,80,170,150,104,18,415,24,16,66.7,8,33.3,201,1416,843,18,21,7,12,5,182,20,1,0,0,7,10,4,11,10,12,0,0,0,53,20,18,52.6,West Ham,Newcastle Utd,November-2-2019
0,0,0,767,19,5,11,1.8,1.8,1.4,32,2,538,649,82.9,41,499,21,25,13,649,82.9,8972,2884,249,287,86.8,219,249,88.0,44,70,62.9,0,1.4,0.9,14,30,7,2,41,649,590,58,15,4,5,16,27,4,538,1,4,19,13,9,7,3,9,21,42.9,12,11,3,8,5,24,19,1,767,66,251,323,195,21,767,25,13,52.0,12,48.0,499,2200,1044,21,11,6,8,15,537,41,2,0,0,6,9,1,16,5,13,0,0,0,47,22,14,61.1,0,0,0,556,27,10,7,0.9,0.9,0.7,23,2,308,423,72.8,28,284,13,21,12,423,72.8,5333,1896,160,179,89.4,94,124,75.8,42,86,48.8,1,0.7,0.3,10,27,8,3,28,423,372,45,7,0,5,15,21,4,308,6,8,27,16,13,10,4,12,25,48.0,13,7,3,4,10,37,23,1,556,61,162,225,170,16,556,21,12,57.1,9,42.9,284,1174,599,13,12,3,18,10,304,28,2,0,0,9,6,6,15,10,16,0,0,0,57,14,22,38.9,Tottenham,Sheffield Utd,November-9-2019
1,1,0,582,18,8,15,1.6,0.8,0.7,24,4,361,463,78.0,48,273,26,15,11,463,78.0,6192,2370,180,200,90.0,131,155,84.5,37,77,48.1,1,0.7,0.9,12,42,12,2,48,463,415,46,9,0,0,21,24,5,361,2,12,18,10,8,7,3,10,21,47.6,11,15,4,11,8,26,13,0,582,45,144,230,217,27,581,15,11,73.3,4,26.7,273,2034,1028,26,16,5,16,13,360,47,3,0,0,14,10,2,21,8,10,1,0,0,59,15,11,57.7,0,0,0,694,17,13,14,0.7,0.7,0.7,18,0,466,566,82.3,49,444,20,21,11,566,82.3,7194,2702,253,273,92.7,150,174,86.2,37,74,50.0,0,0.7,0.7,9,32,11,1,49,566,511,54,16,1,2,13,22,5,466,1,12,17,5,11,4,2,4,15,26.7,11,14,5,9,13,30,24,0,694,75,275,269,157,26,694,21,11,52.4,10,47.6,444,2338,1311,20,17,6,22,8,462,49,1,0,0,10,14,1,13,13,5,0,1,0,53,11,15,42.3,Crystal Palace,Norwich City,September-28-2019
0,0,0,840,14,14,11,2.2,2.2,1.8,40,2,624,735,84.9,72,617,45,19,14,735,84.9,10467,2849,277,306,90.5,278,308,90.3,42,69,60.9,1,1.8,2.5,18,65,18,3,72,735,679,56,8,1,3,49,25,16,624,0,15,14,7,3,9,2,7,14,50.0,7,11,2,9,14,28,9,0,840,39,98,383,363,75,840,19,14,73.7,5,26.3,617,3569,1980,45,28,22,10,13,622,71,3,0,0,10,9,0,49,14,7,0,1,0,52,12,11,52.2,1,1,0,441,18,11,18,1.4,0.6,0.6,21,4,211,292,72.3,29,196,15,14,7,292,72.3,3590,1410,87,111,78.4,93,105,88.6,24,54,44.4,1,0.6,0.4,10,15,8,1,29,292,250,42,9,0,0,9,14,3,211,0,9,18,12,12,3,3,5,19,26.3,14,18,10,8,11,29,46,0,441,109,242,125,78,15,440,14,7,50.0,7,50.0,196,1197,743,15,11,4,11,7,211,29,2,0,0,10,10,0,9,11,12,1,0,0,46,11,12,47.8,Manchester City,Manchester Utd,December-7-2019
0,0,0,677,22,14,13,2.4,2.4,0.7,33,5,438,541,81.0,54,338,18,20,10,541,81.0,7661,2803,222,250,88.8,166,189,87.8,44,73,60.3,1,0.7,1.2,12,38,13,3,54,541,503,37,7,2,5,16,21,4,438,1,14,22,12,6,11,5,7,19,36.8,12,13,2,11,14,36,19,0,677,69,180,291,213,27,677,20,10,50.0,10,50.0,338,1919,1038,18,13,6,17,13,437,54,2,0,0,11,7,1,16,14,12,0,0,0,66,13,10,56.5,0,0,0,709,23,11,19,0.4,0.4,0.3,15,0,480,596,80.5,24,488,24,19,12,596,80.5,7763,2143,234,268,87.3,195,230,84.8,36,66,54.5,0,0.3,0.3,6,22,4,0,24,596,541,54,11,1,5,15,27,4,480,1,11,23,11,14,8,1,10,20,50.0,10,19,6,13,11,34,15,1,709,90,280,291,144,17,709,19,12,63.2,7,36.8,488,2461,1213,24,12,8,9,15,478,24,1,0,0,7,10,1,15,11,11,0,0,0,56,10,13,43.5,Brighton,Tottenham,October-5-2019
0,0,0,397,14,13,12,0.6,0.6,0.5,7,2,186,283,65.7,15,172,7,9,4,283,65.7,3442,1696,85,109,78.0,71,87,81.6,25,66,37.9,1,0.5,0.3,3,13,4,1,15,283,240,43,7,0,1,9,21,3,186,0,5,14,8,8,5,1,6,14,42.9,8,12,5,7,13,27,27,0,397,74,140,174,84,12,397,9,4,44.4,5,55.6,172,818,431,7,4,2,23,3,186,15,1,0,0,9,6,0,9,13,8,0,0,0,36,21,12,63.6,0,0,0,917,8,6,3,2.2,2.2,1.8,30,6,717,831,86.3,79,696,32,14,8,831,86.3,11937,3529,352,373,94.4,301,335,89.9,46,75,61.3,3,1.8,1.6,14,61,22,2,79,831,786,43,9,1,6,28,21,6,717,2,10,8,5,5,2,1,5,9,55.6,4,3,0,3,6,14,20,0,917,57,204,449,266,34,917,14,8,57.1,6,42.9,696,3399,1764,32,22,11,10,8,714,79,1,0,0,6,9,2,28,6,5,0,0,0,49,12,21,36.4,Burnley,Manchester City,December-3-2019
0,0,0,530,16,18,10,0.9,0.9,0.3,19,3,261,393,66.4,20,242,12,37,21,393,66.4,4882,2285,114,142,80.3,102,147,69.4,36,77,46.8,1,0.3,0.4,7,20,5,2,20,393,328,65,18,0,4,15,31,3,261,0,12,16,6,14,2,0,7,16,43.8,9,10,5,5,18,34,26,1,530,73,185,223,128,17,530,37,21,56.8,16,43.2,242,1262,542,12,12,5,18,8,256,17,1,0,0,11,17,0,15,18,6,0,0,0,42,37,33,52.9,0,0,0,593,24,7,18,1.9,1.9,1.3,29,2,325,463,70.2,27,247,17,16,9,463,70.2,6088,2676,152,184,82.6,125,173,72.3,44,88,50.0,1,1.3,0.8,9,28,7,1,27,463,408,54,9,0,3,25,25,12,325,1,6,24,13,12,10,2,16,37,43.2,21,18,6,12,7,31,17,0,593,52,154,287,159,31,593,16,9,56.3,7,43.8,247,1513,729,17,12,9,17,9,320,26,3,0,0,17,11,1,25,7,13,0,0,0,49,33,37,47.1,Newcastle Utd,Southampton,December-8-2019
0,0,0,577,26,16,14,0.6,0.6,0.3,22,0,362,463,78.2,37,284,18,20,14,463,78.2,5702,1977,164,180,91.1,132,157,84.1,33,72,45.8,0,0.3,0.5,8,19,8,2,37,463,411,51,14,0,4,9,21,2,362,1,11,26,11,10,15,1,16,33,48.5,17,14,3,11,16,42,19,0,577,74,159,275,151,21,577,20,14,70.0,6,30.0,284,1320,658,18,15,4,16,8,360,36,1,0,0,10,15,1,9,16,11,0,0,0,46,5,15,25.0,0,0,0,777,14,14,15,2.2,2.2,1.0,27,3,567,658,86.2,62,436,24,33,17,658,86.2,9066,3221,245,268,91.4,216,247,87.4,49,69,71.0,1,1.0,0.9,12,47,11,1,62,658,618,40,10,0,5,15,14,7,567,0,10,14,11,8,5,1,6,20,30.0,14,15,4,11,14,28,13,0,777,69,208,407,171,32,777,33,17,51.5,16,48.5,436,2265,1281,24,15,8,17,10,566,62,2,0,0,15,10,0,15,14,11,0,0,0,55,15,5,75.0,Crystal Palace,Manchester Utd,July-16-2020
0,0,0,607,21,6,5,1.3,1.3,0.6,28,3,397,501,79.2,52,346,23,14,8,501,79.2,7201,2403,163,181,90.1,181,214,84.6,45,76,59.2,1,0.6,0.8,11,36,5,2,52,501,450,50,9,2,3,29,22,12,397,1,9,21,10,12,7,2,7,15,46.7,8,5,4,1,6,27,17,0,607,47,187,263,162,26,607,14,8,57.1,6,42.9,346,2318,1401,23,13,5,15,8,394,51,2,0,0,18,8,1,29,6,10,0,1,0,60,17,25,40.5,1,1,0,506,14,9,6,1.6,0.8,0.7,18,4,289,386,74.9,28,248,19,15,8,386,74.9,5693,2659,132,155,85.2,113,137,82.5,43,81,53.1,1,0.7,0.5,8,23,4,3,28,386,334,51,18,0,1,25,13,5,289,1,1,14,11,9,5,0,6,14,42.9,8,6,1,5,9,23,30,0,506,74,174,201,139,22,505,15,8,53.3,7,46.7,248,1603,724,19,18,8,12,14,286,28,0,0,0,9,18,1,25,9,11,1,0,0,60,25,17,59.5,Arsenal,Crystal Palace,October-27-2019
0,0,0,539,20,12,8,1.9,1.9,1.8,24,2,328,454,72.2,37,261,16,1,1,454,72.2,6282,2448,146,170,85.9,126,159,79.2,48,102,47.1,1,1.8,0.9,12,23,13,10,37,454,391,60,13,1,9,37,29,6,328,3,8,20,11,7,13,0,6,11,54.5,5,8,5,3,12,32,6,0,539,39,134,258,149,26,539,1,1,100.0,0,0.0,261,1141,572,16,9,2,15,6,324,37,3,0,0,11,10,3,37,12,11,0,0,0,43,21,35,37.5,0,0,0,482,6,7,10,1.2,1.2,1.0,23,4,279,377,74.0,29,288,18,11,5,377,74.0,5417,2596,135,158,85.4,87,117,74.4,47,83,56.6,1,1.0,0.4,11,23,6,2,29,377,323,52,13,0,10,19,18,7,279,2,6,6,4,4,1,1,0,1,0.0,1,10,3,7,7,13,30,1,482,75,183,187,115,15,482,11,5,45.5,6,54.5,288,1583,665,18,8,6,17,14,278,29,0,0,0,11,11,2,19,7,4,0,0,0,45,35,21,62.5,Burnley,Brighton,July-26-2020
0,0,0,683,14,10,12,0.8,0.8,0.7,23,0,455,580,78.4,42,376,26,13,5,580,78.4,7760,2829,199,235,84.7,184,210,87.6,52,97,53.6,0,0.7,0.6,11,30,7,1,42,580,516,63,15,0,8,28,29,9,455,1,9,14,7,8,3,3,5,16,31.3,11,12,4,8,10,24,11,1,683,55,219,305,170,28,683,13,5,38.5,8,61.5,376,2463,1385,26,17,9,14,12,450,41,3,0,0,9,14,1,28,10,7,0,0,1,48,31,24,56.4,0,0,0,504,20,13,11,0.7,0.7,0.5,18,0,257,373,68.9,39,183,12,16,11,373,68.9,4759,2033,126,152,82.9,93,121,76.9,34,83,41.0,0,0.5,0.3,7,25,5,2,39,373,333,40,9,0,5,16,17,5,257,0,8,20,9,8,9,3,8,13,61.5,5,11,5,6,13,33,30,0,504,62,170,185,153,16,504,16,11,68.8,5,31.3,183,1090,632,12,9,4,18,9,253,38,2,0,0,15,9,0,16,13,9,0,0,0,55,24,31,43.6,Crystal Palace,Sheffield Utd,February-1-2020
1,1,1,780,13,11,8,1.9,1.1,0.9,27,1,560,673,83.2,38,516,21,22,13,673,83.2,8706,2637,285,315,90.5,200,227,88.1,48,88,54.5,0,0.9,0.9,11,37,6,2,38,673,631,42,11,4,2,12,22,4,560,0,11,13,8,4,5,4,5,9,55.6,4,8,2,6,11,24,9,0,780,55,222,354,206,19,779,22,13,59.1,9,40.9,516,2827,1425,21,24,4,18,10,559,38,2,1,0,10,9,0,12,11,8,0,0,0,63,22,28,44.0,0,0,1,464,19,18,13,0.7,0.7,0.3,9,0,238,356,66.9,18,257,15,9,4,356,66.9,4409,2057,109,151,72.2,90,113,79.6,33,69,47.8,0,0.3,1.1,5,16,3,2,18,356,308,45,9,0,1,14,17,5,238,3,6,19,9,10,6,3,9,22,40.9,13,13,5,8,18,37,23,0,464,57,184,193,92,17,464,9,4,44.4,5,55.6,257,1316,648,15,9,3,13,8,235,17,2,1,0,10,8,3,14,18,9,0,1,0,54,28,22,56.0,Norwich City,Bournemouth,January-18-2020
0,0,0,612,18,9,13,1.5,1.5,1.3,18,3,401,504,79.6,32,306,21,23,16,504,79.6,7897,2950,163,176,92.6,167,203,82.3,63,99,63.6,1,1.3,1.1,8,36,4,2,32,504,458,46,16,0,6,18,20,5,401,0,9,18,9,11,6,1,6,14,42.9,8,13,3,10,9,27,14,1,612,41,173,296,145,20,612,23,16,69.6,7,30.4,306,1702,834,21,10,5,13,6,399,31,2,0,0,11,14,0,18,9,9,0,0,0,51,20,17,54.1,0,0,0,559,13,12,10,0.4,0.4,0.3,13,0,351,453,77.5,22,308,10,14,8,453,77.5,5288,1986,173,193,89.6,127,150,84.7,21,59,35.6,0,0.3,0.2,5,19,7,4,22,453,400,52,10,0,1,14,29,2,351,1,9,13,5,6,5,2,7,23,30.4,16,10,3,7,12,25,20,1,559,50,186,275,103,12,559,14,8,57.1,6,42.9,308,1507,762,10,11,2,16,12,349,22,1,0,0,15,11,1,14,12,5,0,0,0,47,17,20,45.9,Wolves,Crystal Palace,July-20-2020
0,0,1,623,11,11,12,1.3,1.3,0.9,23,3,413,520,79.4,32,428,26,16,8,520,79.4,7721,2370,180,203,88.7,167,190,87.9,55,99,55.6,2,0.9,0.9,8,26,8,0,32,520,474,45,16,1,13,12,16,4,413,1,5,11,5,6,3,2,6,17,35.3,11,12,2,10,11,22,20,1,623,70,211,285,134,32,623,16,8,50.0,8,50.0,428,2301,1236,26,15,9,13,3,408,32,0,1,0,3,9,1,12,11,5,0,0,0,51,8,12,40.0,0,0,0,767,11,14,7,0.8,0.8,0.7,21,1,538,655,82.1,56,420,21,17,11,655,82.1,9646,3250,244,282,86.5,239,271,88.2,52,74,70.3,0,0.7,0.6,10,35,7,4,56,655,605,44,3,1,6,20,29,5,538,6,14,11,7,7,4,0,8,16,50.0,8,7,3,4,14,25,21,1,767,93,259,340,174,9,767,17,11,64.7,6,35.3,420,2445,1243,21,21,2,19,5,535,56,0,0,0,10,2,6,20,14,7,0,0,0,58,12,8,60.0,Liverpool,Brighton,November-30-2019
0,0,0,579,13,10,10,1.1,1.1,0.9,23,6,353,463,76.2,24,369,15,22,13,463,76.2,6850,2513,146,168,86.9,148,177,83.6,52,95,54.7,2,0.9,0.9,8,13,9,4,24,463,416,44,9,0,11,17,19,4,353,3,7,13,5,10,3,0,4,23,17.4,19,10,8,2,10,23,28,0,579,115,277,203,103,22,579,22,13,59.1,9,40.9,369,1744,881,15,14,5,13,6,350,24,0,0,0,10,5,3,17,10,5,0,0,0,40,13,14,48.1,0,0,0,673,15,10,9,1.3,1.3,1.1,33,1,445,562,79.2,55,444,30,23,19,562,79.2,7952,2717,199,222,89.6,193,235,82.1,47,77,61.0,0,1.1,1.0,11,38,6,1,55,562,505,52,12,0,7,31,17,13,445,5,4,15,10,9,5,1,9,22,40.9,13,9,2,7,10,25,24,0,673,78,203,263,212,43,673,23,19,82.6,4,17.4,444,2460,1311,30,19,19,17,9,443,54,2,0,0,5,10,5,31,10,10,0,0,0,56,14,13,51.9,Liverpool,Manchester City,November-10-2019
0,0,0,458,13,12,11,0.9,0.9,0.5,17,6,207,347,59.7,26,222,14,16,11,347,59.7,3828,1678,97,127,76.4,64,106,60.4,30,77,39.0,2,0.5,0.6,7,12,4,3,26,347,287,59,12,0,3,24,23,9,207,1,12,13,10,5,7,1,5,12,41.7,7,11,5,6,12,25,30,0,458,59,136,190,140,9,458,16,11,68.8,5,31.3,222,1323,605,14,15,2,15,11,204,26,0,0,0,11,11,1,24,12,10,0,0,0,52,40,22,64.5,0,0,0,621,16,11,9,1.5,1.5,1.0,22,1,372,506,73.5,59,400,17,12,7,506,73.5,6760,2805,177,211,83.9,148,187,79.1,44,87,50.6,0,1.0,0.8,10,41,15,4,59,506,448,56,12,0,6,28,31,3,372,2,9,16,9,9,7,0,5,16,31.3,11,9,4,5,11,27,24,0,621,44,181,270,176,27,621,12,7,58.3,5,41.7,400,1992,997,17,17,4,15,8,368,57,2,0,0,11,11,2,28,11,9,0,0,0,50,22,40,35.5,West Ham,Watford,July-17-2020
0,0,0,589,20,5,10,1.0,1.0,0.7,35,0,349,477,73.2,59,348,17,12,4,477,73.2,6683,2607,138,163,84.7,144,185,77.8,51,90,56.7,0,0.7,0.7,13,30,17,4,59,477,418,59,10,1,6,33,34,7,349,0,11,20,13,12,5,3,12,22,54.5,10,10,5,5,5,25,16,1,589,56,177,234,185,41,589,12,4,33.3,8,66.7,348,1799,967,17,15,3,13,10,345,58,3,0,0,12,11,0,33,5,13,0,0,0,47,23,22,51.1,0,0,0,494,18,9,11,1.7,1.7,1.1,23,4,248,353,70.3,29,253,15,22,10,353,70.3,4715,2172,116,145,80.0,80,98,81.6,41,85,48.2,1,1.1,0.5,9,26,6,0,29,353,299,54,12,1,4,15,23,7,248,0,7,18,13,6,11,1,8,12,66.7,4,11,4,7,9,27,37,0,494,87,193,182,123,22,494,22,10,45.5,12,54.5,253,1416,729,15,9,8,16,8,247,28,5,0,0,11,11,0,15,9,13,0,0,0,45,22,23,48.9,Everton,Norwich City,November-23-2019
0,0,0,512,18,13,11,1.4,1.4,1.1,21,4,252,376,67.0,27,281,14,14,6,376,67.0,4423,1798,123,151,81.5,94,133,70.7,31,65,47.7,2,1.1,0.6,9,20,2,0,27,376,317,55,11,2,0,7,23,7,252,4,10,18,9,9,7,2,6,16,37.5,10,11,4,7,13,31,37,1,512,87,221,205,93,16,512,14,6,42.9,8,57.1,281,1454,674,14,7,4,16,10,252,27,0,0,0,5,14,4,7,13,9,0,0,0,55,23,24,48.9,0,0,0,643,18,13,11,1.5,1.5,1.1,24,2,403,541,74.5,53,387,19,16,10,541,74.5,7152,2748,155,192,80.7,166,202,82.2,47,93,50.5,1,1.1,1.0,9,27,10,4,53,541,490,51,9,2,5,22,28,7,403,0,9,18,9,6,8,4,8,14,57.1,6,11,2,9,13,31,11,0,643,49,177,320,153,26,643,16,10,62.5,6,37.5,387,1922,851,19,14,5,17,12,402,53,4,0,0,14,4,0,22,13,9,0,0,0,64,24,23,51.1,Bournemouth,Everton,September-15-2019
0,0,0,382,8,17,14,1.0,1.0,0.6,15,1,176,277,63.5,15,157,5,3,2,277,63.5,3256,1538,80,104,76.9,65,94,69.1,24,63,38.1,0,0.6,0.7,5,17,3,2,15,277,223,54,16,0,2,10,19,2,176,0,3,8,3,4,3,1,3,8,37.5,5,14,7,7,17,25,36,0,382,83,154,146,84,7,382,3,2,66.7,1,33.3,157,806,297,5,6,1,9,6,174,14,2,0,0,9,17,0,10,17,3,0,0,0,38,25,26,49.0,0,0,0,837,7,8,3,1.1,1.1,1.0,33,4,629,760,82.8,94,430,25,8,5,760,82.8,11951,3501,248,286,86.7,304,341,89.1,69,104,66.3,2,1.0,1.0,15,66,18,4,94,760,708,52,9,0,7,37,27,10,629,0,12,7,4,2,3,2,1,3,33.3,2,3,1,2,8,15,12,0,837,50,183,368,289,35,837,8,5,62.5,3,37.5,430,2320,1383,25,23,7,8,5,626,94,1,0,0,17,9,0,37,8,4,0,0,0,47,26,25,51.0,Aston Villa,Chelsea,June-21-2020
0,0,0,573,11,6,8,2.0,2.0,2.0,20,5,385,482,79.9,26,358,18,16,9,482,79.9,6852,2373,160,173,92.5,165,198,83.3,42,76,55.3,3,2.0,1.1,10,23,5,3,26,482,435,44,9,2,8,13,21,2,385,3,9,11,7,9,2,0,8,14,57.1,6,8,2,6,6,17,17,0,573,49,219,258,103,17,573,16,9,56.3,7,43.8,358,1809,951,18,11,7,15,9,383,26,2,0,0,9,10,3,13,6,7,0,0,0,57,20,22,47.6,0,0,1,637,16,4,11,0.6,0.6,0.6,13,0,452,559,80.9,46,454,14,14,6,559,80.9,8237,2780,202,226,89.4,194,219,88.6,49,90,54.4,0,0.6,1.0,7,44,6,4,46,559,516,42,11,0,5,22,20,4,452,1,12,16,9,6,9,1,7,16,43.8,9,11,2,9,4,20,12,1,637,47,149,330,162,12,637,14,6,42.9,8,57.1,454,2006,1012,14,17,1,13,3,448,46,2,1,1,10,9,1,22,4,9,0,0,0,48,22,20,52.4,Newcastle Utd,Sheffield Utd,June-21-2020
0,0,0,835,9,3,5,2.9,2.9,1.8,48,4,608,740,82.2,118,604,68,34,24,740,82.2,10858,3138,268,297,90.2,245,297,82.5,75,98,76.5,1,1.8,3.0,15,71,32,8,118,740,674,63,8,0,10,62,34,17,608,3,12,9,8,3,2,4,5,20,25.0,15,5,0,5,3,12,5,1,835,22,95,285,463,80,835,34,24,70.6,10,29.4,604,3542,2243,68,41,16,19,10,602,118,3,0,0,11,9,3,62,3,8,0,0,0,59,18,23,43.9,0,0,0,427,20,11,21,0.9,0.9,0.1,5,1,150,243,61.7,13,161,3,20,15,243,61.7,2920,1290,60,74,81.1,64,84,76.2,21,67,31.3,0,0.1,0.3,2,10,1,0,13,243,200,43,14,1,3,4,13,0,150,0,5,20,11,20,0,0,10,34,29.4,24,21,13,8,11,31,80,1,427,154,248,129,58,4,427,20,15,75.0,5,25.0,161,1029,578,3,4,1,15,4,147,12,1,0,0,10,9,0,4,11,11,0,0,0,45,23,18,56.1,Manchester City,Southampton,November-2-2019
0,0,0,674,22,10,7,1.9,1.9,1.8,27,3,431,566,76.1,47,451,25,25,16,566,76.1,7885,2981,180,205,87.8,193,231,83.5,47,97,48.5,2,1.8,1.1,14,30,9,3,47,566,509,55,13,2,3,28,22,11,431,2,7,22,11,10,9,3,5,14,35.7,9,7,0,7,10,32,14,1,674,84,223,264,194,30,674,25,16,64.0,9,36.0,451,1994,1013,25,19,10,21,7,429,47,1,0,0,7,10,2,28,10,11,0,0,0,68,16,12,57.1,0,0,0,621,16,13,11,1.3,1.3,1.1,13,0,381,502,75.9,27,353,20,14,9,502,75.9,5163,1856,236,255,92.5,100,149,67.1,18,52,34.6,0,1.1,1.3,5,21,5,1,27,502,451,48,9,0,0,18,22,5,381,3,8,16,8,11,3,2,9,25,36.0,16,11,5,6,13,29,34,0,621,78,230,271,124,15,621,14,9,64.3,5,35.7,353,1779,1016,20,15,8,8,17,379,27,3,0,0,10,7,3,18,13,8,0,0,0,62,12,16,42.9,Liverpool,Manchester Utd,January-19-2020
0,0,0,568,19,14,13,1.6,1.6,1.4,20,4,333,436,76.4,53,341,14,13,7,436,76.4,6360,2662,144,159,90.6,142,171,83.0,44,82,53.7,1,1.4,1.0,8,40,9,2,53,436,383,52,10,0,2,23,25,7,333,1,13,19,11,10,6,3,9,22,40.9,13,13,2,11,14,33,19,0,568,69,180,217,184,27,568,13,7,53.8,6,46.2,341,1773,835,14,9,4,26,15,328,52,1,0,0,11,9,1,23,14,11,0,0,0,56,31,18,63.3,0,0,0,721,21,19,15,1.9,1.9,1.8,25,6,481,587,81.9,34,325,22,22,13,587,81.9,8635,2939,207,234,88.5,204,223,91.5,55,87,63.2,3,1.8,1.1,12,29,6,2,34,587,538,49,12,1,5,23,20,9,481,0,11,21,10,9,10,2,6,13,46.2,7,15,5,10,19,40,26,1,721,72,252,336,139,25,721,22,13,59.1,9,40.9,325,2004,1056,22,21,5,14,10,480,34,0,0,0,10,11,0,23,19,10,0,0,0,61,18,31,36.7,Crystal Palace,Chelsea,July-7-2020
0,0,0,713,10,4,8,1.0,1.0,0.8,30,0,477,603,79.1,58,471,43,25,15,603,79.1,8652,2813,215,242,88.8,179,214,83.6,59,104,56.7,0,0.8,0.9,11,49,16,5,58,603,536,66,9,1,8,42,37,12,477,1,7,10,5,4,4,2,7,12,58.3,5,8,0,8,4,14,13,0,713,43,166,286,264,41,713,25,15,60.0,10,40.0,471,2768,1502,43,20,8,24,5,476,58,1,0,0,9,8,1,42,4,5,0,0,1,54,19,24,44.2,0,0,0,418,15,14,12,0.5,0.5,0.5,4,2,163,267,61.0,14,132,9,12,5,267,61.0,3190,1653,86,106,81.1,44,64,68.8,27,76,35.5,1,0.5,0.2,2,13,3,1,14,267,216,50,10,1,1,13,22,3,163,1,10,15,10,8,6,1,10,25,40.0,15,12,7,5,14,29,64,0,418,99,225,110,86,6,418,12,5,41.7,7,58.3,132,814,350,9,7,1,14,3,163,14,3,0,0,9,8,1,13,14,10,0,0,0,43,24,19,55.8,Everton,Sheffield Utd,September-21-2019
0,0,0,559,20,12,10,2.5,2.5,1.3,21,4,299,418,71.5,28,291,14,18,12,418,71.5,5354,2155,138,175,78.9,112,142,78.9,35,68,51.5,2,1.3,0.4,10,18,4,2,28,418,361,56,13,2,4,24,28,4,299,1,10,20,13,10,8,2,9,22,40.9,13,10,2,8,12,32,25,1,559,66,178,221,166,24,559,18,12,66.7,6,33.3,291,1573,699,14,14,5,25,9,298,28,0,0,0,11,10,1,24,12,13,0,0,0,53,30,24,55.6,0,0,0,599,15,9,9,1.1,1.1,0.4,18,2,354,478,74.1,42,292,15,22,13,478,74.1,5929,2435,188,217,86.6,125,157,79.6,35,70,50.0,1,0.4,0.4,6,25,11,1,42,478,418,58,12,0,0,20,30,6,354,2,12,15,10,6,7,2,6,18,33.3,12,9,2,7,9,24,23,0,599,70,234,248,125,31,599,22,13,59.1,9,40.9,292,1473,697,15,9,5,21,11,353,42,1,0,0,12,11,2,20,9,10,0,0,0,58,24,30,44.4,Everton,Crystal Palace,February-8-2020
0,0,0,523,18,9,7,1.1,1.1,0.4,9,0,350,445,78.7,27,309,10,12,8,445,78.7,5912,2367,180,202,89.1,128,150,85.3,32,64,50.0,0,0.4,0.4,2,34,1,0,27,445,392,51,16,0,5,12,22,1,350,2,8,18,10,7,7,4,5,18,27.8,13,7,2,5,9,27,10,1,523,52,149,251,123,7,523,12,8,66.7,4,33.3,309,1498,618,10,8,2,15,14,347,27,2,0,0,6,13,2,12,9,10,0,1,0,47,18,17,51.4,1,1,0,682,18,13,8,3.2,2.4,2.4,24,6,494,578,85.5,54,485,37,18,13,578,85.5,7733,2625,251,273,91.9,175,199,87.9,42,58,72.4,4,2.4,1.0,12,31,13,2,54,578,546,28,7,10,1,6,14,1,494,4,6,18,13,8,9,1,4,12,33.3,8,8,0,8,13,31,13,0,682,60,210,315,168,26,681,18,13,72.2,5,27.8,485,2861,1618,37,26,7,9,13,490,54,2,0,0,13,6,4,6,13,13,1,0,0,61,17,18,48.6,West Ham,Manchester City,August-10-2019
0,0,0,462,12,13,13,1.0,1.0,1.0,13,4,236,339,69.6,26,195,19,17,11,339,69.6,5106,2211,90,109,82.6,92,118,78.0,49,92,53.3,2,1.0,0.7,7,17,5,1,26,339,279,52,19,2,4,7,21,0,236,8,5,12,6,10,2,0,2,15,13.3,13,13,4,9,13,25,27,0,462,75,197,175,98,16,462,17,11,64.7,6,35.3,195,1190,621,19,10,5,21,10,232,25,2,0,0,10,17,8,7,13,6,0,0,0,49,16,27,37.2,0,0,0,692,16,5,6,1.3,1.3,1.2,23,0,472,602,78.4,64,449,16,15,13,602,78.4,7725,2671,236,273,86.4,167,205,81.5,46,74,62.2,0,1.2,0.9,10,40,12,1,64,602,541,60,18,0,7,24,30,6,472,1,12,16,11,7,6,3,6,17,35.3,11,6,2,4,5,21,8,1,692,45,150,344,207,27,692,15,13,86.7,2,13.3,449,2268,1160,16,16,3,15,10,469,64,3,0,0,18,10,1,24,5,11,0,0,0,49,27,16,62.8,Aston Villa,Everton,August-23-2019
0,0,0,920,8,16,10,2.5,2.5,2.0,40,2,725,826,87.8,96,698,25,18,12,826,87.8,14232,4193,242,268,90.3,373,402,92.8,92,116,79.3,1,2.0,2.5,17,78,18,9,96,826,789,37,9,1,9,34,17,8,725,0,13,8,7,1,3,4,2,14,14.3,12,10,2,8,16,24,7,0,920,39,171,479,276,45,920,18,12,66.7,6,33.3,698,3359,1724,25,20,10,12,9,719,95,2,0,0,10,9,0,34,16,7,0,0,0,70,20,15,57.1,0,0,0,506,15,13,13,0.1,0.1,0.1,2,0,305,401,76.1,20,249,12,14,12,401,76.1,5110,2031,154,179,86.0,112,132,84.8,29,67,43.3,0,0.1,0.1,2,11,0,0,20,401,357,43,10,0,2,8,14,1,305,1,8,15,12,8,6,1,6,18,33.3,12,13,4,9,13,28,25,2,506,101,259,208,47,3,506,14,12,85.7,2,14.3,249,1388,671,12,9,2,24,6,305,20,2,0,0,9,9,1,8,13,12,0,0,0,50,15,20,42.9,Chelsea,Norwich City,July-14-2020
0,0,0,583,14,10,11,0.7,0.7,0.5,20,3,317,462,68.6,30,261,15,20,9,462,68.6,5582,2198,150,185,81.1,121,163,74.2,36,85,42.4,1,0.5,0.6,8,28,8,6,30,462,401,59,14,0,3,24,32,1,317,2,5,14,8,4,9,1,8,26,30.8,18,11,1,10,10,24,17,1,583,39,122,330,136,16,583,20,9,45.0,11,55.0,261,1353,584,15,9,1,21,2,316,30,2,0,0,13,10,2,24,10,8,0,1,0,64,21,31,40.4,1,1,0,528,13,11,5,2.4,1.6,1.3,12,6,261,412,63.3,29,233,14,26,18,412,63.3,5057,2410,110,153,71.9,95,147,64.6,44,80,55.0,2,1.3,0.7,5,13,6,3,29,412,362,48,13,0,1,14,23,3,261,2,11,13,10,8,5,0,11,20,55.0,9,5,1,4,11,24,19,0,528,58,192,264,74,16,527,26,18,69.2,8,30.8,233,1235,678,14,11,3,18,6,260,28,1,0,0,12,13,2,14,11,10,1,0,0,65,31,21,59.6,Southampton,Wolves,January-18-2020
0,0,0,596,15,6,7,0.1,0.1,0.1,6,0,373,497,75.1,35,393,18,11,5,497,75.1,6284,2414,189,219,86.3,146,182,80.2,33,72,45.8,0,0.1,0.5,2,28,7,2,35,497,441,54,21,1,4,21,24,4,373,2,9,15,10,7,8,0,7,7,100.0,0,7,1,6,6,21,33,0,596,62,225,222,154,13,596,11,5,45.5,6,54.5,393,1996,1070,18,12,1,12,7,372,34,2,0,0,13,20,2,21,6,10,0,0,0,44,23,22,51.1,0,0,0,385,13,7,9,0.2,0.2,0.2,2,2,167,287,58.2,19,164,9,7,0,287,58.2,3483,1845,64,78,82.1,73,107,68.2,29,84,34.5,1,0.2,0.4,1,8,4,2,19,287,225,62,15,0,1,19,31,5,167,0,9,13,7,5,6,2,6,11,54.5,5,9,0,9,7,20,27,0,385,55,129,176,80,7,385,7,0,0.0,7,100.0,164,979,433,9,6,0,13,8,166,19,4,0,0,21,13,0,19,7,7,0,0,0,38,22,23,48.9,Bournemouth,Burnley,December-21-2019
1,1,0,628,10,8,8,2.4,1.6,1.5,26,6,445,537,82.9,36,387,24,13,9,537,82.9,8092,2889,187,214,87.4,190,207,91.8,55,85,64.7,2,1.5,0.5,11,19,10,3,36,537,493,41,8,0,4,11,23,3,445,3,8,10,7,8,2,0,4,9,44.4,5,8,5,3,8,18,20,2,628,98,268,259,105,20,627,13,9,69.2,4,30.8,387,2086,1171,24,16,3,12,9,444,36,2,0,0,8,7,3,11,8,7,1,0,0,52,10,11,47.6,0,0,0,678,13,15,11,1.1,1.1,0.7,20,0,498,596,83.6,36,427,18,9,5,596,83.6,8508,2665,251,269,93.3,191,216,88.4,44,83,53.0,0,0.7,0.5,9,34,11,2,36,596,553,41,10,1,10,21,18,3,498,2,5,13,8,8,3,2,4,13,30.8,9,11,3,8,15,28,8,1,678,54,237,309,138,25,678,9,5,55.6,4,44.4,427,1976,859,18,11,6,14,6,495,36,2,0,0,7,7,2,21,15,8,0,1,1,54,11,10,52.4,Manchester City,Liverpool,July-2-2020
0,0,0,401,23,8,12,0.1,0.1,0.1,6,2,193,297,65.0,8,214,5,6,3,297,65.0,3460,1321,97,112,86.6,64,85,75.3,25,78,32.1,1,0.1,0.0,3,9,1,0,8,297,256,38,6,1,1,7,18,2,193,3,7,23,15,14,8,1,17,30,56.7,13,12,3,9,8,31,24,0,401,62,200,161,43,2,401,6,3,50.0,3,50.0,214,990,467,5,3,2,11,9,192,7,1,0,0,11,5,3,7,8,15,0,0,0,52,15,17,46.9,0,0,0,949,12,8,5,0.6,0.6,0.5,26,6,742,844,87.9,59,780,21,30,13,844,87.9,13065,3997,324,354,91.5,348,366,95.1,64,99,64.6,3,0.5,0.9,10,73,10,3,59,844,791,52,14,4,3,17,30,4,742,1,10,12,5,0,9,3,3,6,50.0,3,5,0,5,8,20,10,0,949,35,124,593,240,25,949,30,13,43.3,17,56.7,780,3141,1400,21,28,6,19,6,739,59,0,0,0,5,9,1,17,8,5,0,0,0,61,17,15,53.1,Newcastle Utd,Liverpool,July-26-2020
1,1,0,467,19,14,10,1.5,0.7,0.4,19,4,231,355,65.1,21,218,15,23,13,355,65.1,3588,1512,111,140,79.3,89,112,79.5,14,64,21.9,1,0.4,0.5,6,13,6,1,21,355,298,52,14,0,2,12,22,3,231,5,5,19,9,8,5,6,11,28,39.3,17,10,3,7,14,33,16,0,467,52,147,185,141,29,466,23,13,56.5,10,43.5,218,1312,697,15,10,5,11,8,225,20,3,0,0,16,10,5,12,14,9,1,0,0,52,11,24,31.4,0,0,0,725,18,9,9,1.9,1.9,1.7,32,0,497,602,82.6,64,365,25,28,17,602,82.6,8296,2902,241,274,88.0,201,227,88.5,41,63,65.1,0,1.7,1.5,14,48,9,1,64,602,550,48,19,7,2,14,17,5,497,4,8,18,8,11,5,2,10,23,43.5,13,9,4,5,9,27,22,1,725,65,212,320,198,21,725,28,17,60.7,11,39.3,365,2104,1173,25,21,7,9,8,489,62,1,0,0,11,14,4,14,9,8,0,1,0,58,24,11,68.6,Watford,Manchester Utd,December-22-2019
0,0,0,633,24,14,12,0.9,0.9,0.7,19,0,391,501,78.0,37,298,21,32,22,501,78.0,6546,2545,193,223,86.5,152,183,83.1,34,66,51.5,0,0.7,0.6,7,30,5,1,37,501,445,55,9,2,2,9,32,6,391,1,9,24,9,15,6,3,11,18,61.1,7,12,6,6,14,38,18,1,633,55,202,270,171,27,633,32,22,68.8,10,31.3,298,1897,1009,21,14,13,13,21,388,36,2,0,0,7,10,1,9,14,9,0,0,0,58,20,16,55.6,0,0,1,629,31,15,12,1.5,1.5,1.4,23,2,375,489,76.7,37,339,23,18,7,489,76.7,6655,2271,154,177,87.0,163,194,84.0,39,78,50.0,1,1.4,1.2,10,26,8,5,37,489,443,46,8,0,5,22,20,7,375,0,7,31,16,19,8,4,10,32,31.3,22,12,4,8,15,46,18,0,629,69,206,290,137,18,629,18,7,38.9,11,61.1,339,2025,1173,23,16,6,11,13,374,37,3,1,1,10,7,0,22,15,16,0,0,1,56,16,20,44.4,Crystal Palace,Wolves,September-22-2019
0,0,0,726,19,10,6,3.7,3.7,2.3,42,3,526,620,84.8,54,470,29,19,13,620,84.8,8885,2667,254,279,91.0,200,231,86.6,49,73,67.1,1,2.3,0.9,15,37,11,2,54,620,568,52,14,1,7,22,23,7,526,0,7,19,9,8,10,1,6,18,33.3,12,6,1,5,10,29,10,0,726,42,173,338,220,26,726,19,13,68.4,6,31.6,470,2960,1605,29,30,8,20,13,525,53,3,0,0,9,17,0,22,10,9,0,0,0,50,19,16,54.3,0,0,0,518,19,11,12,0.2,0.2,0.2,6,0,307,405,75.8,28,226,8,18,12,405,75.8,5502,2268,132,165,80.0,132,158,83.5,31,61,50.8,0,0.2,0.3,3,16,1,0,28,405,363,42,9,1,2,7,17,0,307,0,6,19,13,12,5,2,6,19,31.6,13,12,8,4,11,30,23,1,518,58,179,253,90,7,518,18,12,66.7,6,33.3,226,1347,566,8,14,1,11,13,306,28,2,0,0,17,9,0,7,11,13,0,0,0,46,16,19,45.7,Chelsea,Crystal Palace,November-9-2019
0,0,0,441,12,16,7,0.1,0.1,0.1,6,0,217,332,65.4,14,187,5,11,6,332,65.4,3835,1571,94,116,81.0,99,126,78.6,18,68,26.5,0,0.1,0.1,3,12,2,1,14,332,291,36,6,0,0,3,15,1,217,5,7,12,7,9,2,1,5,17,29.4,12,7,4,3,16,28,36,0,441,95,242,150,53,6,441,11,6,54.5,5,45.5,187,1041,457,5,5,4,7,5,217,14,0,0,0,5,6,5,3,16,7,0,0,0,62,15,14,51.7,0,0,0,987,10,8,9,2.4,2.4,2.3,38,5,787,905,87.0,78,763,24,17,12,905,87.0,12888,3782,414,446,92.8,291,333,87.4,59,90,65.6,3,2.3,1.5,18,60,20,2,78,905,860,44,10,4,10,24,26,3,787,1,5,10,5,3,4,3,5,11,45.5,6,9,2,7,8,18,5,0,987,31,180,574,237,39,987,17,12,70.6,5,29.4,763,3291,1852,24,30,3,15,7,784,78,1,0,0,6,5,1,24,8,5,0,0,0,69,14,15,48.3,Bournemouth,Liverpool,December-7-2019
0,0,0,612,13,10,10,1.5,1.5,1.0,14,4,395,505,78.2,39,424,14,20,15,505,78.2,7455,2507,158,182,86.8,179,213,84.0,48,86,55.8,2,1.0,1.0,5,20,9,2,39,505,454,50,15,0,1,13,23,4,395,1,10,13,7,4,7,2,4,13,30.8,9,10,1,9,10,23,24,1,612,62,252,235,135,20,612,20,15,75.0,5,25.0,424,1996,1008,14,10,4,21,5,392,39,1,0,0,14,14,1,13,10,7,0,0,0,57,15,14,51.7,0,0,0,645,10,12,10,1.7,1.7,1.5,16,3,432,551,78.4,42,308,22,13,9,551,78.4,7449,2740,191,218,87.6,175,207,84.5,40,81,49.4,2,1.5,0.8,7,35,10,1,42,551,499,52,15,1,3,20,20,6,432,0,13,10,6,3,6,1,5,20,25.0,15,10,1,9,12,22,17,1,645,47,181,302,168,19,645,13,9,69.2,4,30.8,308,1838,878,22,14,5,17,9,430,41,3,0,0,15,14,0,20,12,6,0,0,0,59,14,15,48.3,Manchester Utd,Southampton,July-13-2020
0,0,0,749,17,5,9,2.5,2.5,1.5,47,5,556,651,85.4,71,540,45,25,11,651,85.4,9007,2648,300,317,94.6,208,240,86.7,38,64,59.4,2,1.5,1.5,22,51,19,3,71,651,603,47,7,3,2,38,22,14,556,1,14,17,12,6,6,5,4,8,50.0,4,9,1,8,5,22,6,1,749,23,83,359,323,41,749,25,11,44.0,14,56.0,540,2964,1764,45,35,10,7,15,551,70,1,0,0,13,9,1,38,5,12,0,0,0,56,10,12,45.5,0,0,0,422,29,9,18,0.7,0.7,0.7,9,2,214,277,77.3,17,183,6,8,4,277,77.3,4137,1842,97,107,90.7,90,103,87.4,24,53,45.3,1,0.7,0.2,7,17,4,2,17,277,237,40,14,1,3,8,9,0,214,0,8,29,13,18,8,3,14,25,56.0,11,18,11,7,9,38,46,1,422,104,220,152,55,8,422,8,4,50.0,4,50.0,183,1063,557,6,8,0,13,13,213,17,0,0,0,9,13,0,8,9,13,0,0,0,39,12,10,54.5,Tottenham,Aston Villa,August-10-2019
1,1,0,488,20,9,10,1.2,0.4,0.4,12,3,266,361,73.7,19,213,7,17,13,361,73.7,5317,2386,117,135,86.7,95,115,82.6,46,90,51.1,1,0.4,0.3,5,21,6,1,19,361,314,47,10,0,3,6,21,3,266,0,8,20,9,10,8,2,11,28,39.3,17,10,6,4,9,29,37,0,488,83,215,184,94,8,487,17,13,76.5,4,23.5,213,1244,538,7,7,1,10,11,265,19,1,0,0,13,9,0,6,9,9,0,0,0,44,32,20,61.5,0,0,0,757,15,6,11,1.8,1.8,1.2,28,2,551,661,83.4,46,503,26,28,17,661,83.4,9590,2932,233,257,90.7,258,289,89.3,42,75,56.0,0,1.2,1.3,12,38,7,1,46,661,611,49,13,0,9,35,25,5,551,1,7,15,10,7,5,3,4,17,23.5,13,11,3,8,6,21,9,0,757,44,188,356,220,28,757,28,17,60.7,11,39.3,503,2774,1386,26,21,3,11,9,544,46,1,0,0,10,13,1,35,6,10,0,1,0,51,20,32,38.5,Everton,Leicester City,July-1-2020
0,0,0,438,15,12,13,1.4,1.4,1.4,15,0,204,317,64.4,23,203,8,13,6,317,64.4,3347,1441,104,121,86.0,67,93,72.0,21,62,33.9,0,1.4,0.9,8,19,5,2,23,317,261,55,14,0,2,21,22,8,204,1,16,15,11,6,5,4,7,11,63.6,4,13,5,8,12,27,28,0,438,58,170,140,131,21,438,13,6,46.2,7,53.8,203,991,469,8,7,2,12,14,203,23,3,0,0,11,14,1,21,12,11,0,0,0,50,16,29,35.6,0,0,0,684,21,12,18,0.5,0.5,0.2,16,0,430,547,78.6,44,328,19,11,4,547,78.6,8136,2571,176,207,85.0,181,206,87.9,57,98,58.2,0,0.2,0.6,4,29,12,2,44,547,505,42,11,3,4,28,17,12,430,0,11,21,16,13,6,2,7,13,53.8,6,18,3,15,12,33,39,0,684,64,225,276,189,23,684,11,4,36.4,7,63.6,328,1815,962,19,19,5,14,8,427,44,2,0,0,14,10,0,28,12,16,0,0,0,56,29,16,64.4,Bournemouth,Tottenham,July-9-2020
0,0,0,538,8,11,10,0.6,0.6,0.4,21,0,367,458,80.1,30,337,12,14,9,458,80.1,6601,2189,173,187,92.5,145,164,88.4,44,91,48.4,0,0.4,0.4,9,37,6,3,30,458,414,44,18,0,6,15,15,2,367,0,3,8,2,6,1,1,3,11,27.3,8,10,1,9,11,19,11,1,538,30,128,299,121,14,538,14,9,64.3,5,35.7,337,1846,813,12,11,2,12,5,365,30,1,0,0,16,13,0,15,11,2,0,0,0,49,20,26,43.5,0,0,0,575,10,7,5,0.7,0.7,0.5,15,2,396,501,79.0,27,324,15,11,8,501,79.0,7571,2887,172,198,86.9,124,146,84.9,74,103,71.8,1,0.5,0.5,7,29,5,1,27,501,445,54,16,1,7,13,19,2,396,2,11,10,6,7,2,1,5,14,35.7,9,5,2,3,7,17,9,0,575,41,168,252,158,15,575,11,8,72.7,3,27.3,324,1496,698,15,13,3,12,5,395,27,1,0,0,16,16,2,13,7,6,0,0,0,49,26,20,56.5,Aston Villa,Wolves,June-27-2020
1,1,0,682,9,13,11,2.6,1.8,1.6,22,5,506,598,84.6,42,412,35,19,15,598,84.6,9596,2983,189,215,87.9,237,265,89.4,63,87,72.4,2,1.6,0.6,10,26,4,0,42,598,557,40,8,3,10,10,20,5,506,1,10,9,6,5,4,0,3,10,30.0,7,11,3,8,13,22,13,0,682,39,176,370,146,15,681,19,15,78.9,4,21.1,412,2264,1255,35,23,4,9,6,501,41,0,0,0,9,9,1,10,13,6,1,0,0,45,14,14,50.0,0,0,0,565,10,14,12,0.3,0.3,0.3,12,0,392,485,80.8,30,334,18,10,7,485,80.8,6586,2247,180,204,88.2,162,186,87.1,35,63,55.6,0,0.3,0.5,6,19,4,2,30,485,449,36,10,1,3,13,14,2,392,0,10,10,8,6,4,0,4,19,21.1,15,12,3,9,14,24,14,0,565,65,184,300,83,13,565,10,7,70.0,3,30.0,334,1967,1012,18,11,3,9,6,388,30,2,0,0,9,9,0,13,14,8,0,1,0,44,14,14,50.0,Wolves,Everton,July-12-2020
0,0,0,674,21,12,17,1.7,1.7,1.5,27,2,416,546,76.2,41,418,30,16,9,546,76.2,7534,2680,164,194,84.5,185,223,83.0,46,85,54.1,1,1.5,1.1,11,26,15,3,41,546,499,45,9,2,2,27,21,4,416,2,9,21,13,9,10,2,12,23,52.2,11,17,1,16,12,33,24,0,674,73,195,304,179,31,674,16,9,56.3,7,43.8,418,2297,1201,30,22,6,10,6,414,40,2,0,0,7,6,2,27,12,13,0,0,0,56,15,17,46.9,0,0,0,616,13,10,12,1.3,1.3,0.3,18,0,349,480,72.7,47,283,15,23,11,480,72.7,6884,2900,143,174,82.2,151,191,79.1,52,88,59.1,0,0.3,0.6,5,29,6,1,47,480,428,50,9,2,7,14,28,3,349,2,18,13,6,4,9,0,7,16,43.8,9,12,4,8,10,23,28,0,616,83,216,293,112,19,616,23,11,47.8,12,52.2,283,1573,854,15,13,3,16,9,344,47,1,0,0,7,6,2,14,10,6,0,0,0,67,17,15,53.1,Everton,Brighton,January-11-2020
1,1,0,685,19,14,8,3.6,2.8,2.1,32,3,423,554,76.4,36,452,37,24,16,554,76.4,7570,2742,194,217,89.4,148,192,77.1,59,104,56.7,1,2.1,1.5,14,31,10,3,36,554,494,57,17,5,6,17,33,4,423,3,10,19,10,9,7,3,12,25,48.0,13,8,0,8,14,33,28,0,685,65,197,318,177,31,684,24,16,66.7,8,33.3,452,2286,1182,37,26,11,16,8,422,36,1,0,0,9,17,3,17,14,10,1,0,0,72,11,17,39.3,0,0,0,634,16,19,12,0.1,0.1,0.1,4,2,376,522,72.0,43,380,17,25,13,522,72.0,6438,2450,179,207,86.5,148,194,76.3,38,81,46.9,1,0.1,0.4,1,20,6,0,43,522,473,47,11,4,5,19,18,6,376,2,11,16,10,10,2,4,8,24,33.3,16,12,4,8,19,35,29,0,634,75,253,251,139,15,634,25,13,52.0,12,48.0,380,1635,907,17,13,6,11,7,377,43,4,0,0,17,8,2,19,19,10,0,1,0,68,17,11,60.7,Liverpool,Leicester City,October-5-2019
0,0,0,657,13,8,7,1.2,1.2,1.2,20,0,471,563,83.7,31,337,21,18,6,563,83.7,8656,3043,212,226,93.8,191,220,86.8,59,96,61.5,0,1.2,1.1,10,28,10,3,31,563,514,48,11,3,5,16,27,3,471,1,7,13,7,8,3,2,2,10,20.0,8,7,3,4,8,21,10,2,657,46,211,310,140,16,657,18,6,33.3,12,66.7,337,1726,856,21,18,1,17,17,467,31,2,0,0,6,11,1,16,8,7,0,0,0,53,17,13,56.7,0,0,0,620,29,11,10,1.3,1.3,1.0,12,4,415,507,81.9,32,387,16,10,8,507,81.9,7181,2089,189,213,88.7,177,202,87.6,35,67,52.2,1,1.0,0.3,4,23,2,1,32,507,474,33,7,0,2,10,11,5,415,0,5,29,19,10,13,6,12,18,66.7,6,10,4,6,11,40,26,0,620,71,185,334,106,10,620,10,8,80.0,2,20.0,387,2167,1222,16,13,2,16,11,410,32,4,0,0,11,6,0,10,11,19,0,0,0,52,13,17,43.3,Wolves,Arsenal,July-4-2020
0,1,0,700,9,6,5,2.5,1.7,1.0,38,2,512,613,83.5,60,421,32,16,7,613,83.5,8610,2586,250,286,87.4,190,218,87.2,53,75,70.7,1,1.0,1.3,14,51,8,2,60,613,562,51,14,2,3,27,21,8,512,0,10,9,4,4,3,2,3,12,25.0,9,5,1,4,6,15,8,0,700,34,116,336,252,34,699,16,7,43.8,9,56.3,421,2496,1550,32,22,7,13,16,508,60,2,0,0,8,18,0,27,6,4,1,0,0,45,23,15,60.5,0,0,0,379,25,16,15,1.1,1.1,0.3,9,4,151,253,59.7,13,126,13,12,9,253,59.7,2763,1538,74,105,70.5,47,69,68.1,21,58,36.2,1,0.3,0.1,2,8,2,0,13,253,207,46,8,0,1,7,15,1,151,0,6,25,13,15,6,4,9,16,56.3,7,15,6,9,16,41,27,0,379,76,178,136,67,16,379,12,9,75.0,3,25.0,126,817,424,13,6,6,11,6,150,13,4,0,0,18,7,0,7,16,13,0,1,0,31,15,23,39.5,Manchester Utd,Crystal Palace,August-24-2019
0,0,0,489,23,15,6,0.8,0.8,0.7,22,5,253,362,69.9,35,216,17,22,12,362,69.9,5113,2547,110,138,79.7,98,129,76.0,43,80,53.8,1,0.7,0.7,9,21,7,3,35,362,316,44,10,0,2,22,14,4,253,2,4,23,16,9,14,0,9,16,56.3,7,6,3,3,15,38,20,2,489,58,125,255,113,18,489,22,12,54.5,10,45.5,216,1343,763,17,12,1,19,9,252,35,1,0,0,8,9,2,22,15,16,0,0,1,53,28,28,50.0,0,0,0,767,19,12,7,1.9,1.9,1.5,35,2,545,662,82.3,62,453,18,16,7,662,82.3,10002,3490,210,241,87.1,255,284,89.8,63,102,61.8,1,1.5,1.0,12,47,14,5,62,662,615,46,8,1,3,24,20,6,545,1,4,19,8,9,9,1,10,22,45.5,12,7,3,4,12,31,12,0,767,64,206,405,166,25,767,16,7,43.8,9,56.3,453,2594,1263,18,14,3,11,14,542,62,1,0,0,9,6,1,24,12,8,0,0,0,50,28,28,50.0,West Ham,Brighton,February-1-2020
0,0,0,522,14,13,9,1.4,1.4,1.1,14,2,298,410,72.7,23,283,10,18,8,410,72.7,5215,2096,143,163,87.7,117,149,78.5,30,74,40.5,1,1.1,0.6,6,21,4,1,23,410,363,44,12,1,1,12,17,4,298,3,8,14,11,9,4,1,6,17,35.3,11,9,1,8,13,27,31,0,522,47,139,294,101,15,522,18,8,44.4,10,55.6,283,1484,610,10,16,0,16,7,295,23,0,0,0,15,11,3,12,13,11,0,0,0,46,31,21,59.6,0,0,0,538,17,7,8,1.0,1.0,0.8,13,0,312,442,70.6,18,303,14,17,11,442,70.6,5373,2013,136,162,84.0,104,135,77.0,46,99,46.5,0,0.8,0.7,5,20,7,5,18,442,393,48,18,0,5,24,18,3,312,1,11,17,8,10,6,1,10,18,55.6,8,8,1,7,7,24,16,1,538,43,170,244,133,9,538,17,11,64.7,6,35.3,303,1573,802,14,13,1,17,8,310,17,2,0,0,12,15,1,24,7,8,0,0,0,56,21,31,40.4,Burnley,Newcastle Utd,December-14-2019
0,0,0,663,23,15,13,0.8,0.8,0.7,31,4,437,550,79.5,42,424,22,17,11,550,79.5,7951,2826,183,215,85.1,200,225,88.9,43,83,51.8,2,0.7,0.5,14,29,7,0,42,550,494,53,10,3,4,24,24,9,437,3,6,23,15,10,9,4,7,13,53.8,6,13,5,8,15,38,13,0,663,48,200,284,185,20,663,17,11,64.7,6,35.3,424,2109,946,22,18,8,15,12,434,42,0,0,0,9,10,3,24,15,15,0,0,0,53,23,21,52.3,0,0,0,566,18,13,9,0.5,0.5,0.4,14,0,342,446,76.7,35,275,19,13,6,446,76.7,5308,1722,175,198,88.4,127,159,79.9,24,53,45.3,0,0.4,0.3,7,20,4,0,35,446,401,45,12,0,3,8,19,2,342,0,9,18,9,14,4,0,6,17,35.3,11,9,4,5,13,31,31,0,566,82,203,259,108,14,566,13,6,46.2,7,53.8,275,1734,912,19,10,8,11,16,339,34,2,0,0,11,9,0,8,13,9,0,0,0,50,21,23,47.7,Brighton,Bournemouth,December-28-2019
0,0,0,720,13,12,13,1.4,1.4,0.4,21,2,489,617,79.3,47,406,38,24,12,617,79.3,8401,2477,192,223,86.1,238,278,85.6,35,71,49.3,0,0.4,0.4,8,31,6,1,47,617,566,48,12,1,3,17,23,4,489,3,7,13,8,5,7,1,6,15,40.0,9,13,3,10,12,25,18,0,720,74,251,319,156,21,720,24,12,50.0,12,50.0,406,2848,1819,38,16,7,12,8,485,46,1,0,0,9,9,3,17,12,8,0,0,0,67,21,27,43.8,0,0,0,502,20,18,8,0.8,0.8,0.5,18,2,271,396,68.4,29,211,12,15,9,396,68.4,5360,2276,125,152,82.2,104,137,75.9,39,82,47.6,0,0.5,0.7,6,32,6,3,29,396,348,48,12,0,1,24,18,5,271,0,12,20,12,7,9,4,12,24,50.0,12,8,2,6,18,38,18,0,502,49,139,248,125,24,502,15,9,60.0,6,40.0,211,1187,590,12,11,4,13,7,266,27,2,0,0,13,8,0,24,18,12,0,0,0,63,27,21,56.3,Arsenal,Sheffield Utd,January-18-2020
0,0,0,612,16,9,9,1.3,1.3,1.2,22,2,369,494,74.7,52,291,17,11,4,494,74.7,6611,2664,193,222,86.9,117,157,74.5,51,88,58.0,1,1.2,0.6,10,41,8,5,52,494,437,54,14,2,9,27,25,7,369,3,3,16,13,6,7,3,4,10,40.0,6,9,3,6,9,25,20,0,612,49,160,320,141,18,612,11,4,36.4,7,63.6,291,1747,856,17,10,5,20,13,366,51,1,0,0,11,13,3,27,9,13,0,0,0,62,36,25,59.0,0,0,0,621,20,15,5,1.8,1.8,1.6,18,2,384,502,76.5,35,400,17,10,6,502,76.5,6425,2464,185,215,86.0,141,174,81.0,37,74,50.0,1,1.6,1.3,8,30,8,2,35,502,459,42,14,4,3,25,12,6,384,1,9,20,10,11,7,2,7,11,63.6,4,5,3,2,15,35,19,1,621,71,214,268,149,20,621,10,6,60.0,4,40.0,400,2126,1097,17,17,3,15,12,384,35,0,0,0,13,11,1,25,15,10,0,0,0,71,25,36,41.0,West Ham,Everton,January-18-2020
0,0,0,513,15,17,5,0.5,0.5,0.3,11,0,305,405,75.3,49,299,11,19,12,405,75.3,6043,2531,124,147,84.4,132,163,81.0,44,75,58.7,0,0.3,0.7,5,24,8,1,49,405,356,49,11,0,5,23,26,5,305,0,9,15,6,9,2,4,9,22,40.9,13,5,0,5,17,32,14,0,513,39,147,227,145,22,513,19,12,63.2,7,36.8,299,1550,702,11,10,3,22,7,303,49,2,0,0,10,10,0,23,17,6,0,0,0,53,15,16,48.4,0,0,0,649,14,6,10,0.6,0.6,0.6,10,0,435,534,81.5,34,379,21,22,13,534,81.5,8322,2761,161,182,88.5,217,245,88.6,52,83,62.7,0,0.6,0.2,6,25,2,1,34,534,477,56,10,1,5,16,30,4,435,1,7,14,10,6,5,3,7,19,36.8,12,10,4,6,6,20,27,0,649,76,266,284,107,8,649,22,13,59.1,9,40.9,379,2375,1296,21,20,3,19,6,433,33,3,0,0,11,10,1,16,6,10,0,0,0,50,16,15,51.6,Everton,Arsenal,December-21-2019
0,0,0,666,15,10,13,0.9,0.9,0.5,19,0,376,534,70.4,39,302,13,18,8,534,70.4,6680,2533,177,217,81.6,152,205,74.1,40,82,48.8,0,0.5,0.9,8,35,16,8,39,534,478,52,14,2,1,26,27,5,376,4,9,15,8,10,5,0,6,18,33.3,12,13,3,10,10,25,24,0,666,47,172,337,163,23,666,18,8,44.4,10,55.6,302,1597,863,13,11,0,23,7,373,39,1,0,0,9,12,4,26,10,8,0,0,0,68,33,31,51.6,0,0,0,525,17,12,6,0.9,0.9,0.8,20,2,243,406,59.9,28,186,9,18,12,406,59.9,4676,2554,123,161,76.4,69,121,57.0,46,93,49.5,1,0.8,1.2,10,18,7,4,28,406,348,56,11,0,0,20,24,8,243,2,11,17,11,9,7,1,10,18,55.6,8,6,0,6,12,29,31,0,525,55,178,216,134,21,525,18,12,66.7,6,33.3,186,798,302,9,9,3,14,9,241,28,3,0,0,14,9,2,20,12,11,0,0,0,68,31,33,48.4,Southampton,West Ham,December-14-2019
0,0,0,453,18,16,14,1.6,1.6,1.6,12,6,225,344,65.4,20,227,13,13,8,344,65.4,4835,2328,94,123,76.4,85,117,72.6,42,86,48.8,3,1.6,1.3,7,16,5,2,20,344,300,42,14,0,4,9,19,1,225,2,5,18,12,10,7,1,3,12,25.0,9,14,2,12,16,34,28,0,453,78,170,163,127,20,453,13,8,61.5,5,38.5,227,1286,587,13,13,4,13,9,224,20,2,0,0,13,11,2,9,16,12,0,0,0,48,24,19,55.8,0,0,0,780,14,15,5,1.1,1.1,1.0,16,2,573,693,82.7,43,562,41,12,9,693,82.7,10228,3122,249,279,89.2,255,287,88.9,53,89,59.6,1,1.0,1.3,7,33,8,1,43,693,641,51,13,2,6,28,21,6,573,1,14,14,11,9,5,0,5,13,38.5,8,5,0,5,15,29,9,0,780,50,229,355,203,29,780,12,9,75.0,3,25.0,562,3031,1769,41,28,10,23,15,572,43,0,0,0,13,12,1,28,15,11,0,0,0,48,19,24,44.2,Sheffield Utd,Tottenham,July-2-2020
0,0,0,692,12,10,18,0.8,0.8,0.7,21,0,498,582,85.6,42,431,16,8,6,582,85.6,8503,2633,225,243,92.6,205,228,89.9,50,79,63.3,0,0.7,0.7,9,38,5,1,42,582,542,39,13,0,8,23,9,9,498,1,8,12,7,4,7,1,3,13,23.1,10,18,7,11,10,22,21,0,692,66,189,359,144,17,692,8,6,75.0,2,25.0,431,2327,1094,16,9,4,15,13,491,41,4,0,0,13,12,1,23,10,7,0,0,0,38,14,14,50.0,0,0,0,458,15,12,10,0.9,0.9,0.9,20,0,268,366,73.2,25,243,11,13,10,366,73.2,5422,2100,115,132,87.1,94,123,76.4,47,79,59.5,0,0.9,0.7,10,13,5,2,25,366,316,49,13,0,7,24,22,7,268,1,12,15,8,7,6,2,2,8,25.0,6,10,3,7,12,27,24,1,458,41,158,198,107,16,458,13,10,76.9,3,23.1,243,1245,564,11,11,4,7,9,266,25,2,0,0,12,13,1,24,12,8,0,0,0,34,14,14,50.0,Brighton,Newcastle Utd,July-20-2020
1,1,0,915,12,2,3,2.4,1.6,1.6,37,9,771,848,90.9,61,667,25,16,9,848,90.9,12866,3709,340,365,93.2,325,343,94.8,65,80,81.3,4,1.6,1.4,17,58,12,3,61,848,816,31,7,1,10,9,17,3,771,1,7,12,8,6,5,1,6,14,42.9,8,3,0,3,2,14,8,0,915,47,219,502,196,28,914,16,9,56.3,7,43.8,667,3031,1762,25,19,9,9,4,762,61,1,0,0,8,7,1,9,2,8,1,0,0,42,18,11,62.1,0,0,0,413,11,9,11,0.0,0.0,0.0,2,0,260,343,75.8,11,199,6,14,8,343,75.8,4601,1444,126,136,92.6,88,103,85.4,36,84,42.9,0,0.0,0.1,0,14,0,0,11,343,302,39,7,0,5,4,13,1,260,2,3,11,7,5,5,1,7,16,43.8,9,11,4,7,9,20,12,0,413,60,179,182,55,3,413,14,8,57.1,6,42.9,199,944,428,6,3,0,12,6,257,10,1,0,0,7,7,2,4,9,7,0,1,0,32,11,18,37.9,Manchester City,Burnley,June-22-2020
0,0,0,880,7,11,9,1.8,1.8,1.7,26,3,653,789,82.8,55,655,27,20,14,789,82.8,11263,3125,260,302,86.1,323,355,91.0,44,83,53.0,2,1.7,1.0,12,54,12,3,55,789,730,58,17,5,4,30,26,9,653,1,16,7,4,2,2,3,3,9,33.3,6,9,3,6,11,18,20,0,880,44,162,432,290,30,880,20,14,70.0,6,30.0,655,2634,1384,27,25,6,13,3,652,55,0,0,0,10,12,1,30,11,4,0,0,0,50,18,19,48.6,0,0,0,397,9,13,17,1.4,1.4,1.4,12,2,162,282,57.4,13,187,12,9,6,282,57.4,2767,1386,91,123,74.0,38,70,54.3,23,64,35.9,1,1.4,0.9,6,12,3,1,13,282,236,41,10,4,1,14,16,4,162,5,7,9,6,6,3,0,6,20,30.0,14,17,4,13,13,22,45,1,397,77,180,128,92,12,397,9,6,66.7,3,33.3,187,1031,567,12,8,3,8,4,162,13,1,0,0,12,7,5,14,13,6,0,0,0,47,19,18,51.4,Liverpool,Bournemouth,March-7-2020
0,0,0,865,11,11,9,1.0,1.0,0.4,23,2,629,762,82.5,69,608,26,19,12,762,82.5,10694,3130,288,329,87.5,279,316,88.3,48,81,59.3,0,0.4,0.8,9,38,14,3,69,762,701,56,9,1,4,40,30,11,629,5,6,11,8,4,6,1,2,16,12.5,14,9,3,6,11,22,6,1,865,35,142,465,263,24,865,19,12,63.2,7,36.8,608,2908,1513,26,27,4,28,13,627,69,4,0,0,5,8,5,40,11,8,0,0,0,58,16,18,47.1,0,0,0,469,20,14,9,0.7,0.7,0.5,13,2,222,337,65.9,19,224,15,16,14,337,65.9,3444,1370,117,144,81.3,65,89,73.0,22,74,29.7,1,0.5,0.2,4,14,2,1,19,337,301,35,8,0,3,5,15,2,222,1,6,20,12,9,11,0,7,19,36.8,12,9,6,3,14,34,55,1,469,86,206,216,53,10,469,16,14,87.5,2,12.5,224,1373,706,15,6,6,9,9,221,19,3,0,0,9,5,1,5,14,12,0,0,0,54,18,16,52.9,Tottenham,Watford,October-19-2019
1,1,0,741,9,6,6,1.6,0.8,0.4,31,2,500,635,78.7,54,423,32,14,8,635,78.7,8750,3080,238,266,89.5,179,227,78.9,63,102,61.8,0,0.4,0.7,12,41,8,3,54,635,590,44,11,1,11,21,21,4,500,1,6,9,7,7,2,0,5,10,50.0,5,6,3,3,6,15,29,0,741,58,207,348,192,27,740,14,8,57.1,6,42.9,423,2459,1446,32,20,7,10,6,498,54,0,0,0,9,11,1,21,6,7,1,0,0,59,41,24,63.1,0,0,0,452,12,11,11,1.6,1.6,0.6,23,2,220,342,64.3,25,198,11,10,5,342,64.3,4286,1983,95,123,77.2,84,110,76.4,35,94,37.2,1,0.6,0.6,9,24,8,4,25,342,303,38,10,0,1,19,12,3,220,1,4,12,7,6,5,1,6,14,42.9,8,11,7,4,11,23,29,0,452,64,141,208,108,18,452,10,5,50.0,5,50.0,198,1023,456,11,9,2,14,4,218,24,2,0,0,11,9,1,19,11,7,0,1,0,48,24,41,36.9,Wolves,Burnley,August-25-2019
0,0,1,533,23,11,9,1.0,1.0,1.0,17,4,310,404,76.7,31,317,23,25,11,404,76.7,5482,2216,144,175,82.3,121,141,85.8,33,63,52.4,2,1.0,0.6,9,22,4,0,31,404,352,51,17,1,2,9,18,6,310,1,7,23,12,18,5,0,8,14,57.1,6,9,2,7,11,34,29,2,533,76,223,211,102,20,533,25,11,44.0,14,56.0,317,1698,989,23,7,6,16,10,309,31,2,1,1,5,16,1,9,11,12,0,0,0,44,18,17,51.4,0,0,0,681,24,11,7,1.5,1.5,0.6,24,1,473,569,83.1,66,373,23,14,6,569,83.1,8101,2619,219,240,91.3,210,241,87.1,35,67,52.2,0,0.6,0.8,10,49,10,1,66,569,525,43,5,0,5,25,23,6,473,1,9,24,12,10,7,7,14,25,56.0,11,7,1,6,11,35,13,0,681,35,122,327,236,25,681,14,6,42.9,8,57.1,373,2034,1060,23,17,9,20,15,472,66,2,0,0,16,5,1,25,11,12,0,0,0,55,17,18,48.6,Tottenham,Southampton,September-28-2019
0,0,0,860,12,10,8,3.3,3.3,2.2,55,5,691,770,89.7,105,591,41,24,19,770,89.7,11936,3442,283,308,91.9,318,344,92.4,61,77,79.2,2,2.2,2.5,25,66,31,2,105,770,733,37,6,2,2,24,17,9,691,0,7,12,8,1,7,4,2,6,33.3,4,8,0,8,10,22,5,0,860,35,109,385,372,79,860,24,19,79.2,5,20.8,591,3293,2066,41,31,20,13,9,689,105,1,0,0,7,4,0,24,10,8,0,0,0,51,9,7,56.3,0,0,0,390,14,14,15,1.0,1.0,1.0,8,0,209,292,71.6,12,187,8,6,4,292,71.6,3669,1663,106,125,84.8,71,84,84.5,25,63,39.7,0,1.0,0.3,4,9,1,0,12,292,241,49,7,2,1,3,13,0,209,2,7,14,5,7,7,0,5,24,20.8,19,15,10,5,14,28,27,2,390,118,221,130,40,8,390,6,4,66.7,2,33.3,187,924,475,8,3,4,10,10,209,12,1,0,0,4,6,2,3,14,5,0,0,0,31,7,9,43.8,Manchester City,Norwich City,July-26-2020
0,0,0,693,12,9,8,2.6,2.6,2.6,22,1,465,609,76.4,55,388,22,14,10,609,76.4,8437,2768,220,250,88.0,193,225,85.8,47,106,44.3,1,2.6,1.2,11,35,8,1,55,609,551,54,14,2,9,34,25,10,465,4,12,12,8,6,5,1,5,18,27.8,13,8,4,4,9,21,11,0,693,44,169,372,157,29,693,14,10,71.4,4,28.6,388,1905,957,22,14,9,7,7,460,55,2,0,0,7,10,4,34,9,8,0,0,0,62,19,24,44.2,0,0,0,520,11,14,10,1.0,1.0,0.9,18,2,285,398,71.6,31,236,20,18,13,398,71.6,5230,1903,138,154,89.6,113,145,77.9,32,83,38.6,1,0.9,0.4,9,18,6,2,31,398,350,44,11,0,7,15,20,4,285,4,7,11,6,7,3,1,4,14,28.6,10,10,1,9,14,25,28,0,520,73,183,229,113,18,520,18,13,72.2,5,27.8,236,1261,677,20,14,2,12,7,284,31,2,0,0,10,7,4,15,14,6,0,0,0,59,24,19,55.8,West Ham,Sheffield Utd,October-26-2019
0,0,0,675,5,7,7,1.5,1.5,1.1,38,2,467,591,79.0,40,446,26,22,12,591,79.0,8082,2985,218,245,89.0,193,234,82.5,47,86,54.7,1,1.1,0.8,17,30,12,5,40,591,529,62,14,1,3,33,32,10,467,0,9,5,4,1,4,0,3,5,60.0,2,7,0,7,7,12,14,0,675,53,208,318,156,24,675,22,12,54.5,10,45.5,446,2431,1149,26,21,3,9,10,459,40,0,0,0,15,14,0,33,7,4,0,0,0,52,30,35,46.2,0,0,0,395,20,9,17,0.3,0.3,0.3,11,0,171,288,59.4,12,146,5,5,2,288,59.4,3340,1601,85,116,73.3,56,80,70.0,28,78,35.9,0,0.3,0.7,5,12,1,1,12,288,243,44,14,0,2,8,18,2,171,1,7,20,13,10,10,0,10,22,45.5,12,17,8,9,9,29,25,0,395,68,153,177,66,8,395,5,2,40.0,3,60.0,146,632,249,5,1,0,10,2,171,12,0,0,0,14,14,1,8,9,13,0,0,0,40,35,30,53.8,Everton,Burnley,December-26-2019
0,0,0,549,20,21,12,0.6,0.6,0.5,10,0,271,420,64.5,31,229,13,27,16,420,64.5,4995,2368,120,153,78.4,102,145,70.3,40,84,47.6,0,0.5,0.6,5,18,6,1,31,420,351,67,14,0,2,4,40,0,271,2,8,20,14,10,9,1,10,24,41.7,14,12,3,9,21,41,18,0,549,59,222,242,91,19,549,27,16,59.3,11,40.7,229,1342,618,13,7,6,23,11,269,31,1,0,0,12,13,2,4,21,14,0,0,0,55,30,27,52.6,0,0,0,642,22,11,9,1.1,1.1,1.1,27,3,350,508,68.9,48,276,16,24,14,508,68.9,6120,2590,172,211,81.5,125,178,70.2,41,86,47.7,2,1.1,1.5,15,36,11,2,48,508,443,64,14,1,6,19,33,8,350,1,10,22,14,8,12,2,11,27,40.7,16,9,1,8,11,33,16,1,642,41,131,323,195,18,642,24,14,58.3,10,41.7,276,1718,760,16,11,3,24,10,344,47,2,0,0,13,12,1,19,11,14,0,0,0,61,27,30,47.4,Crystal Palace,Southampton,January-21-2020
0,0,0,767,13,11,4,0.8,0.8,0.5,20,0,536,664,80.7,62,433,24,15,5,664,80.7,10225,3467,202,242,83.5,268,312,85.9,60,91,65.9,0,0.5,0.8,5,49,12,3,62,664,616,46,14,1,6,28,22,3,536,2,4,13,8,5,6,2,1,7,14.3,6,4,1,3,11,24,9,0,767,55,205,339,228,26,767,15,5,33.3,10,66.7,433,2613,1313,24,30,4,17,15,534,62,2,0,0,9,12,2,28,11,8,0,0,0,52,35,19,64.8,0,0,0,452,25,18,7,0.2,0.2,0.2,10,2,214,336,63.7,21,173,11,7,6,336,63.7,3740,1625,105,135,77.8,76,102,74.5,26,79,32.9,1,0.2,0.3,4,11,4,0,21,336,287,47,10,0,3,7,22,2,214,2,4,25,15,18,6,1,10,15,66.7,5,7,3,4,18,43,26,0,452,64,188,189,81,15,452,7,6,85.7,1,14.3,173,1046,586,11,4,4,14,12,214,21,2,0,0,12,9,2,7,18,15,0,0,1,38,19,35,35.2,Brighton,Watford,February-8-2020
0,0,0,613,29,11,7,2.0,2.0,1.5,33,4,416,508,81.9,40,346,37,28,22,508,81.9,7200,3022,214,249,85.9,145,161,90.1,44,66,66.7,1,1.5,1.3,14,30,10,2,40,508,463,43,13,2,3,14,14,8,416,2,12,29,19,13,13,3,8,27,29.6,19,7,2,5,11,40,9,1,613,44,131,321,167,36,613,28,22,78.6,6,21.4,346,2501,1352,37,20,16,12,8,412,40,2,0,0,16,10,2,14,11,19,0,0,0,52,16,8,66.7,0,0,0,653,14,7,13,1.4,1.4,1.2,13,0,462,547,84.5,41,435,24,27,19,547,84.5,6823,2446,281,308,91.2,123,145,84.8,36,58,62.1,0,1.2,0.6,5,39,9,3,41,547,493,51,17,1,6,14,23,2,462,3,5,14,10,5,7,2,6,28,21.4,22,13,4,9,7,21,16,0,653,59,177,366,116,16,653,27,19,70.4,8,29.6,435,2242,1291,24,13,3,9,21,456,41,1,0,0,10,15,3,14,7,10,0,0,0,53,8,16,33.3,West Ham,Norwich City,August-31-2019
0,0,0,524,21,14,10,1.2,1.2,1.0,15,4,300,425,70.6,34,291,11,10,5,425,70.6,5387,2174,133,160,83.1,118,155,76.1,37,80,46.3,1,1.0,1.0,6,25,6,2,34,425,372,53,15,0,8,24,23,4,300,0,11,21,10,14,6,1,11,27,40.7,16,10,3,7,14,35,9,0,524,48,157,203,168,22,524,10,5,50.0,5,50.0,291,1462,591,11,14,2,14,14,297,33,2,0,0,11,15,0,24,14,10,0,0,0,43,29,12,70.7,0,0,0,668,19,11,8,1.3,1.3,1.1,18,2,440,538,81.8,49,460,16,27,16,538,81.8,7486,2588,211,247,85.4,179,205,87.3,37,61,60.7,1,1.1,0.4,7,31,7,1,49,538,498,40,10,2,2,13,16,3,440,0,9,19,7,13,3,3,5,10,50.0,5,8,0,8,11,30,32,0,668,70,262,273,139,12,668,27,16,59.3,11,40.7,460,2487,1289,16,15,1,13,10,434,48,4,0,0,15,11,0,13,11,7,0,0,0,47,12,29,29.3,Watford,Norwich City,July-7-2020
0,0,0,567,19,5,16,0.6,0.6,0.6,17,0,312,451,69.2,21,299,18,22,10,451,69.2,5369,1933,139,170,81.8,127,165,77.0,30,79,38.0,0,0.6,0.4,8,19,1,0,21,451,390,58,16,0,4,15,19,9,312,3,12,19,10,9,10,0,12,30,40.0,18,16,8,8,5,24,18,0,567,78,248,219,105,12,567,22,10,45.5,12,54.5,299,1481,764,18,6,6,13,12,308,21,1,0,0,9,15,3,15,5,10,0,0,0,56,12,23,34.3,0,0,0,511,24,17,16,1.7,1.7,1.1,35,4,255,379,67.3,35,315,23,30,18,379,67.3,4503,1835,118,149,79.2,98,130,75.4,27,65,41.5,3,1.1,0.6,16,18,9,1,35,379,328,50,10,1,2,18,27,7,255,1,11,24,12,10,9,5,12,22,54.5,10,16,5,11,17,41,17,0,511,40,112,240,175,33,511,30,18,60.0,12,40.0,315,1734,858,23,21,11,21,7,253,34,1,0,0,15,7,1,18,17,12,0,0,0,71,23,12,65.7,Norwich City,Southampton,June-19-2020
0,0,0,623,15,6,9,0.9,0.9,0.2,19,2,425,527,80.6,42,420,12,11,5,527,80.6,7481,2537,195,214,91.1,171,197,86.8,47,87,54.0,1,0.2,0.5,6,36,6,3,42,527,479,48,12,0,6,10,28,0,425,0,10,15,8,12,3,0,6,9,66.7,3,9,3,6,6,21,26,1,623,59,206,278,142,11,623,11,5,45.5,6,54.5,420,1896,772,12,9,2,13,7,422,42,2,0,0,16,13,0,10,6,8,0,0,0,42,22,14,61.1,0,0,0,415,13,10,12,1.0,1.0,0.9,20,2,217,323,67.2,18,193,11,9,3,323,67.2,4510,1772,74,90,82.2,102,129,79.1,36,89,40.4,1,0.9,0.4,10,17,5,2,18,323,261,61,15,0,3,14,29,7,217,1,6,13,3,5,6,2,6,11,54.5,5,12,3,9,10,23,12,0,415,42,115,212,97,14,415,9,3,33.3,6,66.7,193,1165,484,11,9,2,12,9,212,18,1,0,0,13,16,1,14,10,3,0,0,0,49,14,22,38.9,West Ham,Aston Villa,July-26-2020
0,0,0,562,12,12,11,0.7,0.7,0.4,19,0,349,456,76.5,40,325,15,15,9,456,76.5,5654,2213,179,208,86.1,112,145,77.2,38,65,58.5,0,0.4,1.0,5,29,9,3,40,456,402,54,12,1,3,14,26,5,349,0,8,12,4,6,4,2,6,12,50.0,6,11,0,11,12,24,13,0,562,33,139,293,133,12,562,15,9,60.0,6,40.0,325,1578,816,15,11,1,11,18,344,38,0,0,0,15,11,0,14,12,4,0,0,1,45,14,18,43.8,0,0,0,597,24,11,11,0.8,0.8,0.8,10,4,370,484,76.4,30,289,15,12,6,484,76.4,7051,2522,155,181,85.6,160,189,84.7,51,87,58.6,2,0.8,0.6,4,21,7,1,30,484,436,45,15,1,8,12,19,2,370,3,14,24,14,15,7,2,6,15,40.0,9,11,4,7,11,35,25,1,597,68,250,248,104,11,597,12,6,50.0,6,50.0,289,1481,745,15,10,2,19,6,364,30,1,0,0,11,14,3,12,11,14,0,0,0,56,18,14,56.3,Watford,Brighton,August-10-2019
1,1,0,521,19,12,3,1.2,0.4,0.2,18,2,288,384,75.0,36,265,17,29,13,384,75.0,4692,1911,148,176,84.1,103,127,81.1,25,48,52.1,0,0.2,0.2,6,18,4,0,36,384,332,52,13,1,2,9,28,3,288,0,13,19,11,10,5,4,11,23,47.8,12,3,1,2,12,31,35,1,521,64,165,242,122,10,520,29,13,44.8,16,55.2,265,1634,891,17,13,3,17,14,285,35,1,0,0,14,14,0,9,12,11,1,0,0,54,11,16,40.7,0,0,0,641,30,10,12,0.6,0.6,0.4,15,0,398,525,75.8,33,389,12,23,12,525,75.8,6996,2542,203,232,87.5,138,174,79.3,48,89,53.9,0,0.4,0.3,4,25,4,0,33,525,466,57,13,2,6,24,26,9,398,2,7,30,17,11,16,3,16,29,55.2,13,12,0,12,10,40,12,0,641,48,200,287,158,26,641,23,12,52.2,11,47.8,389,1756,775,12,13,4,13,8,394,33,2,0,0,14,14,2,24,10,17,0,1,0,54,16,11,59.3,Manchester Utd,Leicester City,September-14-2019
0,0,0,456,18,8,10,2.4,2.4,0.6,35,2,219,329,66.6,14,222,13,15,9,329,66.6,4007,1892,103,123,83.7,64,98,65.3,35,76,46.1,0,0.6,0.3,10,14,6,2,14,329,284,41,6,0,1,18,21,5,219,4,4,18,8,10,4,4,12,21,57.1,9,10,5,5,8,26,33,0,456,64,170,176,117,21,456,15,9,60.0,6,40.0,222,1307,674,13,10,2,13,8,218,14,2,0,0,10,5,4,18,8,8,0,0,0,49,23,19,54.8,0,0,0,744,14,8,8,1.8,1.8,0.4,29,2,508,620,81.9,51,386,21,21,9,620,81.9,9258,2972,201,233,86.3,244,265,92.1,54,94,57.4,1,0.4,0.6,9,42,10,3,51,620,569,50,13,0,2,24,25,4,508,1,7,14,10,9,4,1,6,15,40.0,9,8,6,2,8,22,25,2,744,66,214,361,173,25,744,21,9,42.9,12,57.1,386,2345,1108,21,11,6,16,6,507,50,0,0,0,5,10,1,24,8,10,0,0,0,47,19,23,45.2,Newcastle Utd,Bournemouth,November-9-2019
0,0,0,739,17,12,8,2.1,2.1,1.8,19,4,479,618,77.5,46,387,24,27,20,618,77.5,8732,2841,196,234,83.8,233,273,85.3,41,80,51.3,1,1.8,2.0,6,32,9,4,46,618,552,64,12,0,2,25,41,6,479,2,10,17,11,7,5,5,8,15,53.3,7,8,0,8,12,29,19,2,739,53,158,390,197,23,739,27,20,74.1,7,25.9,387,2087,1053,24,17,5,21,11,472,46,1,0,0,6,10,2,25,12,11,0,0,0,55,12,21,36.4,0,0,0,489,18,13,10,0.6,0.6,0.2,9,1,233,370,63.0,25,211,8,15,7,370,63.0,3783,1634,122,154,79.2,80,121,66.1,21,62,33.9,0,0.2,0.5,4,16,5,3,25,370,315,51,8,0,1,20,26,7,233,4,8,18,10,11,7,0,7,27,25.9,20,10,3,7,13,31,35,0,489,58,187,204,105,13,489,15,7,46.7,8,53.3,211,1014,457,8,8,2,11,9,233,25,0,0,0,10,6,4,20,13,10,0,0,0,51,21,12,63.6,Southampton,Watford,November-30-2019
0,0,0,537,16,5,5,0.5,0.5,0.4,12,2,309,456,67.8,46,275,16,18,10,456,67.8,5457,2134,145,182,79.7,109,150,72.7,37,83,44.6,1,0.4,0.7,6,33,9,3,46,456,400,53,6,0,3,36,33,6,309,3,12,16,8,9,6,1,9,23,39.1,14,5,0,5,5,21,18,0,537,39,106,253,185,27,537,18,10,55.6,8,44.4,275,1613,831,16,11,4,7,5,306,46,2,0,0,5,5,3,36,5,8,0,0,0,52,27,22,55.1,0,0,0,703,13,15,10,0.4,0.4,0.3,12,0,463,583,79.4,28,350,31,23,14,583,79.4,8512,2751,186,230,80.9,201,229,87.8,57,93,61.3,0,0.3,0.4,4,23,3,2,28,583,541,42,7,2,5,12,21,1,463,0,7,13,6,6,6,1,8,18,44.4,10,10,1,9,15,28,30,0,703,81,281,308,122,14,703,23,14,60.9,9,39.1,350,2295,1256,31,17,7,12,7,460,27,0,0,0,6,5,0,12,15,6,0,0,0,54,22,27,44.9,Sheffield Utd,Wolves,July-8-2020
0,0,0,589,12,13,10,1.5,1.5,0.8,21,5,418,503,83.1,50,367,22,12,7,503,83.1,7068,2249,205,224,91.5,165,193,85.5,35,59,59.3,1,0.8,0.8,7,33,13,2,50,503,464,39,10,0,1,18,16,6,418,0,11,12,8,2,6,4,3,12,25.0,9,10,2,8,13,25,12,0,589,32,129,295,166,20,589,12,7,58.3,5,41.7,367,2041,1072,22,15,8,16,14,415,49,1,0,0,10,10,0,18,13,8,0,0,0,48,18,7,72.0,0,0,0,566,19,4,10,0.3,0.3,0.2,13,0,377,477,79.0,16,318,9,12,9,477,79.0,6282,2028,174,198,87.9,161,183,88.0,31,66,47.0,0,0.2,0.2,6,18,1,0,16,477,431,44,9,0,3,5,18,2,377,2,9,19,15,10,8,1,5,12,41.7,7,10,1,9,4,23,20,2,566,101,246,222,102,4,566,12,9,75.0,3,25.0,318,1697,851,9,14,1,14,9,372,16,4,0,0,10,10,2,5,4,15,0,0,0,39,7,18,28.0,Arsenal,Norwich City,July-1-2020
0,0,0,702,21,13,12,1.2,1.2,0.9,31,0,470,581,80.9,50,456,25,24,13,581,80.9,8014,2592,224,253,88.5,181,218,83.0,47,73,64.4,0,0.9,1.1,12,37,10,4,50,581,515,66,16,1,3,33,32,12,470,0,12,21,16,8,11,2,8,18,44.4,10,12,4,8,13,34,16,0,702,41,167,302,240,29,702,24,13,54.2,11,45.8,456,2415,1299,25,17,8,17,6,466,49,0,0,0,11,12,0,33,13,16,0,0,0,55,13,15,46.4,0,0,0,564,17,14,14,1.1,1.1,1.0,19,2,343,443,77.4,17,324,12,18,10,443,77.4,5802,2378,180,202,89.1,103,127,81.1,44,78,56.4,1,1.0,1.2,8,20,5,2,17,443,390,52,10,2,5,13,24,4,343,1,9,17,11,11,5,1,11,24,45.8,13,14,5,9,14,31,26,0,564,85,212,252,106,14,564,18,10,55.6,8,44.4,324,1824,841,12,7,4,16,13,337,17,5,0,0,15,11,1,13,14,11,0,0,1,49,15,13,53.6,Leicester City,Norwich City,December-14-2019
0,0,0,636,12,17,10,1.5,1.5,1.5,21,3,418,526,79.5,45,324,28,28,16,526,79.5,7742,2826,179,208,86.1,168,198,84.8,58,84,69.0,2,1.5,1.0,12,31,6,1,45,526,480,43,12,1,5,22,20,5,418,3,10,12,5,6,3,3,4,21,19.0,17,10,1,9,17,29,17,0,636,44,155,327,164,29,636,28,16,57.1,12,42.9,324,1866,1061,28,21,9,12,11,416,45,1,0,0,8,8,3,22,17,5,0,0,0,58,27,16,62.8,0,0,0,640,23,13,6,0.6,0.6,0.5,10,0,424,536,79.1,42,331,21,21,17,536,79.1,7162,2577,222,249,89.2,155,188,82.4,41,73,56.2,0,0.5,0.5,5,29,5,0,42,536,491,42,11,3,3,16,18,4,424,3,10,23,15,13,9,1,12,28,42.9,16,6,0,6,13,36,21,1,640,43,134,388,124,11,640,21,17,81.0,4,19.0,331,1842,893,21,18,1,17,8,421,42,2,0,0,9,7,3,16,13,15,0,0,0,63,16,27,37.2,Wolves,West Ham,December-4-2019
0,0,0,546,13,13,12,1.2,1.2,1.1,24,0,322,417,77.2,25,342,15,24,15,417,77.2,4882,1770,181,204,88.7,102,127,80.3,23,60,38.3,0,1.1,0.9,11,16,6,2,25,417,379,36,10,5,3,10,13,4,322,2,2,13,10,3,8,2,4,24,16.7,20,12,2,10,13,26,39,2,546,97,230,247,81,15,546,24,15,62.5,9,37.5,342,1728,924,15,12,4,13,11,318,25,0,0,0,4,8,2,10,13,10,0,0,0,55,9,15,37.5,0,0,0,919,20,6,4,1.2,1.2,1.1,25,2,710,832,85.3,54,710,36,24,20,832,85.3,11916,3404,307,328,93.6,335,374,89.6,45,79,57.0,1,1.1,2.2,11,46,13,3,54,832,791,39,6,3,5,18,21,3,710,2,11,20,12,9,10,1,9,24,37.5,15,4,2,2,6,26,9,2,919,44,188,507,229,52,919,24,20,83.3,4,16.7,710,3082,1664,36,23,10,15,9,706,54,2,0,0,8,4,2,18,6,12,0,0,0,62,15,9,62.5,Tottenham,Liverpool,January-11-2020
0,0,0,416,20,13,19,0.4,0.4,0.3,6,2,151,266,56.8,16,138,8,14,5,266,56.8,3073,1621,69,86,80.2,50,81,61.7,27,74,36.5,1,0.3,0.3,3,3,4,1,16,266,207,56,11,1,1,13,22,2,151,3,10,20,13,14,5,1,10,14,71.4,4,19,8,11,13,33,51,1,416,105,216,117,87,11,416,14,5,35.7,9,64.3,138,850,372,8,8,0,23,8,150,15,1,0,0,12,8,3,13,13,13,0,0,0,56,19,22,46.3,0,0,0,831,17,8,8,2.5,2.5,2.0,46,4,573,707,81.0,73,522,28,14,4,707,81.0,9251,3242,292,313,93.3,210,257,81.7,47,84,56.0,2,2.0,2.0,20,57,16,4,73,707,645,60,14,2,5,39,31,10,573,2,15,17,12,6,6,5,9,14,64.3,5,8,1,7,8,25,24,1,831,38,172,362,301,46,831,14,4,28.6,10,71.4,522,2314,1283,28,31,8,16,10,568,73,2,0,0,9,11,2,39,8,12,0,0,0,64,22,19,53.7,Aston Villa,Liverpool,November-2-2019
0,0,0,793,30,8,9,1.5,1.5,1.2,17,4,551,673,81.9,39,501,17,15,8,673,81.9,9729,3466,221,255,86.7,252,276,91.3,54,93,58.1,1,1.2,0.8,8,35,7,1,39,673,618,52,16,1,5,11,26,3,551,3,12,30,19,11,16,3,15,23,65.2,8,9,3,6,8,38,14,0,793,65,247,402,151,19,793,15,8,53.3,7,46.7,501,2303,1093,17,21,1,21,15,549,39,2,0,0,10,16,3,11,8,19,0,0,0,73,21,24,46.7,0,0,0,523,22,8,13,0.2,0.2,0.2,8,0,281,410,68.5,29,232,9,23,8,410,68.5,5362,2396,123,162,75.9,111,144,77.1,37,81,45.7,0,0.2,0.3,4,20,3,0,29,410,354,55,13,0,5,9,29,3,281,1,6,22,16,13,8,1,7,15,46.7,8,13,2,11,8,30,7,1,523,41,191,232,104,8,523,23,8,34.8,15,65.2,232,1249,504,9,8,2,18,15,277,29,3,0,0,16,9,1,9,8,16,0,0,0,74,24,21,53.3,Chelsea,Wolves,July-26-2020
0,0,0,781,12,10,5,2.6,2.6,2.5,29,8,604,685,88.2,66,480,31,23,12,685,88.2,10827,2943,222,243,91.4,317,344,92.2,49,71,69.0,4,2.5,2.1,13,52,11,2,66,685,651,33,12,3,8,24,12,5,604,1,4,12,7,4,6,2,5,18,27.8,13,5,3,2,10,22,16,0,781,50,159,398,231,35,781,23,12,52.2,11,47.8,480,3028,1710,31,22,8,12,7,602,66,2,0,0,15,9,1,24,10,7,0,0,0,49,16,15,51.6,0,0,0,418,18,10,5,0.9,0.9,0.8,20,0,250,324,77.2,18,248,12,18,13,324,77.2,4227,1726,119,131,90.8,76,92,82.6,33,64,51.6,0,0.8,0.7,9,10,3,1,18,324,273,47,14,0,1,15,9,6,250,4,3,18,8,11,7,0,11,23,47.8,12,5,2,3,10,28,20,1,418,59,134,201,90,17,418,18,13,72.2,5,27.8,248,1543,746,12,17,6,14,7,245,18,0,0,0,9,15,4,15,10,8,0,0,0,37,15,16,48.4,Arsenal,Newcastle Utd,February-16-2020
0,0,0,450,11,12,10,1.3,1.3,1.1,23,0,220,334,65.9,24,175,13,11,8,334,65.9,4483,2090,98,123,79.7,75,108,69.4,40,78,51.3,0,1.1,0.7,9,21,6,4,24,334,285,49,5,2,5,17,24,6,220,0,10,11,7,5,4,2,5,12,41.7,7,10,3,7,12,23,32,4,450,72,157,170,129,23,450,11,8,72.7,3,27.3,175,919,546,13,8,4,14,8,219,24,1,0,0,8,4,0,17,12,7,0,0,0,46,20,26,43.5,0,0,0,866,11,6,12,1.9,1.9,1.1,23,2,640,762,84.0,48,602,24,12,7,762,84.0,11395,3278,278,310,89.7,279,307,90.9,62,101,61.4,0,1.1,1.1,6,35,12,0,48,762,715,46,8,1,10,23,23,5,640,1,10,11,9,5,5,1,3,11,27.3,8,12,4,8,6,17,27,0,866,71,218,446,207,26,866,12,7,58.3,5,41.7,602,2762,1574,24,22,5,15,6,635,47,1,0,0,4,8,1,23,6,9,0,0,0,51,26,20,56.5,Sheffield Utd,Liverpool,September-28-2019
0,0,0,576,9,7,16,1.3,1.3,1.0,14,2,330,460,71.7,13,243,7,9,5,460,71.7,5783,2314,150,176,85.2,100,125,80.0,49,104,47.1,1,1.0,0.4,7,28,5,1,13,460,403,55,15,0,4,16,29,3,330,2,6,9,7,3,4,2,2,17,11.8,15,16,4,12,7,16,41,0,576,64,205,254,120,13,576,9,5,55.6,4,44.4,243,1135,452,7,3,2,16,8,326,12,0,0,0,8,14,2,16,7,7,0,0,0,39,22,32,40.7,0,0,0,595,12,9,4,1.1,1.1,1.0,19,2,343,502,68.3,30,262,13,17,15,502,68.3,5856,2129,168,198,84.8,126,167,75.4,32,90,35.6,1,1.0,1.0,9,23,8,3,30,502,446,55,10,0,5,31,24,9,343,1,17,12,8,4,6,2,4,9,44.4,5,4,0,4,9,21,20,0,595,54,175,241,181,19,595,17,15,88.2,2,11.8,262,1408,733,13,7,1,14,7,339,30,0,0,0,14,8,1,31,9,8,0,0,0,51,32,22,59.3,Burnley,Sheffield Utd,July-5-2020
1,1,0,500,15,9,11,1.1,0.4,0.3,14,2,313,389,80.5,12,302,11,26,17,389,80.5,5377,1842,155,173,89.6,116,134,86.6,33,61,54.1,0,0.3,0.2,5,11,5,2,12,389,343,45,11,0,0,7,14,2,313,1,9,15,9,9,5,1,6,25,24.0,19,11,3,8,9,24,20,2,500,73,224,195,84,16,499,26,17,65.4,9,34.6,302,1270,575,11,10,4,16,7,312,12,2,0,0,5,11,1,7,9,9,1,0,0,41,11,11,50.0,0,0,0,1001,16,8,11,2.8,2.8,2.5,40,10,829,909,91.2,57,806,37,25,19,909,91.2,12479,3280,461,492,93.7,278,300,92.7,57,71,80.3,6,2.5,1.4,18,38,16,2,57,909,883,26,5,4,3,16,12,4,829,0,8,16,8,10,5,1,9,26,34.6,17,11,2,9,8,24,5,0,1001,57,191,562,253,44,1001,25,19,76.0,6,24.0,806,3838,1948,37,22,13,14,9,829,57,1,0,0,12,3,0,16,8,8,0,1,0,56,11,11,50.0,Aston Villa,Manchester City,January-12-2020
0,0,0,430,21,8,15,0.8,0.8,0.4,4,2,200,315,63.5,13,209,5,15,7,315,63.5,3423,1562,108,133,81.2,64,89,71.9,20,62,32.3,1,0.4,0.2,2,14,6,0,13,315,264,46,13,0,2,3,14,2,200,5,7,21,9,14,7,0,9,20,45.0,11,15,9,6,8,29,28,1,430,108,244,135,57,8,430,15,7,46.7,8,53.3,209,961,458,5,5,0,7,4,197,12,3,0,0,14,9,5,3,8,9,0,0,0,45,17,18,48.6,0,0,0,773,12,10,6,2.1,2.1,1.7,43,2,564,685,82.3,67,480,33,20,11,685,82.3,10656,3474,244,269,90.7,242,275,88.0,70,104,67.3,1,1.7,1.4,19,62,16,4,67,685,618,63,19,0,11,34,25,13,564,4,10,12,10,3,5,4,8,15,53.3,7,6,0,6,10,22,4,2,773,30,172,343,265,50,773,20,11,55.0,9,45.0,480,2389,1192,33,15,7,15,12,558,67,1,0,0,10,12,4,34,10,10,0,0,0,51,18,17,51.4,Arsenal,Liverpool,July-15-2020
0,0,0,747,9,12,9,1.3,1.3,0.8,29,2,492,630,78.1,54,389,31,21,11,630,78.1,9253,3068,205,241,85.1,220,263,83.7,63,100,63.0,1,0.8,0.6,14,42,4,1,54,630,568,62,21,0,3,36,31,6,492,0,17,9,2,5,2,2,4,14,28.6,10,9,3,6,12,21,16,1,747,62,217,342,196,31,747,21,11,52.4,10,47.6,389,2561,1326,31,17,11,23,11,488,53,2,0,0,11,18,0,36,12,2,0,0,0,65,33,20,62.3,0,0,0,490,21,22,14,1.8,1.8,1.1,13,2,231,356,64.9,19,219,10,14,10,356,64.9,4189,1828,114,140,81.4,79,109,72.5,30,83,36.1,1,1.1,0.6,6,23,5,4,19,356,302,51,10,0,2,14,24,3,231,3,9,21,11,13,8,0,10,21,47.6,11,14,2,12,22,43,38,0,490,66,186,203,107,13,490,14,10,71.4,4,28.6,219,1208,470,10,9,6,10,5,230,19,2,0,0,18,10,3,14,22,11,0,0,0,56,20,33,37.7,Aston Villa,Watford,January-21-2020
0,0,0,483,20,6,7,0.7,0.7,0.5,21,1,235,354,66.4,25,256,12,29,19,354,66.4,4164,1946,91,121,75.2,98,115,85.2,25,69,36.2,1,0.5,0.5,9,11,3,0,25,354,297,54,11,1,3,11,28,4,235,3,12,20,16,10,5,5,9,17,52.9,8,7,2,5,6,26,35,0,483,81,188,205,97,15,483,29,19,65.5,10,34.5,256,1457,606,12,11,4,16,24,233,24,2,0,0,11,10,3,11,6,16,0,0,0,52,27,26,50.9,0,0,0,574,34,9,16,1.2,1.2,0.9,15,0,318,449,70.8,37,293,16,17,8,449,70.8,5757,2308,150,185,81.1,109,139,78.4,43,90,47.8,0,0.9,1.0,6,28,10,4,37,449,379,69,14,2,5,20,38,7,318,1,5,34,19,13,16,5,10,29,34.5,19,16,4,12,9,43,13,0,574,46,157,265,156,26,574,17,8,47.1,9,52.9,293,1500,691,16,5,4,13,11,314,36,3,0,0,11,11,1,20,9,19,0,0,0,43,26,27,49.1,Everton,Watford,August-17-2019
0,0,0,734,14,3,11,0.6,0.6,0.6,24,0,540,641,84.2,48,472,28,11,9,641,84.2,9069,2867,256,277,92.4,223,250,89.2,38,62,61.3,0,0.6,0.6,11,42,8,1,48,641,585,52,13,1,10,17,31,0,540,4,12,14,10,9,3,2,9,15,60.0,6,11,3,8,3,17,21,0,734,57,251,332,155,17,734,11,9,81.8,2,18.2,472,2505,1382,28,14,5,14,9,529,47,2,0,0,11,12,4,17,3,10,0,0,0,57,11,11,50.0,0,0,0,568,11,13,18,1.0,1.0,1.0,16,2,373,461,80.9,37,372,15,15,6,461,80.9,6882,2456,144,164,87.8,173,197,87.8,43,74,58.1,1,1.0,0.6,7,23,11,2,37,461,414,47,15,0,1,15,22,2,373,0,10,11,5,5,5,1,2,11,18.2,9,18,7,11,13,24,18,0,568,70,232,211,132,15,568,15,6,40.0,9,60.0,372,1976,978,15,11,3,13,5,370,37,2,0,0,13,10,0,15,13,5,0,0,0,48,11,11,50.0,Norwich City,Brighton,July-4-2020
0,0,0,467,7,8,8,2.1,2.1,1.9,22,4,233,350,66.6,19,204,16,25,14,350,66.6,4027,2069,139,160,86.9,56,91,61.5,33,78,42.3,2,1.9,1.4,10,17,7,4,19,350,297,46,10,4,1,24,19,11,233,7,7,7,2,3,4,0,3,7,42.9,4,8,1,7,8,15,24,0,467,50,112,241,118,18,467,25,14,56.0,11,44.0,204,1096,457,16,9,2,13,3,233,19,2,0,0,17,10,7,24,8,2,0,0,0,59,34,23,59.6,0,0,0,597,14,12,6,0.5,0.5,0.4,14,0,371,507,73.2,30,303,18,7,4,507,73.2,6351,2221,190,221,86.0,131,169,77.5,40,90,44.4,0,0.4,0.3,6,27,3,0,30,507,448,58,24,2,2,21,20,4,371,1,10,14,8,7,7,0,11,25,44.0,14,6,1,5,12,26,20,2,597,67,180,289,129,15,597,7,4,57.1,3,42.9,303,1610,788,18,6,6,14,4,367,30,1,0,0,10,16,1,21,12,8,0,0,1,43,23,34,40.4,Burnley,West Ham,November-9-2019
0,0,0,811,23,8,8,2.0,2.0,1.3,31,2,587,697,84.2,47,495,30,18,14,697,84.2,9963,2565,265,294,90.1,241,276,87.3,55,83,66.3,1,1.3,1.3,12,52,12,1,47,697,638,58,12,1,6,27,29,11,587,1,9,23,12,13,6,4,13,20,65.0,7,8,1,7,8,31,16,0,811,34,164,423,230,33,811,18,14,77.8,4,22.2,495,2936,1647,30,20,6,19,8,585,47,2,0,0,9,12,1,27,8,12,0,0,0,50,22,17,56.4,0,0,0,409,12,6,12,0.4,0.4,0.4,8,0,188,287,65.5,10,196,15,20,7,287,65.5,3268,1441,90,107,84.1,53,80,66.3,23,59,39.0,0,0.4,0.3,4,10,4,3,10,287,249,37,9,0,5,10,15,0,188,1,7,12,7,9,3,0,4,18,22.2,14,12,5,7,6,18,32,0,409,69,161,156,99,6,409,20,7,35.0,13,65.0,196,1164,576,15,12,1,18,10,187,10,1,0,0,12,9,1,10,6,7,0,0,0,51,17,22,43.6,Chelsea,Newcastle Utd,October-19-2019
0,0,0,560,11,1,5,1.0,1.0,0.7,27,0,336,461,72.9,24,296,27,7,6,461,72.9,5402,1845,174,197,88.3,112,152,73.7,29,75,38.7,0,0.7,1.0,11,23,8,3,24,461,407,52,11,0,3,33,27,7,336,2,7,11,9,7,2,2,3,11,27.3,8,5,3,2,1,12,23,1,560,37,174,221,169,26,560,7,6,85.7,1,14.3,296,1564,931,27,15,7,16,5,333,24,1,0,0,14,13,2,33,1,9,0,1,0,53,30,23,56.6,1,1,0,391,6,12,10,2.2,1.4,0.7,17,4,177,283,62.5,8,162,9,11,8,283,62.5,3441,1632,71,93,76.3,75,94,79.8,23,77,29.9,0,0.7,0.2,5,14,1,1,8,283,236,45,15,1,2,16,15,5,177,2,3,6,4,2,3,1,1,7,14.3,6,10,7,3,12,18,33,1,391,71,143,161,89,15,390,11,8,72.7,3,27.3,162,1011,399,9,6,1,11,8,176,8,3,0,0,13,14,2,16,12,4,1,0,0,44,23,30,43.4,Watford,Burnley,November-23-2019
0,0,0,687,15,15,11,1.3,1.3,1.2,25,2,437,564,77.5,38,372,23,9,7,564,77.5,7525,2725,209,242,86.4,156,190,82.1,53,91,58.2,1,1.2,0.8,11,32,10,5,38,564,496,61,13,4,13,26,34,6,437,7,9,15,8,11,4,0,2,10,20.0,8,11,1,10,15,30,10,0,687,65,236,276,180,18,687,9,7,77.8,2,22.2,372,2051,1063,23,11,2,21,9,430,36,3,0,0,8,13,7,26,15,8,0,0,0,62,20,18,52.6,0,0,0,573,11,12,8,0.6,0.6,0.6,11,4,334,458,72.9,34,321,9,10,8,458,72.9,5737,2275,147,175,84.0,125,154,81.2,39,81,48.1,2,0.6,1.0,6,28,9,3,34,458,396,61,15,1,7,10,29,4,334,1,10,11,5,2,8,1,2,9,22.2,7,8,3,5,12,23,40,0,573,76,181,263,132,21,573,10,8,80.0,2,20.0,321,1432,601,9,3,3,14,13,333,33,3,0,0,13,7,1,10,12,5,0,0,0,60,18,20,47.4,Chelsea,Liverpool,September-22-2019
0,0,0,567,30,17,16,1.5,1.5,1.3,25,1,314,400,78.5,35,225,10,17,9,400,78.5,5537,2167,158,179,88.3,108,131,82.4,38,65,58.5,1,1.3,0.5,11,23,8,2,35,400,359,39,9,0,3,13,21,2,314,2,3,30,17,20,10,0,8,17,47.1,9,16,5,11,17,47,37,0,567,80,194,254,124,22,567,17,9,52.9,8,47.1,225,1250,680,10,9,2,21,8,310,35,5,0,0,12,9,2,13,17,17,0,0,0,53,15,17,46.9,0,0,0,702,16,11,5,1.4,1.4,1.3,21,1,462,587,78.7,40,341,20,17,9,587,78.7,7884,2676,224,258,86.8,179,209,85.6,43,75,57.3,1,1.3,0.7,9,46,7,2,40,587,523,63,14,0,5,26,35,5,462,1,16,16,3,8,4,4,8,17,47.1,9,5,3,2,11,27,9,0,702,41,162,317,229,34,702,17,9,52.9,8,47.1,341,1811,904,20,14,7,15,22,458,39,0,0,0,9,12,1,26,11,3,0,0,0,50,17,15,53.1,Norwich City,Crystal Palace,January-1-2020
0,0,0,800,9,5,5,0.5,0.5,0.3,15,0,572,709,80.7,50,455,23,21,10,709,80.7,10476,3114,234,263,89.0,278,326,85.3,57,106,53.8,0,0.3,0.6,6,47,8,2,50,709,651,56,13,4,4,23,29,4,572,2,5,9,8,3,3,3,5,14,35.7,9,5,0,5,5,14,10,2,800,66,245,353,208,26,800,21,10,47.6,11,52.4,455,2705,1563,23,17,6,14,11,568,50,1,0,0,6,9,2,23,5,8,0,0,0,58,28,29,49.1,0,0,0,437,22,9,8,1.3,1.3,0.5,11,0,205,326,62.9,20,142,7,14,9,326,62.9,3440,1568,120,136,88.2,53,81,65.4,27,86,31.4,0,0.5,0.5,5,17,3,1,20,326,279,44,8,0,3,9,19,3,205,3,9,22,13,12,10,0,11,21,52.4,10,8,3,5,9,31,23,0,437,65,179,175,88,12,437,14,9,64.3,5,35.7,142,718,293,7,4,3,21,4,199,18,3,0,0,11,5,3,9,9,13,0,0,0,59,29,28,50.9,Brighton,Sheffield Utd,December-21-2019
0,0,0,729,15,10,10,1.9,1.9,1.8,28,8,554,631,87.8,45,543,25,12,6,631,87.8,8805,2442,293,312,93.9,179,204,87.7,53,73,72.6,4,1.8,1.6,14,29,17,0,45,631,601,29,8,3,6,13,10,8,554,1,6,15,7,1,8,6,4,12,33.3,8,10,4,6,10,25,18,0,729,67,195,339,205,34,729,12,6,50.0,6,50.0,543,2908,1665,25,23,6,11,12,551,45,1,0,0,10,6,1,13,10,7,0,0,0,51,6,6,50.0,0,0,0,643,18,8,4,0.9,0.9,0.8,11,0,472,557,84.7,33,364,10,12,8,557,84.7,8547,2426,190,209,90.9,234,253,92.5,43,75,57.3,0,0.8,0.7,4,22,6,1,33,557,511,43,10,1,7,10,15,1,472,3,6,18,8,8,7,3,6,12,50.0,6,4,0,4,8,26,15,0,643,110,303,251,96,17,643,12,8,66.7,4,33.3,364,1869,1043,10,6,4,13,11,471,33,1,0,0,6,9,3,10,8,8,0,0,0,46,6,6,50.0,Manchester City,Brighton,August-31-2019
0,0,0,947,17,10,10,1.9,1.9,1.3,39,4,755,851,88.7,58,548,23,22,13,851,88.7,12286,3437,389,429,90.7,277,303,91.4,68,81,84.0,2,1.3,1.2,15,54,12,3,58,851,812,38,6,2,6,16,18,5,755,1,8,17,12,6,7,4,7,17,41.2,10,10,0,10,10,27,2,0,947,34,155,509,288,22,947,22,13,59.1,9,40.9,548,2650,1376,23,28,5,14,11,754,58,2,0,0,10,6,1,16,10,12,0,0,0,56,13,17,43.3,0,0,0,441,20,10,12,0.8,0.8,0.8,12,2,232,323,71.8,22,195,5,17,10,323,71.8,4451,2067,114,129,88.4,84,107,78.5,31,63,49.2,1,0.8,0.6,7,13,6,0,22,323,275,47,11,1,4,5,19,0,232,1,10,20,13,15,4,1,9,22,40.9,13,12,4,8,10,30,22,3,441,70,206,167,73,9,441,17,10,58.8,7,41.2,195,938,399,5,10,1,13,10,230,21,2,0,0,7,9,1,5,10,13,0,0,0,43,17,13,56.7,Manchester Utd,Newcastle Utd,December-26-2019
0,0,0,536,8,5,10,1.4,1.4,1.3,26,0,340,445,76.4,30,300,12,17,11,445,76.4,7308,2582,115,139,82.7,150,176,85.2,67,106,63.2,0,1.3,1.2,12,24,3,0,30,445,385,59,14,0,9,26,28,12,340,1,8,8,6,5,2,1,4,9,44.4,5,10,3,7,5,13,20,1,536,45,196,221,123,23,536,17,11,64.7,6,35.3,300,1698,678,12,13,2,10,12,336,30,1,0,0,11,13,1,26,5,6,0,0,0,41,28,33,45.9,0,0,0,619,18,6,9,0.3,0.3,0.3,7,0,412,528,78.0,33,416,10,9,5,528,78.0,7858,2642,172,192,89.6,185,217,85.3,48,97,49.5,0,0.3,0.5,3,34,2,1,33,528,480,48,12,0,4,20,21,4,412,0,10,18,13,9,5,4,6,17,35.3,11,9,3,6,6,24,19,0,619,52,156,295,174,11,619,9,5,55.6,4,44.4,416,1721,835,10,16,4,15,4,409,33,1,0,0,14,11,0,20,6,13,0,0,0,43,33,28,54.1,Aston Villa,Sheffield Utd,June-17-2020
0,0,1,761,13,9,12,2.9,2.9,1.8,46,5,554,642,86.3,67,538,42,18,15,642,86.3,9312,2787,274,301,91.0,193,221,87.3,53,66,80.3,1,1.8,1.5,21,53,15,1,67,642,600,41,7,2,5,23,16,13,554,1,8,13,6,3,6,4,6,16,37.5,10,12,4,8,9,22,19,1,761,65,158,292,314,63,761,18,15,83.3,3,16.7,538,2859,1728,42,12,21,11,7,553,67,3,1,1,10,5,1,23,9,6,0,0,0,48,17,9,65.4,0,0,0,502,10,13,15,1.1,1.1,0.3,14,0,292,381,76.6,23,242,12,16,10,381,76.6,5468,2154,133,146,91.1,127,150,84.7,30,64,46.9,0,0.3,0.3,5,21,7,3,23,381,331,48,11,0,1,18,14,7,292,2,11,10,5,9,1,0,3,18,16.7,15,15,9,6,13,23,29,3,502,109,238,163,108,17,502,16,10,62.5,6,37.5,242,1513,753,12,9,1,8,7,290,23,1,0,0,5,10,2,18,13,5,0,0,0,37,9,17,34.6,Manchester City,Aston Villa,October-26-2019
0,0,0,818,14,9,3,1.5,1.5,1.0,25,3,571,713,80.1,52,561,31,25,10,713,80.1,10233,3653,242,278,87.1,256,299,85.6,55,85,64.7,2,1.0,0.9,7,53,11,0,52,713,654,54,10,4,6,22,30,6,571,5,13,14,8,4,6,4,3,13,23.1,10,3,0,3,9,23,14,0,818,54,213,430,182,30,818,25,10,40.0,15,60.0,561,2494,1346,31,23,9,22,6,570,52,2,0,0,8,4,5,22,9,8,0,0,0,58,25,11,69.4,0,0,0,475,21,13,13,1.0,1.0,0.6,14,0,211,339,62.2,17,216,13,13,10,339,62.2,3399,1535,105,137,76.6,60,89,67.4,27,77,35.1,0,0.6,0.3,6,16,5,1,17,339,290,45,13,1,5,9,15,3,211,4,3,21,15,15,5,1,15,25,60.0,10,13,2,11,13,34,37,0,475,72,176,210,96,16,475,13,10,76.9,3,23.1,216,1151,581,13,11,5,16,11,209,17,1,0,0,6,7,4,9,13,15,0,0,0,54,11,25,30.6,Liverpool,Watford,December-14-2019
0,0,0,723,26,15,16,1.8,1.8,0.6,29,3,482,590,81.7,31,517,16,17,12,590,81.7,7144,2457,275,303,90.8,148,170,87.1,39,83,47.0,1,0.6,0.8,10,20,5,0,31,590,547,42,13,5,2,11,20,3,482,1,7,26,15,6,16,4,7,23,30.4,16,16,2,14,15,41,14,0,723,52,181,405,141,19,723,17,12,70.6,5,29.4,517,2063,930,16,12,3,13,19,479,31,1,0,0,14,13,1,11,15,15,0,0,1,68,15,20,42.9,0,0,0,737,24,8,7,0.2,0.2,0.2,10,0,500,621,80.5,26,502,19,23,16,621,80.5,7429,2544,274,304,90.1,156,187,83.4,34,59,57.6,0,0.2,0.3,4,25,2,1,26,621,560,61,14,2,1,14,30,5,500,0,16,24,15,6,16,2,5,17,29.4,12,7,2,5,8,32,17,0,737,67,220,419,103,8,737,23,16,69.6,7,30.4,502,2265,1016,19,18,3,19,19,494,26,2,0,0,14,14,0,14,8,15,0,0,0,66,20,15,57.1,Chelsea,Tottenham,February-22-2020
0,0,0,667,22,1,9,1.4,1.4,1.3,20,4,445,561,79.3,36,340,18,18,12,561,79.3,7856,2610,190,215,88.4,200,231,86.6,44,81,54.3,2,1.3,1.4,8,30,8,0,36,561,520,40,11,0,6,19,16,6,445,1,13,22,13,16,5,1,14,17,82.4,3,9,4,5,1,23,20,1,667,48,252,290,127,18,667,18,12,66.7,6,33.3,340,2030,1016,18,11,1,13,12,442,36,1,0,0,9,11,1,19,1,13,0,0,0,51,20,29,40.8,0,0,0,539,18,9,11,2.1,2.1,1.8,29,3,320,429,74.6,35,310,10,17,3,429,74.6,5810,2326,143,160,89.4,119,151,78.8,44,89,49.4,1,1.8,1.1,14,29,8,4,35,429,380,48,10,1,5,20,24,4,320,1,6,18,9,8,6,4,6,18,33.3,12,11,2,9,9,27,17,0,539,45,146,232,168,23,539,17,3,17.6,14,82.4,310,1580,690,10,10,3,10,8,316,35,0,0,0,11,9,1,20,9,9,0,0,0,42,29,20,59.2,Newcastle Utd,West Ham,July-5-2020
0,0,0,476,10,11,6,0.7,0.7,0.7,14,2,231,358,64.5,16,197,16,16,8,358,64.5,4174,1676,102,125,81.6,93,124,75.0,26,75,34.7,1,0.7,0.2,7,16,5,2,16,358,294,60,14,0,8,15,33,3,231,4,11,10,3,4,4,2,4,9,44.4,5,6,1,5,11,21,30,0,476,65,181,190,108,11,476,16,8,50.0,8,50.0,197,1076,530,16,12,6,16,10,228,15,0,0,0,6,13,4,15,11,3,0,0,0,60,10,25,28.6,0,0,0,813,18,10,9,1.2,1.2,1.1,19,2,575,701,82.0,47,534,25,9,5,701,82.0,9615,3075,271,306,88.6,247,284,87.0,41,74,55.4,1,1.1,1.0,9,39,9,3,47,701,665,35,10,0,3,25,18,1,575,1,6,18,10,5,9,4,8,16,50.0,8,9,1,8,10,28,19,0,813,53,205,421,193,13,813,9,5,55.6,4,44.4,534,2722,1495,25,20,1,26,6,567,45,1,0,0,14,6,1,25,10,10,0,0,0,69,25,10,71.4,Manchester Utd,Liverpool,October-20-2019
0,0,0,390,20,11,11,1.0,1.0,0.5,12,0,192,286,67.1,8,165,7,13,7,286,67.1,3568,1702,83,101,82.2,74,97,76.3,28,66,42.4,0,0.5,0.9,6,10,2,0,8,286,235,49,13,0,4,3,22,1,192,2,7,20,14,13,7,0,5,12,41.7,7,11,3,8,11,31,27,0,390,78,218,128,46,9,390,13,7,53.8,6,46.2,165,927,420,7,4,2,6,10,192,8,2,0,0,15,11,2,3,11,14,0,0,0,40,21,27,43.8,0,0,0,729,16,10,9,0.7,0.7,0.5,18,0,534,643,83.0,49,437,24,12,7,643,83.0,9908,3004,210,230,91.3,249,280,88.9,61,99,61.6,0,0.5,0.9,7,48,8,1,49,643,588,54,14,0,10,19,27,6,534,1,10,16,12,3,8,5,6,13,46.2,7,9,2,7,10,26,3,0,729,30,172,358,207,22,729,12,7,58.3,5,41.7,437,2126,1160,24,20,5,15,15,533,48,2,0,0,12,12,1,19,10,12,0,0,0,58,27,21,56.3,Everton,Liverpool,June-21-2020
0,0,0,516,19,6,13,0.6,0.6,0.6,18,2,300,418,71.8,33,298,16,10,9,418,71.8,5130,1998,142,162,87.7,114,154,74.0,32,73,43.8,1,0.6,1.0,11,18,8,3,33,418,367,50,12,1,1,26,22,5,300,1,7,19,12,11,5,3,9,20,45.0,11,13,5,8,6,25,22,1,516,61,169,201,152,20,516,10,9,90.0,1,10.0,298,1584,870,16,14,4,17,6,298,32,2,0,0,15,12,1,26,6,12,0,0,0,56,24,16,60.0,0,0,0,667,7,8,8,1.2,1.2,0.9,31,0,455,554,82.1,43,410,22,20,11,554,82.1,7184,2695,253,278,91.0,141,169,83.4,41,72,56.9,0,0.9,1.1,10,39,6,2,43,554,502,52,15,2,5,23,19,8,455,0,10,7,5,2,2,3,1,10,10.0,9,8,3,5,8,15,31,0,667,64,209,290,174,21,667,20,11,55.0,9,45.0,410,2190,1177,22,14,4,15,10,450,42,3,0,0,12,15,0,23,8,5,0,0,0,54,16,24,40.0,Aston Villa,Norwich City,December-26-2019
0,0,0,528,26,6,9,1.1,1.1,0.6,13,2,317,435,72.9,59,324,15,19,16,435,72.9,6660,2782,117,146,80.1,131,165,79.4,60,89,67.4,1,0.6,0.6,6,29,13,3,59,435,386,48,10,3,7,28,26,5,317,1,19,26,12,8,15,3,8,15,53.3,7,9,1,8,6,32,8,1,528,42,154,210,171,27,528,19,16,84.2,3,15.8,324,1669,853,15,17,0,23,12,317,59,1,0,0,9,8,1,28,6,12,0,0,0,48,16,17,48.5,0,0,1,610,15,11,14,0.6,0.6,0.6,9,2,384,490,78.4,20,372,8,15,7,490,78.4,6406,2268,192,226,85.0,140,158,88.6,37,75,49.3,1,0.6,0.4,5,10,1,1,20,490,431,57,9,3,3,7,33,2,384,2,8,15,13,10,4,1,3,19,15.8,16,14,1,13,11,26,30,0,610,76,217,317,84,8,610,15,7,46.7,8,53.3,372,1876,939,8,6,6,17,18,383,20,2,1,0,8,9,2,7,11,13,0,0,0,49,17,16,51.5,Everton,Tottenham,November-3-2019
0,0,0,821,19,10,9,2.2,2.2,1.9,31,3,576,706,81.6,61,479,31,23,13,706,81.6,10390,3147,242,275,88.0,265,310,85.5,60,90,66.7,2,1.9,1.0,12,44,10,2,61,706,658,47,12,1,3,25,23,4,576,1,8,19,10,7,10,2,7,20,35.0,13,9,3,6,10,29,11,0,821,52,197,415,213,35,821,23,13,56.5,10,43.5,479,2621,1552,31,18,13,9,10,575,61,0,0,0,7,9,1,25,10,10,0,0,0,71,23,19,54.8,0,0,0,465,20,21,10,1.1,1.1,1.1,22,2,212,325,65.2,28,236,13,20,13,325,65.2,4013,1925,91,123,74.0,74,91,81.3,35,79,44.3,1,1.1,0.7,11,20,3,3,28,325,278,44,8,1,4,22,20,4,212,3,8,20,7,11,7,2,10,23,43.5,13,10,3,7,21,41,32,0,465,74,178,171,119,19,465,20,13,65.0,7,35.0,236,1269,577,13,17,4,11,12,209,28,1,0,0,9,7,3,22,21,7,0,0,0,56,19,23,45.2,Leicester City,Everton,December-1-2019
1,1,0,882,13,11,9,2.5,1.7,0.9,36,6,686,772,88.9,62,575,27,13,7,772,88.9,11280,3072,329,363,90.6,286,301,95.0,49,68,72.1,2,0.9,1.4,10,58,13,3,62,772,735,36,8,2,6,17,18,5,686,1,3,13,8,6,6,1,3,9,33.3,6,9,0,9,11,24,19,1,882,56,211,457,220,31,881,13,7,53.8,6,46.2,575,2997,1596,27,19,9,14,18,683,62,0,0,0,9,12,1,17,11,8,1,0,0,52,17,11,60.7,0,0,0,441,24,11,11,0.6,0.6,0.4,11,0,244,334,73.1,26,190,5,9,6,334,73.1,4600,1924,108,128,84.4,93,114,81.6,35,67,52.2,0,0.4,0.3,4,19,3,0,26,334,295,37,8,0,4,11,16,3,244,2,10,24,15,10,8,6,6,13,46.2,7,11,8,3,11,35,20,0,441,66,195,173,80,12,441,9,6,66.7,3,33.3,190,1033,500,5,9,1,14,10,243,26,2,0,0,12,9,2,11,11,15,0,1,0,47,11,17,39.3,Chelsea,Watford,July-4-2020
0,0,0,646,24,7,6,1.3,1.3,1.1,26,4,390,498,78.3,49,375,25,16,9,498,78.3,7272,2718,178,201,88.6,133,175,76.0,65,96,67.7,3,1.1,0.9,12,32,8,4,49,498,455,42,14,1,6,25,16,7,390,1,6,24,17,6,16,2,8,21,38.1,13,6,2,4,7,31,38,1,646,77,173,301,179,31,646,16,9,56.3,7,43.8,375,1900,1019,25,23,6,21,12,389,49,1,0,0,12,12,1,25,7,17,0,0,0,58,26,26,50.0,0,0,1,485,19,11,10,2.0,2.0,1.2,16,4,236,365,64.7,16,185,14,21,13,365,64.7,4534,2053,97,121,80.2,87,125,69.6,37,88,42.0,1,1.2,1.0,5,13,5,2,16,365,308,55,13,0,6,17,25,7,236,2,5,19,8,12,7,0,7,16,43.8,9,10,6,4,11,30,24,2,485,61,179,216,91,18,485,21,13,61.9,8,38.1,185,1014,492,14,8,4,18,16,234,16,6,1,1,12,12,2,17,11,8,0,0,0,63,26,26,50.0,Everton,Wolves,September-1-2019
0,0,0,417,18,17,11,0.3,0.3,0.2,12,4,165,274,60.2,17,161,15,19,15,274,60.2,3245,1509,72,95,75.8,65,92,70.7,26,74,35.1,2,0.2,0.1,4,15,1,0,17,274,229,42,5,0,0,10,23,1,165,3,5,18,8,14,3,1,5,15,33.3,10,11,7,4,17,35,41,0,417,104,221,143,59,3,417,19,15,78.9,4,21.1,161,1284,605,15,8,0,11,8,165,17,1,0,0,4,6,3,10,17,8,0,0,0,54,17,16,51.5,0,0,0,928,12,9,5,2.5,2.5,1.4,39,3,708,828,85.5,85,668,29,15,10,828,85.5,11406,3215,329,369,89.2,289,330,87.6,52,72,72.2,1,1.4,2.1,16,65,14,4,85,828,779,46,7,5,8,38,21,10,708,3,5,12,7,4,7,1,4,19,21.1,15,5,0,5,9,21,10,0,928,37,118,473,346,43,928,15,10,66.7,5,33.3,668,3615,2067,29,36,7,13,13,707,85,2,0,0,6,3,3,38,9,7,0,0,0,62,16,17,48.5,Newcastle Utd,Manchester City,November-30-2019
0,0,0,419,12,14,10,0.8,0.8,0.7,22,2,219,312,70.2,19,210,17,17,11,312,70.2,3942,1946,111,132,84.1,73,101,72.3,30,63,47.6,1,0.7,0.5,11,8,4,2,19,312,266,45,11,1,6,9,19,4,219,1,5,12,10,9,3,0,7,10,70.0,3,10,3,7,14,26,17,0,419,52,166,193,68,13,419,17,11,64.7,6,35.3,210,1252,646,17,16,4,20,5,216,17,3,0,0,12,9,1,9,14,10,0,0,0,46,21,18,53.8,0,0,0,736,11,8,10,0.9,0.9,0.8,24,0,549,653,84.1,52,420,24,10,3,653,84.1,9839,2590,229,257,89.1,243,269,90.3,61,95,64.2,0,0.8,0.9,11,43,5,0,52,653,596,55,12,0,7,25,27,6,549,2,8,11,6,5,6,0,6,17,35.3,11,10,5,5,8,19,7,0,736,38,123,435,184,16,736,10,3,30.0,7,70.0,420,2499,1472,24,14,2,16,5,546,52,3,0,0,10,9,2,25,8,6,0,0,0,51,18,21,46.2,Newcastle Utd,Manchester Utd,October-6-2019
0,0,0,649,20,7,12,2.7,2.7,1.1,36,0,405,513,78.9,62,425,31,24,17,513,78.9,5905,2261,241,273,88.3,121,146,82.9,25,52,48.1,0,1.1,0.6,12,28,14,1,62,513,456,57,18,1,4,20,14,10,405,0,12,20,14,8,8,4,10,14,71.4,4,12,3,9,7,27,19,3,649,84,210,220,227,51,649,24,17,70.8,7,29.2,425,2255,1279,31,26,11,14,9,405,62,1,0,0,14,17,0,20,7,14,0,1,0,49,10,14,41.7,0,1,0,534,16,11,16,3.1,2.1,1.8,35,8,293,390,75.1,40,270,14,14,4,390,75.1,5846,2299,116,132,87.9,119,142,83.8,48,90,53.3,5,1.8,1.1,15,29,10,2,40,390,336,53,13,0,8,17,22,6,293,1,9,16,9,11,1,4,7,24,29.2,17,16,7,9,11,27,37,1,534,91,206,187,144,23,533,14,4,28.6,10,71.4,270,1313,663,14,17,6,9,10,291,40,3,0,0,17,13,1,17,11,9,1,0,0,53,14,10,58.3,Norwich City,Aston Villa,October-5-2019
0,0,0,859,7,19,8,2.4,2.4,0.9,34,0,625,744,84.0,65,579,37,41,27,744,84.0,10326,3078,294,322,91.3,249,290,85.9,52,77,67.5,0,0.9,1.0,11,44,10,0,65,744,681,60,16,1,6,39,28,9,625,3,13,7,5,4,2,1,2,13,15.4,11,8,0,8,19,26,11,0,859,42,207,407,255,29,859,41,27,65.9,14,34.1,579,3597,2017,37,25,1,13,12,623,64,0,0,0,0,15,3,39,19,5,0,0,0,57,21,25,45.7,0,0,0,518,26,15,12,0.9,0.9,0.9,9,2,268,386,69.4,34,214,9,13,11,386,69.4,5083,2476,130,165,78.8,99,125,79.2,35,76,46.1,1,0.9,0.8,5,31,5,2,34,386,354,32,3,1,4,15,14,3,268,0,10,26,13,17,4,5,14,41,34.1,27,12,4,8,15,41,35,1,518,79,190,215,119,13,518,13,11,84.6,2,15.4,214,1215,588,9,11,2,13,5,267,33,3,0,0,16,0,0,15,15,13,0,0,0,53,25,21,54.3,Chelsea,West Ham,November-30-2019
0,0,0,777,13,7,6,1.8,1.8,1.7,30,8,598,685,87.3,45,495,29,27,20,685,87.3,10501,3504,259,282,91.8,253,268,94.4,60,92,65.2,4,1.7,1.1,14,27,12,1,45,685,642,43,10,2,7,15,19,6,598,0,4,13,7,4,7,2,3,14,21.4,11,6,1,5,7,20,13,1,777,68,263,367,155,24,777,27,20,74.1,7,25.9,495,2596,1299,29,14,8,20,8,594,45,1,0,0,8,8,0,15,7,7,0,0,0,48,16,19,45.7,0,0,0,534,15,9,5,0.5,0.5,0.4,5,0,354,456,77.6,33,360,12,14,11,456,77.6,6551,2243,135,167,80.8,160,184,87.0,46,75,61.3,0,0.4,0.3,2,19,3,1,33,456,422,33,8,2,2,14,15,1,354,1,6,15,10,8,6,1,7,27,25.9,20,5,1,4,9,24,11,0,534,60,180,277,80,7,534,14,11,78.6,3,21.4,360,1802,995,12,10,2,13,10,354,33,2,0,0,10,8,1,14,9,10,0,0,0,46,19,16,54.3,Chelsea,Everton,March-8-2020
0,0,0,577,11,10,6,1.0,1.0,0.7,14,2,331,468,70.7,24,294,9,12,4,468,70.7,5351,2020,170,197,86.3,111,139,79.9,29,97,29.9,1,0.7,0.9,7,24,5,2,24,468,420,45,15,0,3,10,21,1,331,3,6,11,8,6,4,1,3,7,42.9,4,6,1,5,10,21,37,1,577,58,194,283,102,15,577,12,4,33.3,8,66.7,294,1422,619,9,9,2,9,8,326,24,1,0,0,13,15,3,10,10,8,0,0,0,48,39,40,49.4,0,0,0,468,16,4,6,0.7,0.7,0.5,14,0,235,398,59.0,23,196,8,7,4,398,59.0,4280,1746,119,151,78.8,76,122,62.3,33,103,32.0,0,0.5,0.6,6,22,5,1,23,398,333,65,15,0,7,30,37,7,235,0,7,16,9,3,11,2,8,12,66.7,4,6,1,5,4,20,14,0,468,38,165,174,136,11,468,7,4,57.1,3,42.9,196,965,493,8,6,0,13,8,233,23,0,0,0,15,12,0,30,4,9,0,0,0,45,40,39,50.6,Burnley,Watford,June-25-2020
0,0,0,621,14,7,6,1.1,1.1,0.9,42,0,456,537,84.9,45,417,20,18,16,537,84.9,8579,2602,193,214,90.2,186,213,87.3,64,89,71.9,0,0.9,0.5,17,33,5,2,45,537,499,38,13,1,12,20,11,5,456,0,5,14,8,9,5,0,4,17,23.5,13,6,2,4,7,21,11,1,621,36,191,302,137,16,621,18,16,88.9,2,11.1,417,2267,1192,20,17,3,10,12,456,45,2,0,0,6,13,0,20,7,8,0,0,0,47,16,12,57.1,0,0,0,583,14,5,9,1.9,1.9,1.2,14,5,417,492,84.8,31,402,18,17,13,492,84.8,6929,2579,199,213,93.4,150,178,84.3,40,63,63.5,2,1.2,0.8,6,33,6,1,31,492,451,40,6,2,3,11,20,4,417,1,6,14,5,6,6,2,2,18,11.1,16,9,6,3,5,19,22,1,583,56,158,292,140,14,583,17,13,76.5,4,23.5,402,2019,898,18,12,2,14,10,412,31,3,0,0,13,6,1,11,5,5,0,0,0,40,12,16,42.9,Newcastle Utd,Tottenham,July-15-2020
0,0,0,464,10,21,20,1.4,1.4,0.7,18,4,215,330,65.2,20,247,13,10,4,330,65.2,3753,1878,106,134,79.1,79,104,76.0,24,62,38.7,1,0.7,0.6,9,14,5,0,20,330,286,42,12,0,1,10,12,5,215,2,12,10,5,2,5,3,4,18,22.2,14,20,7,13,21,31,23,0,464,72,177,164,126,26,464,10,4,40.0,6,60.0,247,1022,459,13,8,6,16,10,211,20,1,0,0,9,12,2,10,21,5,0,0,0,58,18,18,50.0,0,0,0,749,16,6,14,1.8,1.8,0.9,34,2,511,628,81.4,69,433,22,18,14,628,81.4,10033,2925,177,206,85.9,269,306,87.9,64,92,69.6,0,0.9,0.6,13,33,7,1,69,628,565,62,11,2,5,23,33,8,511,1,16,16,9,10,5,1,6,10,60.0,4,14,4,10,6,22,15,1,749,64,242,336,176,18,749,18,14,77.8,4,22.2,433,2454,1403,22,20,0,24,6,510,69,1,0,0,12,8,1,23,6,9,0,0,1,61,18,18,50.0,Bournemouth,Brighton,January-21-2020
0,0,0,490,12,12,17,1.1,1.1,0.8,17,2,260,362,71.8,18,228,14,16,10,362,71.8,5006,2168,99,129,76.7,110,133,82.7,35,64,54.7,1,0.8,0.4,6,16,4,2,18,362,318,41,13,2,2,12,15,3,260,3,6,12,5,6,6,0,3,14,21.4,11,17,6,11,12,24,27,0,490,84,220,209,65,11,490,16,10,62.5,6,37.5,228,1325,665,14,11,2,13,7,256,18,3,0,0,13,14,3,12,12,5,0,1,0,45,20,20,50.0,0,1,0,657,13,13,9,2.5,1.7,1.4,28,2,443,561,79.0,47,446,17,14,11,561,79.0,7921,2770,188,208,90.4,188,213,88.3,49,97,50.5,1,1.4,1.0,9,45,15,4,47,561,518,41,13,1,6,23,14,5,443,2,12,13,9,2,8,3,6,16,37.5,10,9,3,6,13,26,11,0,657,47,136,331,191,36,656,14,11,78.6,3,21.4,446,1839,879,17,9,3,12,9,442,47,3,0,0,14,13,2,23,13,9,1,0,0,44,20,20,50.0,Everton,Southampton,July-9-2020
0,0,0,720,14,7,6,1.5,1.5,0.7,45,2,490,595,82.4,67,427,22,23,13,595,82.4,8191,2772,237,265,89.4,206,241,85.5,33,58,56.9,1,0.7,0.6,17,50,5,1,67,595,534,59,13,5,3,31,30,6,490,2,6,14,11,10,3,1,9,13,69.2,4,6,0,6,7,21,20,1,720,51,207,296,221,22,720,23,13,56.5,10,43.5,427,2722,1535,22,18,7,17,11,487,67,1,0,0,10,12,2,31,7,11,0,0,1,47,30,16,65.2,0,0,0,443,21,12,9,0.3,0.3,0.2,13,0,196,305,64.3,25,212,13,13,4,305,64.3,3429,1629,104,126,82.5,53,72,73.6,26,77,33.8,0,0.2,0.2,3,20,2,0,25,305,254,48,11,0,1,18,19,5,196,3,9,21,10,10,6,5,10,23,43.5,13,9,7,2,12,33,33,0,443,75,163,155,132,17,443,13,4,30.8,9,69.2,212,1023,487,13,9,8,19,5,194,24,2,0,0,12,10,3,18,12,10,0,0,0,45,16,30,34.8,Manchester Utd,Everton,December-15-2019
1,1,0,472,22,9,10,3.2,2.4,1.9,24,4,224,354,63.3,29,223,22,13,7,354,63.3,3977,1680,96,120,80.0,95,129,73.6,25,78,32.1,2,1.9,0.6,11,32,7,2,29,354,311,42,9,2,2,25,18,7,224,1,11,22,13,12,9,1,10,18,55.6,8,10,4,6,9,31,19,0,472,47,133,218,128,20,471,13,7,53.8,6,46.2,223,1417,738,22,11,4,12,6,223,29,4,0,0,9,6,1,25,9,13,0,0,0,50,18,21,46.2,0,0,0,601,12,6,13,1.8,1.8,1.6,20,0,373,484,77.1,43,385,26,18,8,484,77.1,5756,2203,204,236,86.4,132,160,82.5,25,58,43.1,0,1.6,1.5,9,23,8,2,43,484,440,43,9,1,1,22,22,3,373,1,8,12,6,8,4,0,6,13,46.2,7,13,4,9,6,18,34,2,601,66,208,235,163,22,601,18,8,44.4,10,55.6,385,2255,1140,26,15,4,12,12,370,42,3,0,0,9,8,1,22,6,6,0,1,0,46,21,18,53.8,Burnley,Bournemouth,February-22-2020
0,0,0,518,14,10,18,2.0,2.0,1.9,25,4,305,411,74.2,42,261,7,13,7,411,74.2,5257,2332,167,175,95.4,96,135,71.1,38,82,46.3,2,1.9,1.8,12,38,13,4,42,411,362,47,9,0,3,25,23,7,305,2,9,14,10,8,3,3,5,15,33.3,10,18,3,15,10,24,16,1,518,45,114,237,170,23,518,13,7,53.8,6,46.2,261,1261,546,7,11,2,11,13,301,40,0,0,0,11,9,2,25,10,10,0,0,0,58,13,13,50.0,0,0,0,675,19,5,10,0.8,0.8,0.4,19,0,462,566,81.6,41,450,30,15,10,566,81.6,6792,2296,280,298,94.0,128,152,84.2,33,73,45.2,0,0.4,0.7,8,31,9,1,41,566,521,45,12,3,5,10,20,3,462,0,16,19,12,12,6,1,6,13,46.2,7,10,4,6,5,24,22,0,675,92,280,240,164,23,675,15,10,66.7,5,33.3,450,2609,1427,30,19,7,17,9,458,40,1,0,0,10,11,0,10,5,12,0,0,0,56,13,13,50.0,Burnley,Norwich City,September-21-2019
0,0,0,736,22,11,11,1.0,1.0,0.8,36,4,505,613,82.4,29,421,18,16,7,613,82.4,8517,2630,222,248,89.5,216,245,88.2,46,77,59.7,2,0.8,0.8,15,28,9,5,29,613,557,54,12,1,0,22,25,9,505,2,12,22,13,8,10,4,9,14,64.3,5,11,6,5,11,33,23,0,736,60,248,289,200,26,736,16,7,43.8,9,56.3,421,2034,1123,18,14,6,9,6,501,29,0,0,0,4,10,2,22,11,13,0,0,0,33,22,24,47.8,0,0,0,476,15,13,15,1.6,1.6,0.7,22,2,251,362,69.3,27,210,9,14,5,362,69.3,4435,2041,123,152,80.9,92,122,75.4,28,60,46.7,1,0.7,0.7,8,26,8,3,27,362,301,58,5,1,2,19,36,4,251,3,8,15,12,3,9,3,9,16,56.3,7,15,7,8,13,28,26,0,476,51,114,213,151,13,476,14,5,35.7,9,64.3,210,968,414,9,11,2,6,13,251,27,3,0,0,10,4,3,19,13,12,0,0,0,41,24,22,52.2,Leicester City,Burnley,October-19-2019
0,0,0,387,8,16,15,2.2,2.2,0.9,17,2,186,275,67.6,21,219,12,13,6,275,67.6,3723,1846,97,113,85.8,56,73,76.7,31,72,43.1,0,0.9,0.5,6,17,4,1,21,275,237,36,16,1,2,15,7,4,186,2,7,8,5,2,4,2,2,9,22.2,7,15,9,6,16,24,23,0,387,63,164,137,93,14,387,13,6,46.2,7,53.8,219,1121,548,12,6,3,15,9,181,21,1,0,0,7,13,2,15,16,5,0,0,0,57,15,16,48.4,0,0,0,872,16,8,5,3.1,3.1,2.3,34,5,682,773,88.2,60,655,25,9,7,773,88.2,11664,3018,285,311,91.6,324,352,92.0,46,62,74.2,3,2.3,2.2,17,42,11,3,60,773,729,40,9,4,8,10,21,5,682,4,7,16,12,4,6,6,7,13,53.8,6,5,1,4,8,24,18,2,872,64,204,475,197,34,872,9,7,77.8,2,22.2,655,3124,1941,25,19,6,17,6,676,60,3,0,0,13,7,4,10,8,12,0,0,0,46,16,15,51.6,Bournemouth,Manchester City,August-25-2019
0,0,0,591,15,9,15,0.4,0.4,0.3,17,0,371,479,77.5,27,294,20,18,9,479,77.5,6188,2137,175,198,88.4,144,171,84.2,36,83,43.4,0,0.3,0.2,6,24,5,2,27,479,428,50,13,0,5,19,24,6,371,1,4,15,5,7,5,3,5,16,31.3,11,15,4,11,9,24,23,0,591,58,181,312,100,15,591,18,9,50.0,9,50.0,294,1739,884,20,10,5,9,11,368,27,0,0,0,8,13,1,19,9,5,0,0,0,51,14,25,35.9,0,0,0,656,20,11,10,0.8,0.8,0.7,21,2,428,544,78.7,41,388,23,16,11,544,78.7,8005,2701,160,199,80.4,192,221,86.9,57,84,67.9,1,0.7,0.8,10,27,6,3,41,544,503,40,8,1,10,20,22,5,428,1,10,20,15,7,11,2,9,18,50.0,9,10,6,4,11,31,22,0,656,70,228,299,129,18,656,16,11,68.8,5,31.3,388,2142,1136,23,10,4,11,10,424,40,1,0,0,13,7,1,20,11,15,0,0,0,57,25,14,64.1,Norwich City,Everton,June-24-2020
0,0,0,636,17,7,8,2.1,2.1,1.2,31,3,364,527,69.1,35,249,15,16,13,527,69.1,7514,2676,125,163,76.7,166,213,77.9,56,106,52.8,1,1.2,1.2,10,33,14,3,35,527,460,67,8,0,5,36,40,8,364,0,13,17,5,9,5,3,8,13,61.5,5,8,1,7,7,24,17,1,636,51,159,274,210,39,636,16,13,81.3,3,18.8,249,1241,630,15,11,6,14,7,362,34,2,0,0,10,8,0,36,7,5,0,0,0,52,40,28,58.8,0,0,0,585,10,7,12,1.5,1.5,0.9,17,1,308,433,71.1,33,320,23,13,5,433,71.1,5266,2052,164,188,87.2,99,142,69.7,36,74,48.6,0,0.9,1.0,8,27,4,0,33,433,385,47,10,0,5,15,22,4,308,1,7,10,5,3,7,0,3,16,18.8,13,12,6,6,7,17,53,1,585,84,213,220,156,23,585,13,5,38.5,8,61.5,320,1562,823,23,12,6,18,9,306,32,3,0,0,8,10,1,15,7,5,0,0,0,62,28,40,41.2,Sheffield Utd,Bournemouth,February-9-2020
0,0,0,648,14,15,18,1.9,1.9,1.6,35,2,381,511,74.6,41,295,17,27,16,511,74.6,7082,2790,166,197,84.3,155,189,82.0,53,92,57.6,1,1.6,1.3,14,26,8,2,41,511,449,62,10,2,3,29,30,12,381,0,17,14,8,5,7,2,7,20,35.0,13,18,7,11,15,29,18,4,648,81,216,289,154,31,648,27,16,59.3,11,40.7,295,1904,983,17,13,5,19,13,375,40,2,0,0,12,8,0,29,15,8,0,1,0,58,16,19,45.7,0,1,0,583,24,11,19,3.4,2.6,1.8,32,1,315,425,74.1,32,324,23,20,13,425,74.1,4878,2001,157,176,89.2,113,148,76.4,25,56,44.6,1,1.8,1.0,16,27,8,2,32,425,379,45,10,7,1,15,19,7,315,1,12,24,11,11,12,1,11,27,40.7,16,19,6,13,11,35,30,0,583,68,187,276,128,32,582,20,13,65.0,7,35.0,324,1726,1016,23,16,9,14,7,313,31,0,0,0,10,12,1,15,11,11,1,0,1,58,19,16,54.3,Aston Villa,Tottenham,February-16-2020
0,0,0,691,15,10,8,1.0,1.0,0.5,25,3,503,603,83.4,47,485,23,16,10,603,83.4,8860,2673,213,236,90.3,219,245,89.4,50,74,67.6,1,0.5,1.0,9,36,11,0,47,603,547,53,13,0,8,19,20,8,503,3,8,15,10,5,8,2,6,22,27.3,16,8,3,5,10,25,12,1,691,65,184,352,160,27,691,16,10,62.5,7,43.8,485,2619,1365,23,11,6,14,9,502,47,1,0,0,5,9,3,19,10,10,0,0,0,48,12,7,63.2,0,0,0,782,15,17,11,0.9,0.9,0.7,21,2,593,677,87.6,37,475,24,22,16,677,87.6,9465,2486,297,316,94.0,245,262,93.5,35,64,54.7,1,0.7,0.7,8,34,8,0,37,677,640,33,7,3,2,13,10,2,593,4,5,15,11,9,6,0,6,16,37.5,10,11,4,7,17,32,24,2,782,111,321,347,121,20,782,22,16,72.7,6,27.3,475,2471,1294,24,16,5,11,9,591,37,1,0,0,9,5,4,13,17,11,0,0,0,45,7,12,36.8,Manchester City,Chelsea,November-23-2019
0,0,0,547,19,7,10,1.1,1.1,0.7,38,0,281,437,64.3,26,289,21,13,5,437,64.3,4916,1985,125,164,76.2,108,156,69.2,32,78,41.0,0,0.7,0.4,13,11,9,3,26,437,378,57,10,0,4,27,29,11,281,2,10,19,11,6,11,2,5,12,41.7,7,10,3,7,7,26,19,1,547,57,193,229,129,26,547,13,5,38.5,8,61.5,289,1616,800,21,15,6,13,6,276,26,4,0,0,11,9,2,27,7,11,0,0,0,59,21,33,38.9,0,0,0,496,14,7,17,0.7,0.7,0.5,12,0,238,376,63.3,27,225,11,12,7,376,63.3,4019,1800,119,142,83.8,80,118,67.8,27,89,30.3,0,0.5,0.4,6,21,3,1,27,376,319,55,12,0,1,18,28,7,238,2,10,14,7,5,5,4,8,13,61.5,5,17,11,6,7,21,24,0,496,66,129,265,107,10,496,12,7,58.3,5,41.7,225,1360,490,11,6,3,21,14,236,27,3,0,0,9,10,2,18,7,7,0,0,0,55,33,21,61.1,Newcastle Utd,Burnley,February-29-2020
0,0,0,766,13,10,5,1.3,1.3,1.3,17,2,549,662,82.9,63,439,27,17,12,662,82.9,9809,2798,223,248,89.9,256,285,89.8,53,87,60.9,1,1.3,1.1,9,41,9,1,63,662,619,41,11,3,3,20,14,6,549,2,7,13,7,10,2,1,7,11,63.6,4,5,1,4,10,23,28,1,766,83,206,352,215,25,766,17,12,70.6,5,29.4,439,2929,1747,27,19,4,9,6,547,63,1,0,0,11,8,2,20,10,7,0,0,0,55,22,23,48.9,0,0,0,419,11,15,8,1.5,1.5,1.3,24,0,204,314,65.0,27,193,8,12,4,314,65.0,3978,2164,90,114,78.9,81,108,75.0,29,70,41.4,0,1.3,1.0,9,19,10,5,27,314,263,49,12,0,2,25,20,7,204,2,5,11,9,7,4,0,5,17,29.4,12,8,4,4,15,26,21,0,419,55,151,156,115,25,419,12,4,33.3,7,58.3,193,1248,592,8,9,3,13,6,201,27,2,0,0,9,11,2,25,15,9,0,0,0,44,23,22,51.1,Arsenal,West Ham,March-7-2020
0,0,0,746,14,5,6,1.7,1.7,1.7,29,6,553,640,86.4,28,520,25,15,11,640,86.4,8628,2839,318,337,94.4,183,201,91.0,43,71,60.6,2,1.7,1.2,14,29,9,0,28,640,595,43,12,2,4,15,15,7,553,2,13,14,11,7,7,0,6,13,46.2,7,6,1,5,5,19,23,0,746,66,229,349,173,27,746,15,11,73.3,4,26.7,520,2701,1435,25,19,8,15,10,551,28,1,0,0,9,11,2,15,5,11,0,0,0,52,13,8,61.9,0,0,0,480,14,11,17,1.0,1.0,0.8,23,2,293,376,77.9,27,258,11,13,7,376,77.9,5479,2091,133,142,93.7,109,131,83.2,41,80,51.3,1,0.8,0.6,9,24,8,3,27,376,335,40,11,1,4,21,14,5,293,1,5,14,10,5,6,3,4,15,26.7,11,17,4,13,11,25,13,0,480,47,160,230,94,17,480,13,7,53.8,6,46.2,258,1207,600,11,8,4,18,8,293,27,3,0,0,11,9,1,21,11,10,0,0,0,52,8,13,38.1,Norwich City,Newcastle Utd,August-17-2019
0,0,0,614,17,10,7,0.5,0.5,0.4,15,0,401,532,75.4,45,311,9,14,9,532,75.4,7171,2433,179,205,87.3,155,186,83.3,53,102,52.0,0,0.4,0.9,6,39,12,4,45,532,470,61,21,0,8,32,30,7,401,1,10,17,11,6,8,3,9,16,56.3,7,7,0,7,10,27,11,0,614,31,131,293,200,20,614,14,9,64.3,5,35.7,311,1494,690,9,9,0,13,5,398,45,1,0,0,11,19,1,32,10,11,0,0,0,60,23,32,41.8,0,0,0,631,10,9,12,0.4,0.4,0.4,10,2,400,515,77.7,20,320,12,16,7,515,77.7,7946,2761,146,171,85.4,197,232,84.9,55,95,57.9,1,0.4,0.5,5,22,4,1,20,515,464,49,12,0,10,7,24,1,400,2,7,10,7,7,3,0,5,14,35.7,9,12,5,7,9,19,32,0,631,116,358,197,78,10,631,16,7,43.8,9,56.3,320,1634,788,12,3,3,19,8,400,20,3,0,0,19,11,2,7,9,7,0,0,0,48,32,23,58.2,Sheffield Utd,Everton,July-20-2020
0,0,0,655,15,6,9,2.3,2.3,2.3,34,4,452,546,82.8,49,374,25,16,8,546,82.8,8520,2995,184,206,89.3,211,226,93.4,47,85,55.3,2,2.3,1.8,17,35,11,0,49,546,501,44,10,1,6,28,17,11,452,1,7,15,11,7,5,3,8,21,38.1,13,9,3,6,6,21,23,0,655,53,171,278,212,32,655,16,8,50.0,8,50.0,374,2152,1145,25,17,7,13,7,450,49,1,0,0,10,9,1,28,6,11,0,0,0,49,18,19,48.6,0,0,0,467,15,9,8,0.6,0.6,0.5,22,0,260,350,74.3,24,232,23,21,13,350,74.3,4923,2264,128,139,92.1,86,110,78.2,42,78,53.8,0,0.5,0.5,9,19,2,1,24,350,295,53,10,1,3,21,24,6,260,2,10,15,7,8,4,3,8,16,50.0,8,8,3,5,9,24,28,0,467,75,173,170,129,13,467,21,13,61.9,8,38.1,232,1454,854,23,14,5,14,7,260,24,1,0,0,9,10,2,21,9,7,0,0,0,43,19,18,51.4,Aston Villa,Newcastle Utd,November-25-2019
1,1,0,721,11,14,11,2.4,1.7,1.4,22,4,490,614,79.8,44,449,20,20,13,614,79.8,8015,2791,228,263,86.7,210,247,85.0,33,66,50.0,1,1.4,0.6,8,35,10,1,44,614,561,50,16,1,1,21,18,7,490,3,8,11,5,6,4,1,8,15,53.3,7,11,1,10,14,25,29,0,721,43,207,349,171,18,720,20,13,65.0,7,35.0,449,2278,1121,20,15,1,9,10,486,43,3,0,0,13,16,3,21,14,5,1,0,0,50,22,23,48.9,0,0,0,503,17,15,10,0.2,0.2,0.2,8,0,249,376,66.2,20,235,16,15,7,376,66.2,4435,1713,126,165,76.4,79,113,69.9,35,71,49.3,0,0.2,0.4,4,14,3,1,20,376,323,52,16,0,4,23,27,2,249,1,12,17,12,10,7,0,7,20,35.0,13,10,3,7,15,32,31,0,503,51,132,250,124,19,503,15,7,46.7,8,53.3,235,1325,646,16,10,4,19,3,246,20,2,0,0,16,10,1,23,15,12,0,1,0,46,23,22,51.1,Leicester City,Watford,December-4-2019
0,0,0,551,23,9,14,1.4,1.4,0.3,18,2,293,435,67.4,25,252,9,22,11,435,67.4,4700,1620,155,182,85.2,110,157,70.1,18,67,26.9,0,0.3,0.4,6,14,5,0,25,435,386,48,14,1,1,11,21,3,293,1,11,23,9,8,12,3,12,15,80.0,3,14,2,12,9,32,12,1,551,52,173,262,118,13,551,22,11,50.0,11,50.0,252,1242,539,9,6,4,12,8,287,23,0,0,0,8,15,1,11,9,9,0,0,0,69,15,22,40.5,0,0,0,686,19,14,11,1.7,1.7,1.6,23,8,428,573,74.7,42,431,15,15,3,573,74.7,7376,2610,187,229,81.7,187,222,84.2,38,82,46.3,4,1.6,0.4,11,30,10,0,42,573,518,55,9,1,2,9,33,4,428,0,12,19,12,15,3,1,11,22,50.0,11,11,2,9,14,33,21,1,686,57,233,328,129,20,686,15,3,20.0,12,80.0,431,1711,833,15,8,6,9,11,422,40,1,0,0,15,7,0,9,14,12,0,0,0,71,22,15,59.5,Southampton,Chelsea,October-6-2019
0,0,0,627,23,11,7,2.4,2.4,2.1,45,4,407,502,81.1,66,361,21,17,14,502,81.1,6960,2533,198,221,89.6,153,178,86.0,40,71,56.3,2,2.1,1.8,18,48,15,6,66,502,454,45,18,2,4,25,11,11,407,3,8,23,12,7,10,6,9,16,56.3,7,7,1,6,11,34,11,1,627,50,135,263,237,34,627,17,14,82.4,3,17.6,361,2245,1280,21,14,8,19,10,406,65,3,0,0,13,18,3,25,11,12,0,1,0,58,16,13,55.2,1,1,0,528,13,6,15,2.0,1.2,0.4,24,3,324,415,78.1,28,217,18,16,7,415,78.1,6001,2541,152,169,89.9,128,151,84.8,39,73,53.4,0,0.4,0.5,8,16,8,0,28,415,364,50,14,4,0,11,12,6,324,1,6,13,6,10,3,0,3,17,17.6,14,15,8,7,6,19,25,0,528,108,245,199,89,17,527,16,7,43.8,9,56.3,217,1326,620,18,13,5,12,14,324,28,5,0,0,19,13,1,11,6,6,1,0,0,54,13,16,44.8,Arsenal,Tottenham,September-1-2019
0,0,0,734,16,13,10,2.7,2.7,1.6,22,4,491,601,81.7,52,354,35,40,24,601,81.7,8275,2971,232,256,90.6,200,232,86.2,41,76,53.9,2,1.6,1.2,8,30,10,0,52,601,552,48,12,1,1,19,19,7,491,1,8,16,10,10,4,2,11,27,40.7,16,10,3,7,13,29,19,0,734,55,228,327,185,41,734,40,24,60.0,16,40.0,354,2225,1273,35,21,19,16,14,489,52,0,0,0,5,10,1,19,13,10,0,0,0,64,15,27,35.7,0,0,0,570,30,20,8,0.9,0.9,0.8,18,2,314,439,71.5,46,252,13,27,16,439,71.5,6051,2473,140,167,83.8,115,143,80.4,55,99,55.6,1,0.8,1.0,9,26,10,2,46,439,393,44,6,1,1,25,20,6,314,2,10,30,15,15,10,5,16,40,40.0,24,8,1,7,20,50,24,2,570,70,166,245,165,24,570,27,16,59.3,11,40.7,252,1435,792,13,16,3,11,5,309,46,2,0,0,10,5,2,25,20,15,0,0,0,64,27,15,64.3,Crystal Palace,West Ham,December-26-2019
0,0,0,427,13,10,18,1.3,1.3,1.1,13,2,180,301,59.8,26,169,13,19,5,301,59.8,3713,2010,90,120,75.0,47,73,64.4,35,83,42.2,1,1.1,1.5,6,21,8,2,26,301,240,61,15,1,8,16,30,2,180,0,10,13,9,4,6,3,6,11,54.5,5,18,6,12,10,23,24,0,427,53,151,128,156,28,427,19,5,26.3,14,73.7,169,979,471,13,9,4,14,13,179,26,0,0,0,15,12,0,16,10,9,0,0,0,53,21,21,50.0,0,0,0,729,27,4,10,1.0,1.0,0.8,26,2,481,610,78.9,50,401,19,11,5,610,78.9,8027,2524,225,253,88.9,210,243,86.4,31,70,44.3,1,0.8,0.9,12,43,6,1,50,610,555,52,14,0,2,23,23,7,481,3,13,27,17,18,5,4,14,19,73.7,5,10,1,9,4,31,26,1,729,72,213,350,178,16,729,11,5,45.5,6,54.5,401,2066,1135,19,12,4,14,7,481,50,1,0,0,12,15,3,23,4,17,0,0,0,61,21,21,50.0,Watford,Leicester City,June-20-2020
0,0,0,878,26,6,17,1.8,1.8,1.7,26,2,631,741,85.2,56,495,19,23,14,741,85.2,11966,3616,236,270,87.4,316,344,91.9,72,91,79.1,1,1.7,1.5,12,51,12,5,56,741,697,44,10,1,5,21,23,2,631,0,16,26,16,9,9,8,10,17,58.8,7,17,4,13,6,32,24,1,878,96,307,387,191,30,878,23,14,60.9,9,39.1,495,2531,1351,19,14,3,16,9,630,56,1,0,0,11,9,0,21,6,16,0,1,0,58,21,22,48.8,1,1,0,468,18,13,16,1.6,0.8,0.6,23,5,216,329,65.7,24,200,18,17,7,329,65.7,3522,1982,93,120,77.5,58,81,71.6,29,64,45.3,2,0.6,1.0,9,21,7,4,24,329,288,40,9,0,1,24,21,5,216,1,14,18,13,5,11,2,9,23,39.1,14,16,3,13,13,31,15,0,468,51,150,168,152,26,467,17,7,41.2,10,58.8,200,1117,566,18,9,4,13,16,214,24,0,0,0,9,10,1,24,13,13,0,0,0,61,22,21,51.2,Everton,Bournemouth,July-26-2020
0,0,0,798,19,5,12,1.0,1.0,0.6,24,0,592,685,86.4,68,503,34,21,13,685,86.4,9746,2812,305,336,90.8,235,261,90.0,41,59,69.5,0,0.6,0.9,9,51,14,1,68,685,633,52,15,0,4,23,26,4,592,0,10,19,11,11,7,1,11,27,40.7,16,12,6,6,5,24,13,0,798,48,148,339,317,27,798,21,13,61.9,8,38.1,503,2833,1718,34,29,4,18,20,585,66,3,0,0,14,14,0,23,5,11,0,0,0,59,9,8,52.9,0,0,0,525,28,19,9,1.3,1.3,1.0,28,0,302,389,77.6,28,248,21,27,16,389,77.6,5772,2390,118,134,88.1,127,151,84.1,45,76,59.2,0,1.0,0.8,10,23,6,2,28,389,349,39,13,2,6,19,12,6,302,1,7,28,19,19,7,2,8,21,38.1,13,9,3,6,19,47,25,0,525,63,214,215,105,27,525,27,16,59.3,11,40.7,248,1539,836,21,11,8,11,8,301,28,2,0,0,15,14,1,19,19,19,0,0,0,69,8,9,47.1,Manchester Utd,Wolves,February-1-2020
0,0,1,578,9,12,8,0.6,0.6,0.5,16,2,383,487,78.6,32,390,11,14,9,487,78.6,6417,2171,189,206,91.7,161,187,86.1,31,74,41.9,1,0.5,0.5,5,24,3,2,32,487,436,51,16,2,3,18,21,5,383,0,13,9,6,2,7,0,4,11,36.4,7,8,4,4,12,21,21,0,578,54,194,280,114,13,578,14,9,64.3,5,35.7,390,2035,1016,11,13,1,12,6,379,32,4,1,1,10,9,0,18,12,6,0,0,0,37,12,21,36.4,0,0,0,662,11,6,14,1.1,1.1,0.8,29,4,467,556,84.0,40,322,19,11,7,556,84.0,9318,3143,173,191,90.6,211,241,87.6,74,99,74.7,1,0.8,1.3,12,31,6,2,40,556,507,45,9,3,8,21,19,9,467,4,7,11,6,4,6,1,5,14,35.7,9,14,3,11,6,17,29,0,662,55,167,350,149,25,662,11,7,63.6,4,36.4,322,1600,892,19,11,10,12,5,460,38,1,0,0,12,10,4,21,6,6,0,0,0,42,21,12,63.6,Bournemouth,Wolves,November-23-2019
0,0,0,1082,6,9,2,2.8,2.8,2.4,35,3,902,1019,88.5,50,860,29,13,8,1019,88.5,15798,4088,390,413,94.4,386,428,90.2,93,133,69.9,1,2.4,2.1,16,43,14,1,50,1019,978,40,11,2,9,24,17,8,902,1,6,6,4,3,3,0,1,7,14.3,6,2,0,2,9,15,9,1,1082,44,257,594,242,38,1082,13,8,61.5,5,38.5,860,3529,1909,29,26,6,5,9,898,50,0,0,0,5,5,1,24,9,4,0,0,0,59,18,10,64.3,0,0,0,447,14,12,9,0.6,0.6,0.6,3,0,255,355,71.8,23,175,6,7,6,355,71.8,4110,1493,142,160,88.8,91,117,77.8,17,65,26.2,0,0.6,0.8,2,14,6,0,23,355,319,33,6,1,7,10,14,4,255,3,2,14,9,6,8,0,5,13,38.5,8,9,6,3,12,26,32,2,447,76,172,195,83,9,447,7,6,85.7,1,14.3,175,857,417,6,4,0,12,5,252,22,0,0,0,8,5,3,10,12,9,0,0,0,63,10,18,35.7,Liverpool,Sheffield Utd,January-2-2020
0,0,0,380,7,11,8,2.4,2.4,1.0,16,5,174,282,61.7,20,146,6,12,9,282,61.7,3053,1440,95,114,83.3,52,84,61.9,21,65,32.3,1,1.0,0.7,6,18,8,4,20,282,244,37,6,0,2,12,18,4,174,1,2,7,3,3,2,2,2,8,25.0,6,8,4,4,11,18,37,0,380,71,160,97,129,18,380,12,9,75.0,3,25.0,146,871,413,6,8,3,6,5,170,19,1,0,0,8,5,1,12,11,3,0,0,0,40,35,28,55.6,0,0,0,956,8,14,4,1.2,1.2,1.0,27,0,757,881,85.9,54,610,28,8,6,881,85.9,13609,3363,308,338,91.1,364,397,91.7,68,114,59.6,0,1.0,0.8,13,48,12,5,54,881,824,57,8,0,9,35,32,6,757,0,4,8,7,4,4,0,3,12,25.0,9,4,2,2,14,22,11,1,956,62,260,480,217,19,956,8,6,75.0,2,25.0,610,2973,1714,28,20,1,12,5,754,54,0,0,0,6,8,0,35,14,7,0,0,0,41,28,35,44.4,Sheffield Utd,Chelsea,July-11-2020
1,1,0,597,16,12,14,2.2,1.4,1.3,19,7,386,486,79.4,31,313,23,20,14,486,79.4,6621,2153,184,213,86.4,145,163,89.0,42,70,60.0,3,1.3,1.1,9,16,9,3,31,486,445,39,12,2,5,14,16,3,386,2,15,16,10,6,6,4,11,24,45.8,13,14,4,10,12,28,20,0,597,67,235,245,123,26,596,20,14,70.0,6,30.0,313,1843,957,23,13,7,17,15,386,31,3,0,0,15,12,2,14,12,10,1,0,0,51,13,9,59.1,0,0,0,687,21,15,16,1.0,1.0,0.8,34,0,469,567,82.7,43,406,27,24,13,567,82.7,7421,2164,223,250,89.2,187,213,87.8,35,60,58.3,0,0.8,0.7,15,32,6,1,43,567,515,52,17,1,4,19,23,5,469,0,11,21,9,6,8,7,6,20,30.0,14,16,4,12,15,36,13,1,687,50,166,329,197,15,687,24,13,54.2,11,45.8,406,2363,1142,27,26,3,19,5,469,43,4,0,0,13,15,0,19,15,9,0,1,0,59,9,13,40.9,Manchester Utd,Chelsea,August-11-2019
0,0,0,670,17,11,4,1.3,1.3,0.8,23,1,453,575,78.8,35,384,30,24,16,575,78.8,8683,2662,177,207,85.5,195,240,81.3,64,94,68.1,1,0.8,1.0,8,23,2,1,35,575,522,52,21,1,8,32,17,7,453,1,3,17,8,10,7,0,9,16,56.3,7,4,0,4,11,28,13,0,670,46,186,334,155,28,670,24,16,66.7,8,33.3,384,2303,1354,30,21,7,14,11,445,34,1,0,0,12,16,1,32,11,8,0,0,0,51,26,25,51.0,0,0,0,543,19,17,9,1.5,1.5,1.4,18,2,295,405,72.8,37,222,17,16,7,405,72.8,5370,2223,139,162,85.8,110,140,78.6,39,81,48.1,1,1.4,1.0,8,29,11,5,37,405,359,43,13,1,4,18,21,2,295,3,4,19,14,6,11,2,8,24,33.3,16,9,6,3,17,36,37,0,543,72,179,210,156,21,543,16,7,43.8,9,56.3,222,1193,602,17,10,5,14,8,295,37,5,0,0,18,12,3,18,17,14,0,0,0,53,25,26,49.0,Wolves,Sheffield Utd,December-1-2019
0,0,0,545,22,13,12,1.3,1.3,1.3,22,2,246,391,62.9,32,217,13,16,8,391,62.9,4327,2065,117,154,76.0,91,140,65.0,28,68,41.2,1,1.3,0.8,10,22,7,4,32,391,340,50,11,4,1,19,27,6,246,1,7,22,14,7,11,4,11,28,39.3,17,12,4,8,13,35,37,0,545,65,170,267,117,15,545,16,8,50.0,8,50.0,217,1270,620,13,10,1,30,15,243,30,3,0,0,21,8,1,19,13,14,0,0,0,68,21,20,51.2,0,0,0,686,23,8,11,0.9,0.9,0.7,19,0,401,558,71.9,39,437,19,29,17,558,71.9,6665,2238,191,228,83.8,168,211,79.6,31,87,35.6,0,0.7,1.8,6,28,6,2,39,558,488,67,20,6,3,24,31,9,401,3,8,23,15,10,11,2,8,16,50.0,8,11,5,6,8,31,25,0,686,50,233,318,148,19,686,29,17,58.6,11,37.9,437,2102,1056,19,11,6,18,11,398,38,4,0,0,8,20,3,24,8,15,0,0,0,68,20,21,48.8,Southampton,Tottenham,January-1-2020
0,0,0,753,15,9,9,2.6,2.6,1.6,38,2,520,649,80.1,48,380,19,18,10,649,80.1,9473,3043,222,249,89.2,217,253,85.8,67,119,56.3,1,1.6,0.8,15,52,14,0,48,649,594,54,11,0,13,20,27,8,520,1,9,15,12,4,5,6,5,14,35.7,9,9,4,5,9,24,8,0,753,40,183,337,240,30,753,18,10,55.6,8,44.4,380,2034,1045,19,15,7,19,10,510,44,1,0,0,6,10,1,20,9,12,0,0,0,57,19,25,43.2,0,0,0,429,18,12,17,0.7,0.7,0.4,15,2,185,314,58.9,23,179,9,14,9,314,58.9,3979,1762,67,99,67.7,77,119,64.7,33,74,44.6,1,0.4,0.6,5,23,6,2,23,314,275,37,7,0,8,11,18,2,185,2,4,18,13,13,4,1,8,18,44.4,10,17,9,8,12,30,21,0,429,77,199,155,79,20,429,14,9,64.3,5,35.7,179,980,450,9,4,2,22,10,184,23,0,0,0,10,5,2,11,12,13,0,0,0,45,25,19,56.8,Southampton,Brighton,July-16-2020
0,0,0,501,19,9,7,0.5,0.5,0.3,23,0,298,393,75.8,31,218,13,20,13,393,75.8,4870,2195,151,175,86.3,113,129,87.6,24,60,40.0,0,0.3,0.3,5,19,3,0,31,393,331,60,17,0,2,20,30,5,298,2,11,19,13,11,7,1,9,15,60.0,6,7,2,5,9,28,13,0,501,43,167,223,118,12,501,20,13,65.0,7,35.0,218,1277,657,13,7,2,20,15,294,31,2,0,0,15,16,2,20,9,13,0,0,0,52,18,17,51.4,0,0,0,598,22,8,13,1.2,1.2,0.9,27,3,385,477,80.7,30,356,14,15,6,477,80.7,7041,2590,160,184,87.0,165,191,86.4,47,76,61.8,1,0.9,0.8,12,24,4,1,30,477,426,50,16,2,4,20,20,6,385,1,7,22,15,10,11,1,7,20,35.0,13,13,4,9,8,30,26,0,598,66,216,268,117,24,598,15,6,40.0,9,60.0,356,1798,940,14,10,7,13,10,383,29,2,0,0,16,13,1,20,8,15,0,0,0,48,17,18,48.6,Crystal Palace,Leicester City,November-3-2019
0,0,0,586,24,13,10,3.2,3.2,1.1,37,1,312,442,70.6,38,249,14,17,12,442,70.6,5518,2363,137,160,85.6,123,155,79.4,36,95,37.9,0,1.1,1.2,9,31,8,4,38,442,395,45,9,2,5,32,26,3,312,2,3,24,16,6,16,2,8,17,47.1,9,10,5,5,13,37,22,0,586,52,152,296,141,29,586,17,12,70.6,5,29.4,249,1418,637,14,7,1,24,9,311,38,5,0,0,16,11,2,32,13,16,0,1,0,62,28,16,63.6,1,1,0,646,14,8,12,1.2,0.4,0.3,24,2,380,525,72.4,37,374,19,17,9,525,72.4,6311,2322,188,218,86.2,137,175,78.3,36,92,39.1,0,0.3,0.4,8,23,7,0,37,525,473,52,17,0,4,20,19,5,380,0,6,14,8,9,3,2,5,17,29.4,12,12,10,2,8,22,36,1,646,89,225,287,139,14,645,17,9,52.9,8,47.1,374,1806,1043,19,20,3,7,16,378,37,4,0,0,11,15,0,20,8,8,1,0,0,50,16,28,36.4,Burnley,Tottenham,March-7-2020
0,0,0,554,14,11,10,2.4,2.4,0.7,31,4,334,428,78.0,46,292,28,32,21,428,78.0,6415,2610,141,162,87.0,131,151,86.8,50,84,59.5,2,0.7,0.4,12,33,8,1,46,428,386,42,9,2,6,21,19,6,334,0,9,14,8,7,6,1,7,24,29.2,17,10,4,6,11,25,30,0,554,60,188,231,143,33,554,32,21,65.6,11,34.4,292,1935,1176,28,19,12,12,9,330,45,4,0,0,17,5,0,21,11,8,0,0,0,53,19,13,59.4,0,0,0,547,20,9,8,0.6,0.6,0.4,25,2,325,429,75.8,26,283,19,24,17,429,75.8,5963,2278,134,153,87.6,151,184,82.1,32,70,45.7,0,0.4,0.4,7,23,2,1,26,429,375,53,16,0,6,27,21,3,325,1,8,20,13,8,10,2,11,32,34.4,21,8,5,3,9,29,21,0,547,68,197,243,119,10,547,24,17,70.8,7,29.2,283,1759,911,19,15,3,16,7,322,25,3,0,0,8,15,1,27,9,13,0,0,0,50,13,19,40.6,Wolves,Aston Villa,November-10-2019
0,0,0,559,22,17,13,0.2,0.2,0.2,7,1,300,430,69.8,22,288,11,21,8,430,69.8,4728,1901,153,182,84.1,110,138,79.7,21,67,31.3,1,0.2,0.4,4,17,4,0,22,430,379,48,13,2,0,10,21,4,300,3,11,22,13,10,10,2,11,25,44.0,14,13,6,7,17,39,31,0,559,70,228,230,105,13,559,21,8,38.1,13,61.9,288,1363,651,11,10,2,18,9,298,21,3,0,0,12,10,3,10,17,13,0,1,0,63,16,19,45.7,1,1,0,729,22,9,9,1.9,1.1,1.0,27,3,476,606,78.5,52,431,26,25,14,606,78.5,7332,2557,252,286,88.1,177,212,83.5,30,65,46.2,0,1.0,1.0,13,52,10,0,52,606,555,48,13,2,3,21,22,6,476,3,14,22,12,12,7,3,13,21,61.9,8,9,0,9,9,31,13,1,729,48,152,362,217,24,728,25,14,56.0,11,44.0,431,2194,1162,26,15,4,19,11,474,52,3,0,0,10,11,3,21,9,12,1,0,1,63,19,16,54.3,Norwich City,Tottenham,December-28-2019
0,0,0,543,14,11,6,1.4,1.4,1.3,22,0,310,443,70.0,48,234,17,20,12,443,70.0,6244,2468,131,162,80.9,122,157,77.7,50,108,46.3,0,1.3,0.8,11,31,8,2,48,443,384,58,16,0,7,28,27,6,310,1,6,14,10,7,6,1,2,14,14.3,12,6,1,5,11,25,16,0,543,43,143,254,152,23,543,20,12,60.0,8,40.0,234,1330,709,17,11,5,14,6,307,47,4,0,0,15,16,1,28,11,10,0,0,0,53,27,20,57.4,0,0,0,543,14,7,8,0.2,0.2,0.1,6,0,311,431,72.2,27,282,15,14,12,431,72.2,5455,2104,142,172,82.6,136,171,79.5,27,68,39.7,0,0.1,0.1,2,19,1,0,27,431,386,44,16,0,2,11,18,2,311,1,6,14,11,10,3,1,8,20,40.0,12,8,6,2,7,21,30,0,543,70,226,231,92,8,543,14,12,85.7,2,14.3,282,1484,765,15,11,5,20,12,311,27,2,0,0,16,15,1,11,7,11,0,0,0,52,20,27,42.6,Watford,Crystal Palace,December-7-2019
0,0,0,643,20,14,8,1.4,1.4,0.9,21,0,409,536,76.3,37,350,24,28,18,536,76.3,7171,2180,184,225,81.8,180,214,84.1,36,72,50.0,0,0.9,0.9,8,41,7,2,37,536,487,47,8,1,6,38,21,12,409,2,10,20,10,7,10,3,10,26,38.5,16,8,0,8,14,34,11,0,643,39,133,352,168,23,643,28,18,64.3,10,35.7,350,2094,1301,24,15,6,9,6,403,36,1,0,0,13,7,2,38,14,10,0,0,0,53,24,28,46.2,0,0,0,497,16,12,11,0.3,0.3,0.2,7,2,261,368,70.9,15,198,7,26,16,368,70.9,4223,1661,138,156,88.5,93,131,71.0,21,55,38.2,1,0.2,0.2,3,19,2,0,15,368,316,50,15,0,1,8,23,4,261,2,8,16,10,11,3,2,10,28,35.7,18,11,5,6,12,28,34,1,497,76,213,199,90,10,497,26,16,61.5,10,38.5,198,1080,560,7,7,3,16,10,261,15,2,0,0,7,13,2,8,12,10,0,0,0,41,28,24,53.8,Southampton,Crystal Palace,December-28-2019
0,0,0,500,14,9,11,1.8,1.8,1.6,32,2,261,373,70.0,38,222,15,24,14,373,70.0,5559,2583,106,138,76.8,97,120,80.8,56,98,57.1,1,1.6,0.9,15,27,6,2,38,373,322,48,14,2,5,28,20,5,261,3,4,14,7,9,5,0,7,16,43.8,9,11,6,5,9,23,27,1,500,59,176,199,129,29,500,24,14,58.3,10,41.7,222,1196,666,15,10,8,13,5,259,37,2,0,0,13,12,3,28,9,7,0,0,0,53,49,24,67.1,0,0,0,625,15,6,9,3.1,3.1,2.6,36,3,376,490,76.7,27,280,15,16,9,490,76.7,7393,2746,152,186,81.7,162,183,88.5,58,101,57.4,1,2.6,1.6,16,30,5,4,27,490,437,51,14,3,3,25,19,8,376,2,8,15,10,6,7,2,10,24,41.7,14,9,6,3,6,21,33,1,625,88,226,242,164,31,625,16,9,56.3,7,43.8,280,1536,720,15,9,6,16,7,372,27,2,0,0,13,12,2,25,6,10,0,0,0,46,24,49,32.9,Newcastle Utd,Everton,December-28-2019
0,0,0,663,21,12,6,1.4,1.4,0.9,25,2,402,543,74.0,71,307,18,13,6,543,74.0,7096,2599,187,224,83.5,171,204,83.8,38,85,44.7,1,0.9,1.2,11,29,14,1,71,543,486,55,9,2,7,16,33,3,402,2,15,21,13,8,12,1,7,12,58.3,5,6,0,6,12,33,22,0,663,49,179,301,188,31,663,13,6,46.2,7,53.8,307,1758,870,18,14,7,20,10,400,69,0,0,0,13,7,2,16,12,13,0,0,0,61,26,24,52.0,0,0,0,462,17,11,15,0.4,0.4,0.3,13,2,207,338,61.2,25,186,10,12,5,338,61.2,3622,1600,105,126,83.3,73,113,64.6,26,81,32.1,1,0.3,0.2,6,14,6,2,25,338,271,65,14,0,1,18,31,6,207,2,8,17,13,7,6,4,7,13,53.8,6,15,2,13,11,28,25,0,462,66,147,214,107,8,462,12,5,41.7,7,58.3,186,1131,577,10,11,1,15,14,207,25,2,0,0,7,13,2,18,11,13,0,0,0,40,24,26,48.0,Brighton,Burnley,September-14-2019
0,0,0,961,5,15,12,2.8,2.8,2.7,44,8,804,878,91.6,84,598,27,19,14,878,91.6,14094,3912,385,407,94.6,339,364,93.1,72,84,85.7,3,2.7,2.6,21,55,22,3,84,878,851,25,6,3,10,21,10,8,804,2,10,5,1,2,3,0,0,8,0.0,8,12,5,7,15,20,11,0,961,40,171,534,267,42,961,19,14,73.7,5,26.3,598,3207,1756,27,24,11,10,10,799,84,0,0,0,13,7,2,21,15,1,0,0,0,53,14,5,73.7,0,0,0,410,15,11,15,0.3,0.3,0.3,12,0,234,324,72.2,12,189,8,8,8,324,72.2,4258,1528,108,123,87.8,88,107,82.2,30,67,44.8,0,0.3,0.2,5,12,3,2,12,324,280,44,15,0,5,10,13,1,234,0,7,15,11,10,4,1,5,19,26.3,14,15,8,7,11,26,17,2,410,77,197,160,58,8,410,8,8,100.0,0,0.0,189,907,495,8,6,1,16,5,232,12,0,0,0,7,11,0,10,11,11,0,0,1,34,5,14,26.3,Manchester City,Newcastle Utd,July-8-2020
0,0,0,547,16,7,17,2.0,2.0,1.2,22,2,331,432,76.6,34,356,12,11,9,432,76.6,5832,2394,162,197,82.2,126,152,82.9,36,57,63.2,1,1.2,0.8,8,26,6,0,34,432,377,54,12,1,5,19,21,8,331,1,13,16,7,7,8,1,8,16,50.0,8,17,9,8,7,23,27,0,547,69,209,222,120,21,547,11,9,81.8,2,18.2,356,1949,1058,12,11,5,16,8,329,33,4,0,0,5,12,1,19,7,7,0,0,0,47,14,12,53.8,0,0,0,766,10,13,12,1.5,1.5,0.8,29,1,555,653,85.0,68,468,30,16,8,653,85.0,10056,2875,227,245,92.7,267,298,89.6,52,81,64.2,0,0.8,1.2,12,44,15,2,68,653,611,42,6,3,2,24,24,3,555,0,11,10,6,2,4,4,2,11,18.2,9,12,3,9,13,23,22,0,766,53,185,381,205,38,766,16,8,50.0,8,50.0,468,2820,1703,30,21,10,15,8,555,68,4,0,0,13,5,0,24,13,6,0,0,0,49,12,14,46.2,Bournemouth,Arsenal,December-26-2019
0,0,0,683,20,12,11,2.0,2.0,1.9,27,2,439,560,78.4,37,334,21,16,6,560,78.4,8339,2979,188,215,87.4,191,232,82.3,58,92,63.0,0,1.9,1.4,13,32,11,7,37,560,498,60,13,0,5,25,30,8,439,2,8,20,9,5,13,2,4,23,17.4,19,11,1,10,12,32,17,0,683,58,192,325,172,25,683,16,6,37.5,10,62.5,334,2171,1048,21,12,4,17,12,431,37,0,0,0,11,10,2,25,12,9,0,0,0,60,31,14,68.9,0,0,0,533,22,15,11,0.8,0.8,0.8,12,2,293,418,70.1,25,289,21,23,19,418,70.1,4447,1468,165,195,84.6,82,114,71.9,29,72,40.3,1,0.8,0.4,7,19,1,0,25,418,359,55,12,1,2,14,21,6,293,4,11,22,15,11,11,0,10,16,62.5,6,11,3,8,15,37,13,0,533,56,170,276,98,15,533,23,19,82.6,4,17.4,289,1814,772,21,15,8,15,16,291,25,2,0,0,10,11,4,14,15,15,0,0,0,59,14,31,31.1,Brighton,West Ham,August-17-2019
0,0,1,480,6,16,8,1.1,1.1,1.0,19,2,257,382,67.3,37,293,13,15,6,382,67.3,4434,1867,137,157,87.3,95,123,77.2,23,78,29.5,1,1.0,0.9,8,21,6,1,37,382,320,58,14,1,1,20,30,10,257,4,11,6,4,3,1,2,2,6,33.3,4,8,1,7,16,22,15,0,480,49,165,193,129,17,480,15,6,40.0,9,60.0,293,1366,558,13,11,4,17,8,252,36,1,1,0,10,14,4,20,16,4,0,0,0,52,16,18,47.1,0,0,0,706,17,8,12,0.9,0.9,0.9,26,2,489,603,81.1,37,345,15,6,4,603,81.1,8739,2939,224,245,91.4,213,252,84.5,48,89,53.9,1,0.9,0.6,11,46,10,6,37,603,557,45,13,1,0,18,22,1,489,1,9,17,12,8,9,0,9,15,60.0,6,12,2,10,8,25,20,0,706,74,222,335,152,15,706,6,4,66.7,2,33.3,345,1597,760,15,8,1,20,4,487,37,0,0,0,14,10,1,18,8,12,0,0,0,56,18,16,52.9,Arsenal,Leicester City,July-7-2020
0,0,0,627,16,12,9,0.5,0.5,0.1,12,0,442,527,83.9,31,412,19,22,10,527,83.9,7579,2333,192,206,93.2,204,226,90.3,33,69,47.8,0,0.1,0.3,3,21,4,2,31,527,466,59,25,1,3,20,18,3,442,2,7,16,12,8,4,4,10,21,47.6,11,9,4,5,12,28,10,2,627,70,238,271,122,14,627,22,10,45.5,12,54.5,412,2285,1043,19,14,6,15,9,439,31,1,0,0,9,23,2,20,12,12,0,0,0,44,9,15,37.5,0,0,0,815,21,10,6,1.3,1.3,0.5,25,6,633,708,89.4,41,613,28,21,11,708,89.4,10242,3080,319,343,93.0,235,256,91.8,54,72,75.0,2,0.5,0.5,11,40,8,1,41,708,669,38,11,4,6,10,19,3,633,1,6,21,11,9,8,4,12,22,54.5,10,6,1,5,10,31,22,0,815,60,209,439,175,16,815,21,11,52.4,10,47.6,613,2921,1449,28,26,6,14,6,632,41,4,0,0,24,8,1,10,10,11,0,0,0,44,15,9,62.5,Arsenal,Manchester City,December-15-2019
0,0,0,718,16,7,25,0.9,0.9,0.7,17,0,497,601,82.7,49,381,24,15,10,601,82.7,8094,2847,258,274,94.2,179,214,83.6,41,74,55.4,1,0.7,0.6,7,36,8,3,49,601,545,54,17,3,6,32,22,8,497,2,9,16,10,9,5,2,8,19,42.1,11,25,12,13,7,23,23,1,718,82,216,294,211,26,718,15,10,66.7,5,33.3,381,2360,1290,24,17,6,9,17,496,49,0,0,0,6,15,2,32,7,10,0,0,0,49,7,18,28.0,0,0,0,577,22,14,7,1.8,1.8,1.4,41,2,348,450,77.3,46,287,36,19,11,450,77.3,6494,2672,148,172,86.0,137,167,82.0,51,71,71.8,1,1.4,0.7,16,31,8,2,46,450,401,47,7,1,7,25,21,9,348,2,16,22,13,11,8,3,5,15,33.3,10,7,1,6,14,36,24,2,577,68,184,219,179,32,577,19,11,57.9,8,42.1,287,1901,1133,36,19,9,11,8,344,44,2,0,0,15,6,2,25,14,13,0,0,0,53,18,7,72.0,Arsenal,Wolves,November-2-2019
0,0,0,794,11,14,13,1.0,1.0,0.9,20,6,598,690,86.7,59,578,18,14,9,690,86.7,10186,2889,280,309,90.6,258,284,90.8,46,69,66.7,3,0.9,0.7,10,44,12,2,59,690,652,37,10,1,4,18,22,4,598,1,3,11,6,6,4,1,1,9,11.1,8,13,3,10,14,25,13,1,794,48,155,476,166,23,794,14,9,64.3,5,35.7,578,2627,1587,18,22,4,18,10,597,59,4,0,0,19,11,1,18,14,6,0,0,0,58,20,14,58.8,0,0,0,498,15,18,4,0.6,0.6,0.5,20,0,297,389,76.3,34,227,16,9,8,389,76.3,5469,2618,123,149,82.6,126,143,88.1,37,65,56.9,0,0.5,0.7,9,22,2,1,34,389,334,55,19,0,0,10,16,3,297,0,11,15,11,4,9,2,5,14,35.7,9,4,1,3,18,33,15,1,498,69,200,223,78,23,498,9,8,88.9,1,11.1,227,1291,582,16,4,7,20,10,293,33,3,0,0,11,19,0,10,18,11,0,0,1,45,14,20,41.2,Tottenham,Crystal Palace,September-14-2019
1,1,0,868,18,6,5,5.9,5.1,4.3,53,15,689,778,88.6,55,674,30,22,18,778,88.6,10683,3038,383,407,94.1,220,251,87.6,60,72,83.3,4,4.3,2.8,21,40,13,7,55,778,741,35,8,1,7,23,20,5,689,2,7,18,12,9,5,4,11,18,61.1,7,5,1,4,6,24,5,0,868,41,167,471,241,46,867,22,18,81.8,4,18.2,674,3327,1939,30,26,10,4,8,686,55,2,0,0,5,9,2,23,6,12,1,0,0,52,11,4,73.3,0,0,0,464,12,12,10,0.4,0.4,0.4,9,0,283,362,78.2,16,283,11,18,7,362,78.2,4697,1405,141,152,92.8,112,123,91.1,24,67,35.8,0,0.4,0.1,4,9,5,0,16,362,318,42,4,0,1,4,15,4,283,2,4,12,5,6,4,2,4,22,18.2,18,10,4,6,12,24,21,0,464,69,197,211,61,10,464,18,7,38.9,11,61.1,283,1401,627,11,7,1,10,7,280,16,2,0,0,9,5,2,4,12,5,0,1,0,39,4,11,26.7,Manchester City,Watford,September-21-2019
0,0,0,514,18,11,11,1.0,1.0,0.7,25,0,285,395,72.2,43,225,27,27,18,395,72.2,5556,2356,117,140,83.6,106,129,82.2,48,81,59.3,0,0.7,0.7,11,24,9,4,43,395,337,56,7,0,5,26,36,7,285,2,11,18,10,12,5,1,8,19,42.1,11,11,4,7,11,29,17,1,514,44,142,229,146,27,514,27,18,66.7,9,33.3,225,1603,954,27,16,5,13,12,283,43,2,0,0,13,9,2,26,11,10,0,0,0,45,22,18,55.0,0,0,1,659,21,14,10,0.7,0.7,0.6,17,0,440,537,81.9,39,430,27,19,11,537,81.9,7446,2250,204,223,91.5,198,225,88.0,27,55,49.1,0,0.6,0.4,7,27,3,1,39,537,491,46,15,0,0,19,20,0,440,0,9,21,12,14,5,2,9,27,33.3,18,10,4,6,14,35,22,1,659,61,209,300,155,19,659,19,11,57.9,8,42.1,430,2414,1338,27,25,7,13,10,436,39,4,1,1,10,12,0,19,14,12,0,0,0,45,18,22,45.0,Wolves,Leicester City,February-14-2020
0,0,0,826,10,6,3,1.7,1.7,1.5,39,2,604,729,82.9,62,551,32,14,12,729,82.9,9915,3197,287,313,91.7,235,276,85.1,54,94,57.4,1,1.5,1.5,18,41,20,2,62,729,672,55,6,1,9,29,32,11,604,2,3,10,6,4,3,3,4,8,50.0,4,3,2,1,6,16,17,1,826,50,208,343,278,45,826,14,12,85.7,2,14.3,551,2797,1452,32,20,12,19,9,599,61,1,0,0,7,4,2,29,6,6,0,0,0,55,16,15,51.6,0,0,0,414,11,14,11,0.4,0.4,0.2,9,2,168,302,55.6,8,143,13,8,4,302,55.6,3053,1500,86,111,77.5,46,73,63.0,27,97,27.8,1,0.2,0.1,3,7,1,0,8,302,255,44,9,1,2,19,12,6,168,3,5,11,4,4,6,1,2,14,14.3,12,11,9,2,14,25,37,0,414,101,215,125,79,10,414,8,4,50.0,4,50.0,143,957,412,13,8,3,9,6,166,8,2,0,0,4,6,3,19,14,4,0,0,0,50,15,16,48.4,Liverpool,Burnley,July-11-2020
1,1,0,805,7,13,4,2.8,2.1,1.5,35,5,664,724,91.7,55,675,32,20,13,724,91.7,11405,3158,325,343,94.8,273,287,95.1,57,73,78.1,0,1.5,1.4,14,42,11,0,55,724,685,38,9,5,8,9,18,5,664,1,8,7,3,0,6,1,2,5,40.0,3,4,0,4,13,20,7,1,805,45,161,423,228,31,804,20,13,65.0,7,35.0,675,3051,1755,32,28,10,10,8,661,55,1,0,0,9,7,1,9,13,3,1,0,0,34,6,2,75.0,0,0,1,441,15,8,10,0.3,0.3,0.1,4,0,294,361,81.4,22,292,11,5,3,361,81.4,5227,1586,107,120,89.2,159,169,94.1,21,50,42.0,0,0.1,0.1,2,8,4,1,22,361,322,34,10,0,3,8,10,2,294,5,5,15,10,6,9,0,7,20,35.0,13,10,3,7,8,23,12,1,441,73,227,169,49,8,441,5,3,60.0,2,40.0,292,1470,823,11,7,3,11,5,290,22,1,1,0,7,9,5,8,8,10,0,1,0,35,2,6,25.0,Manchester City,Arsenal,June-17-2020
1,1,0,829,19,10,6,3.3,2.5,2.6,44,6,647,730,88.6,53,585,28,17,10,730,88.6,11078,3049,305,324,94.1,255,277,92.1,62,85,72.9,2,2.6,2.0,21,44,17,2,53,730,685,44,9,1,9,14,19,6,647,1,9,19,10,4,8,7,10,18,55.6,8,6,0,6,10,29,3,0,829,63,189,414,230,44,828,17,10,58.8,7,41.2,585,3150,1746,28,27,11,12,7,646,53,2,0,0,14,8,1,14,10,10,1,0,0,39,8,11,42.1,0,0,0,549,14,11,12,1.1,1.1,1.1,9,2,353,443,79.7,15,343,12,18,8,443,79.7,6196,2028,170,191,89.0,138,163,84.7,37,68,54.4,1,1.1,0.4,5,13,1,1,15,443,396,44,15,3,3,9,17,0,353,3,6,14,6,9,5,0,7,17,41.2,10,12,4,8,11,25,17,1,549,100,290,207,56,8,549,18,8,44.4,10,55.6,343,1592,742,12,7,6,13,9,353,15,2,0,0,9,13,3,9,11,6,0,1,0,49,11,8,57.9,Manchester City,Leicester City,December-21-2019
0,0,0,889,21,11,9,0.7,0.7,0.6,20,0,593,760,78.0,64,517,29,29,16,760,78.0,9459,3297,275,323,85.1,237,291,81.4,44,77,57.1,0,0.6,0.8,9,48,13,3,64,760,699,60,10,2,8,33,33,8,593,1,21,21,13,5,13,3,8,19,42.1,11,9,2,7,11,32,7,1,889,55,220,405,271,27,889,29,16,55.2,13,44.8,517,2820,1463,29,24,4,24,19,588,64,3,0,0,10,9,1,33,11,13,0,0,0,77,34,27,55.7,0,0,0,560,32,9,19,1.1,1.1,0.5,8,3,247,395,62.5,33,206,9,19,11,395,62.5,4052,1878,130,164,79.3,89,132,67.4,21,72,29.2,1,0.5,0.3,3,16,1,0,33,395,352,41,11,1,3,8,21,1,247,2,7,32,16,17,12,3,13,29,44.8,16,19,2,17,9,41,34,0,560,67,224,276,65,10,560,19,11,57.9,8,42.1,206,1131,499,9,6,3,25,13,246,32,2,0,0,9,9,2,8,9,16,0,0,0,80,27,34,44.3,Chelsea,Southampton,December-26-2019
0,0,0,574,16,12,12,1.5,1.5,0.2,13,3,324,448,72.3,31,279,13,26,13,448,72.3,5614,2428,152,181,84.0,125,154,81.2,37,84,44.0,0,0.2,0.4,4,16,3,1,31,448,395,52,7,0,1,19,32,4,324,1,12,16,11,5,8,3,10,20,50.0,10,12,4,8,12,28,21,0,574,70,178,283,119,14,574,26,13,50.0,13,50.0,279,1406,722,13,13,0,13,10,321,31,1,0,0,14,7,1,19,12,11,0,1,0,57,32,27,54.2,0,1,0,665,23,11,9,2.5,1.7,1.5,33,1,417,540,77.2,51,412,26,20,10,540,77.2,7175,2646,197,228,86.4,160,189,84.7,43,84,51.2,1,1.5,1.2,13,29,15,0,51,540,489,51,14,5,0,23,22,5,417,0,12,23,18,13,8,2,13,26,50.0,13,9,1,8,11,34,29,0,665,70,208,271,190,35,664,20,10,50.0,10,50.0,412,2104,1118,26,14,8,12,6,415,50,0,0,0,8,14,0,23,11,18,1,0,0,54,27,32,45.8,Burnley,Leicester City,January-19-2020
0,0,0,563,24,12,12,2.1,2.1,1.4,35,4,315,445,70.8,54,273,21,19,9,445,70.8,6187,3008,130,163,79.8,132,165,80.0,47,85,55.3,2,1.4,1.0,12,29,14,3,54,445,381,55,17,3,1,24,19,11,315,9,7,24,18,14,6,4,5,17,29.4,12,12,1,11,12,36,9,0,563,52,152,245,175,34,563,19,9,47.4,10,52.6,273,1503,755,21,21,6,13,3,313,54,2,0,0,15,14,9,24,12,18,0,0,0,70,24,22,52.2,0,0,0,536,13,8,11,0.8,0.8,0.7,14,0,295,428,68.9,20,290,10,17,12,428,68.9,4865,2329,168,207,81.2,94,120,78.3,25,69,36.2,0,0.7,0.7,6,25,5,2,20,428,362,62,22,3,1,5,28,2,295,4,11,13,10,9,3,1,10,19,52.6,9,11,4,7,8,21,26,0,536,86,223,223,98,13,536,17,12,70.6,5,29.4,290,1596,691,10,14,2,19,19,293,19,2,0,0,15,15,4,5,8,10,0,0,0,60,22,24,47.8,Everton,West Ham,October-19-2019
1,1,0,714,25,9,7,2.5,1.7,1.5,46,6,502,604,83.1,64,494,38,15,9,604,83.1,8579,2843,235,249,94.4,189,222,85.1,53,82,64.6,2,1.5,1.5,19,46,14,2,64,604,558,45,8,1,7,27,19,6,502,1,9,25,17,3,12,10,7,21,33.3,14,7,2,5,9,34,14,2,714,40,121,275,326,47,713,15,9,60.0,6,40.0,494,2597,1480,38,36,13,16,10,500,64,1,0,0,8,4,1,27,9,17,1,0,0,54,7,11,38.9,0,0,0,693,16,7,21,1.0,1.0,0.4,13,0,477,563,84.7,28,393,14,21,14,563,84.7,7633,2781,240,258,93.0,179,203,88.2,37,64,57.8,0,0.4,0.3,5,25,6,1,28,563,513,46,8,4,6,13,20,4,477,4,8,16,7,10,3,3,6,15,40.0,9,21,13,8,7,23,28,2,693,118,360,230,112,11,693,21,14,66.7,7,33.3,393,2118,1152,14,13,2,18,18,471,28,1,0,0,5,7,4,13,7,7,0,1,0,52,11,7,61.1,Liverpool,Arsenal,August-24-2019
0,0,0,605,19,7,5,1.6,1.6,1.1,34,0,357,500,71.4,45,346,17,25,13,500,71.4,6873,2734,140,170,82.4,158,191,82.7,48,100,48.0,0,1.1,1.0,16,45,8,5,45,500,443,57,12,1,9,41,28,10,357,0,16,19,16,8,7,4,6,14,42.9,8,5,1,4,7,26,17,0,605,41,173,223,215,45,605,25,13,52.0,12,48.0,346,1661,819,17,11,10,10,5,354,45,1,0,0,7,7,0,41,7,16,0,0,0,45,33,32,50.8,0,0,0,576,17,9,22,0.9,0.9,0.5,15,2,330,443,74.5,18,299,15,14,8,443,74.5,5434,2126,170,192,88.5,111,141,78.7,29,70,41.4,1,0.5,0.9,7,29,8,3,18,443,395,43,7,1,1,18,22,3,330,5,6,17,14,11,4,2,12,25,48.0,13,22,9,13,9,26,44,1,576,93,209,243,128,18,576,14,8,57.1,6,42.9,299,1551,591,15,9,2,13,13,328,18,1,0,0,7,7,5,18,9,14,0,0,0,49,32,33,49.2,West Ham,Burnley,July-8-2020
0,0,0,463,13,17,5,2.3,2.3,1.7,23,4,215,337,63.8,16,195,13,10,6,337,63.8,3777,1892,98,127,77.2,72,106,67.9,27,65,41.5,3,1.7,1.0,10,9,2,2,16,337,287,45,8,1,2,13,19,3,215,5,10,13,7,12,0,1,7,16,43.8,9,5,2,3,17,30,43,0,463,90,189,166,112,24,463,10,6,60.0,4,40.0,195,925,480,13,11,4,12,4,212,16,0,0,0,4,8,5,13,17,7,0,0,0,58,20,17,54.1,0,0,0,874,8,5,11,0.3,0.3,0.2,14,0,641,782,82.0,64,621,29,16,9,782,82.0,11153,3181,270,307,87.9,311,364,85.4,43,75,57.3,0,0.2,0.6,5,58,16,1,64,782,735,46,8,1,2,26,21,5,641,1,6,8,2,3,4,1,4,10,40.0,6,11,1,10,5,13,13,3,874,56,185,453,240,29,874,16,9,56.3,7,43.8,621,2791,1658,29,23,7,14,6,635,63,0,0,0,8,3,1,26,5,2,0,0,0,63,17,20,45.9,Watford,Liverpool,February-29-2020
0,0,0,515,17,9,4,1.4,1.4,1.4,16,0,271,402,67.4,23,268,12,19,10,402,67.4,4260,1689,150,176,85.2,84,122,68.9,21,73,28.8,0,1.4,0.9,7,20,2,2,23,402,361,39,8,0,0,20,16,7,271,2,1,17,7,10,7,0,3,10,30.0,7,4,2,2,9,26,36,0,515,64,171,208,144,16,515,19,10,52.6,8,42.1,268,1417,721,12,11,4,15,6,269,23,0,0,0,7,6,2,20,9,7,0,0,0,57,26,24,52.0,0,0,0,728,15,9,3,0.4,0.4,0.2,16,0,487,613,79.4,47,358,14,11,7,613,79.4,9076,2669,227,242,93.8,175,209,83.7,74,135,54.8,0,0.2,0.6,6,37,5,2,47,613,564,46,9,0,15,30,23,7,487,3,5,15,9,8,4,3,8,18,44.4,10,3,2,1,9,24,27,0,728,56,209,350,178,20,728,11,7,63.6,2,18.2,358,1596,727,14,13,3,20,13,483,47,2,0,0,6,7,3,30,9,9,0,0,0,59,24,26,48.0,Watford,Sheffield Utd,October-5-2019
0,0,0,913,10,16,10,1.5,1.5,1.5,31,4,719,807,89.1,51,681,24,15,10,807,89.1,10920,3331,399,427,93.4,244,268,91.0,47,69,68.1,2,1.5,0.8,15,34,9,1,51,807,770,34,12,2,8,11,13,3,719,3,6,10,8,6,2,2,5,15,33.3,10,10,2,8,16,26,15,1,913,43,218,522,177,21,913,15,10,66.7,5,33.3,681,2884,1439,24,26,8,11,9,716,50,0,0,0,11,11,3,11,16,8,0,0,0,61,16,29,35.6,0,0,0,525,14,14,7,1.0,1.0,0.3,10,1,336,437,76.9,16,323,6,15,10,437,76.9,6421,2318,134,157,85.4,132,150,88.0,54,88,61.4,0,0.3,0.4,5,10,4,2,16,437,390,46,14,2,3,12,18,6,336,1,10,14,10,7,6,1,5,15,33.3,10,7,2,5,14,28,12,0,525,77,231,214,82,12,525,15,10,66.7,5,33.3,323,1625,711,6,6,3,12,5,333,15,4,0,0,11,11,1,12,14,10,0,0,0,46,29,16,64.4,Manchester City,Everton,January-1-2020
0,0,0,496,19,11,8,2.5,2.5,2.2,22,1,313,396,79.0,31,286,8,20,14,396,79.0,5748,2387,142,161,88.2,113,125,90.4,43,74,58.1,1,2.2,1.4,10,25,8,1,31,396,348,46,11,2,4,19,15,5,313,2,11,19,11,14,4,1,7,17,41.2,10,8,4,4,11,30,9,0,496,76,197,183,123,24,496,20,14,70.0,6,30.0,286,1463,753,8,10,3,17,9,311,31,2,0,0,4,8,2,19,11,11,0,0,0,44,16,11,59.3,0,0,0,779,15,8,10,2.8,2.8,2.6,36,5,592,662,89.4,52,573,27,17,10,662,89.4,10251,2853,267,278,96.0,245,262,93.5,55,75,73.3,1,2.6,2.6,16,36,18,3,52,662,628,29,5,4,11,13,16,2,592,5,5,15,7,8,5,2,6,20,30.0,14,10,1,9,8,23,21,0,779,59,190,403,192,29,779,17,10,58.8,7,41.2,573,3161,1835,27,21,4,12,12,582,52,2,0,0,8,4,5,13,8,7,0,0,0,54,11,16,40.7,Everton,Manchester City,September-28-2019
0,0,0,670,25,15,14,1.8,1.8,0.7,22,3,440,546,80.6,51,379,22,30,20,546,80.6,7683,2579,201,221,91.0,194,228,85.1,39,64,60.9,0,0.7,0.8,9,42,12,6,51,546,478,66,20,3,1,32,23,6,440,2,10,25,13,10,15,0,8,21,38.1,13,14,5,9,15,40,16,1,670,65,210,305,161,27,670,30,20,66.7,10,33.3,379,2444,1241,22,12,4,20,8,436,51,6,0,0,13,19,2,32,15,13,0,1,0,52,15,9,62.5,0,1,0,493,18,16,12,2.4,1.5,1.4,34,3,258,354,72.9,35,230,19,21,13,354,72.9,4496,2034,131,152,86.2,97,118,82.2,25,62,40.3,1,1.4,0.8,15,21,9,1,35,354,305,48,14,0,3,13,20,8,258,1,9,18,9,9,5,4,10,30,33.3,20,12,4,8,16,34,22,0,493,62,146,209,143,31,493,21,13,61.9,8,38.1,230,1459,721,19,9,8,14,17,258,35,2,0,0,19,12,1,13,16,9,1,0,0,54,9,15,37.5,Arsenal,Southampton,November-23-2019
0,0,0,692,11,7,7,0.8,0.8,0.6,18,1,431,590,73.1,63,356,21,19,11,590,73.1,7661,2876,180,226,79.6,201,252,79.8,38,83,45.8,0,0.6,0.9,7,39,14,5,63,590,519,70,14,0,4,26,42,4,431,1,9,11,7,3,6,2,7,16,43.8,9,7,0,7,7,18,11,2,692,48,189,313,194,27,692,19,11,57.9,8,42.1,356,1867,1009,21,15,8,23,10,427,63,2,0,0,8,11,1,26,7,7,0,0,0,49,26,22,54.2,0,0,0,484,18,10,10,0.8,0.8,0.8,14,3,214,356,60.1,20,198,16,16,9,356,60.1,3923,1769,104,136,76.5,71,113,62.8,33,80,41.3,1,0.8,0.4,7,15,4,3,20,356,296,57,8,0,0,12,40,2,214,3,9,18,10,7,8,3,8,19,42.1,11,10,3,7,10,28,32,0,484,62,156,237,96,12,483,16,9,56.3,7,43.8,198,1203,557,16,8,5,17,4,213,20,2,0,0,11,6,3,12,10,10,0,0,0,50,22,26,45.8,Southampton,Burnley,February-15-2020
0,0,0,513,14,8,7,1.0,1.0,0.9,25,2,279,384,72.7,25,230,14,17,9,384,72.7,5240,2259,137,160,85.6,97,127,76.4,41,79,51.9,1,0.9,0.8,12,15,13,5,25,384,335,46,6,1,0,25,21,9,279,3,2,14,10,8,6,0,10,13,76.9,3,7,4,3,8,22,30,0,513,79,207,180,128,25,513,17,9,52.9,8,47.1,230,1179,538,14,7,5,11,16,277,25,0,0,0,8,7,3,25,8,10,0,0,0,42,21,24,46.7,0,0,0,677,24,6,4,1.6,1.6,1.0,22,3,449,566,79.3,47,452,18,13,3,566,79.3,8061,2660,184,215,85.6,206,239,86.2,44,79,55.7,1,1.0,1.3,10,29,9,1,47,566,509,57,11,3,7,25,27,8,449,0,3,24,15,12,10,2,8,17,47.1,9,4,3,1,6,30,30,0,677,71,180,335,164,19,677,13,3,23.1,10,76.9,452,1994,1045,18,18,2,7,4,447,47,1,0,0,7,8,0,25,6,15,0,0,0,37,24,21,53.3,Crystal Palace,Liverpool,November-23-2019
0,0,0,594,22,10,8,0.8,0.8,0.7,22,1,375,482,77.8,34,334,19,16,8,482,77.8,6649,2496,173,190,91.1,147,180,81.7,43,79,54.4,1,0.7,0.7,12,31,11,3,34,482,424,57,13,0,0,24,31,7,375,1,10,22,12,10,8,4,9,18,50.0,9,8,2,6,10,32,12,0,594,32,156,291,156,25,594,16,8,50.0,8,50.0,334,1808,946,19,13,4,12,18,374,33,3,0,0,11,13,1,24,10,12,0,0,0,54,17,13,56.7,0,0,0,658,26,22,11,0.3,0.3,0.2,13,2,427,527,81.0,29,449,14,18,9,527,81.0,7160,2562,222,247,89.9,154,185,83.2,38,66,57.6,1,0.2,0.2,4,27,4,1,29,527,475,52,12,0,4,11,24,2,427,0,7,26,21,14,9,3,8,16,50.0,8,11,2,9,22,48,18,1,658,64,197,346,119,8,658,18,9,50.0,9,50.0,449,1809,962,14,17,1,17,13,426,29,2,0,0,13,11,0,11,22,21,0,0,0,51,13,17,43.3,Crystal Palace,Tottenham,July-26-2020
1,1,0,728,18,10,5,2.9,2.1,1.6,33,4,510,605,84.3,58,441,26,25,11,605,84.3,8783,2320,233,261,89.3,212,242,87.6,50,72,69.4,1,1.6,1.9,16,42,19,5,58,605,555,48,6,1,3,35,21,17,510,2,6,18,10,10,8,0,8,17,47.1,9,5,0,5,10,28,23,1,728,43,148,312,270,48,727,25,11,44.0,14,56.0,441,2562,1354,26,16,10,14,7,506,58,2,0,0,11,6,2,35,10,10,1,0,0,48,21,13,61.8,0,0,1,546,21,5,10,0.4,0.4,0.4,2,2,327,432,75.7,18,282,14,17,9,432,75.7,5983,1845,139,164,84.8,147,170,86.5,36,72,50.0,2,0.4,0.1,2,19,3,0,18,432,378,53,13,0,5,18,23,5,327,1,10,21,12,15,4,2,14,25,56.0,11,10,6,4,5,26,33,0,546,97,240,216,97,15,546,17,9,52.9,8,47.1,282,1741,854,14,10,5,14,10,327,18,1,1,0,6,11,1,18,5,12,0,1,0,43,13,21,38.2,Chelsea,Arsenal,January-21-2020
0,0,0,452,19,17,8,1.6,1.6,0.4,20,2,231,320,72.2,14,210,14,23,12,320,72.2,4161,1665,112,133,84.2,89,111,80.2,27,61,44.3,1,0.4,0.4,7,11,4,1,14,320,285,34,10,4,1,9,14,2,231,1,3,19,9,11,8,0,8,26,30.8,18,8,0,8,17,36,37,1,452,72,199,170,90,11,452,23,12,52.2,11,47.8,210,1234,566,14,12,5,10,4,228,14,2,0,0,11,9,1,9,17,9,0,0,0,57,7,11,38.9,0,0,0,900,15,8,6,0.6,0.6,0.6,13,0,708,825,85.8,52,678,26,26,18,825,85.8,11977,3338,329,352,93.5,290,321,90.3,70,102,68.6,0,0.6,0.5,7,45,4,1,52,825,768,55,12,2,7,31,27,11,708,2,13,15,5,4,9,2,11,23,47.8,12,6,4,2,8,23,9,3,900,76,241,442,224,12,900,26,18,69.2,8,30.8,678,2898,1444,26,25,6,14,11,704,52,4,0,0,9,10,2,31,8,5,0,0,0,47,11,7,61.1,Manchester Utd,Manchester City,March-8-2020
0,0,0,548,26,20,9,0.4,0.4,0.3,18,0,312,418,74.6,29,225,13,18,11,418,74.6,5406,2416,160,185,86.5,109,143,76.2,34,69,49.3,0,0.3,0.2,7,27,2,0,29,418,369,48,10,0,6,15,23,5,312,1,6,26,17,19,7,0,13,25,52.0,12,9,2,7,20,46,17,0,548,47,179,257,122,11,548,18,11,61.1,7,38.9,225,1267,574,13,18,6,21,4,309,29,1,0,0,12,7,1,15,20,17,0,0,0,72,21,14,60.0,0,0,0,771,11,6,8,1.1,1.1,1.1,15,2,565,672,84.1,49,454,20,25,12,672,84.1,9370,3311,287,319,90.0,220,254,86.6,44,70,62.9,1,1.1,0.6,8,40,11,0,49,672,614,55,13,2,4,10,30,3,565,3,7,11,6,6,5,0,7,18,38.9,11,8,3,5,6,17,22,0,771,64,232,383,162,24,771,25,12,48.0,13,52.0,454,2132,1136,20,20,4,15,13,561,47,3,0,0,7,11,3,10,6,6,0,0,0,58,14,21,40.0,Newcastle Utd,Arsenal,August-11-2019
0,0,0,994,13,8,8,3.0,3.0,2.1,38,5,791,900,87.9,79,786,22,18,10,900,87.9,13568,3730,351,386,90.9,360,392,91.8,59,77,76.6,2,2.1,2.0,19,66,18,3,79,900,857,41,12,2,10,34,13,10,791,2,13,13,11,1,9,3,8,17,47.1,9,8,3,5,8,21,8,0,994,38,137,548,315,45,994,18,10,55.6,8,44.4,786,3452,1969,22,34,8,20,12,786,76,0,0,0,5,4,2,34,8,11,0,0,0,65,25,13,65.8,0,0,0,445,20,11,13,0.3,0.3,0.3,15,2,219,313,70.0,13,203,7,17,9,313,70.0,3696,1607,113,130,86.9,63,80,78.8,27,68,39.7,1,0.3,0.3,6,9,5,3,13,313,265,40,7,0,2,5,15,1,219,8,5,20,11,11,8,1,8,18,44.4,10,13,4,9,11,31,36,1,445,83,221,174,58,8,445,17,9,52.9,8,47.1,203,1097,509,7,8,1,15,5,216,12,0,0,0,4,5,8,5,11,11,0,0,0,55,13,25,34.2,Liverpool,Newcastle Utd,September-14-2019
0,0,0,449,12,13,5,1.7,1.7,1.5,24,4,258,363,71.1,30,239,24,14,8,363,71.1,5198,2382,111,133,83.5,95,125,76.0,42,79,53.2,1,1.5,0.8,10,20,8,2,30,363,306,56,20,0,11,24,21,5,258,1,7,12,8,7,4,1,3,21,14.3,18,5,1,4,13,25,13,0,449,62,156,185,113,17,449,14,8,57.1,6,42.9,239,1451,833,24,14,3,10,9,252,29,2,0,0,21,20,1,24,13,8,0,0,0,48,19,20,48.7,0,0,1,529,15,9,8,1.2,1.2,1.1,16,0,340,437,77.8,42,320,19,21,18,437,77.8,5538,2454,168,195,86.2,115,138,83.3,34,67,50.7,0,1.1,1.1,7,25,5,1,42,437,389,48,22,0,1,19,18,1,340,0,5,15,8,8,6,1,6,14,42.9,8,8,2,6,9,24,15,0,529,57,156,261,122,24,529,21,18,85.7,3,14.3,320,1931,1102,19,11,9,13,9,338,41,4,1,0,21,19,0,19,9,8,0,0,0,39,20,19,51.3,Aston Villa,Crystal Palace,July-12-2020
0,0,0,618,23,8,10,1.2,1.2,1.1,20,2,364,497,73.2,49,304,17,17,12,497,73.2,6716,2148,151,173,87.3,151,180,83.9,48,99,48.5,1,1.1,1.2,10,26,13,0,49,497,437,60,6,6,7,24,28,14,364,0,18,23,13,6,13,4,5,19,26.3,14,10,1,9,8,31,19,0,618,58,177,284,165,36,618,17,12,70.6,5,29.4,304,1989,1029,17,12,6,18,9,362,49,1,0,0,12,6,0,24,8,13,0,0,0,56,14,26,35.0,0,0,0,596,14,19,17,0.6,0.6,0.5,18,0,333,441,75.5,42,263,10,19,14,441,75.5,6033,2593,154,169,91.1,143,184,77.7,31,59,52.5,0,0.5,0.4,8,23,8,0,42,441,395,46,12,1,1,16,17,5,333,0,11,14,8,7,6,1,5,17,29.4,12,17,4,13,19,33,36,0,596,83,246,251,105,17,596,19,14,73.7,5,26.3,263,1326,634,10,10,5,16,18,330,42,2,0,0,6,12,0,16,19,8,0,0,0,59,26,14,65.0,Arsenal,Bournemouth,October-6-2019
0,0,0,627,21,14,11,1.8,1.8,1.6,25,5,410,528,77.7,54,383,32,15,11,528,77.7,7145,2296,164,192,85.4,182,221,82.4,43,75,57.3,3,1.6,1.4,12,33,16,4,54,528,478,50,13,0,2,32,18,11,410,0,11,21,13,9,10,2,5,15,33.3,10,11,2,9,14,35,6,1,627,44,117,307,209,35,627,15,11,73.3,4,26.7,383,2189,1197,32,19,10,14,8,408,54,0,0,0,9,9,0,32,14,13,0,0,0,54,15,7,68.2,0,0,0,534,12,11,9,0.9,0.9,0.8,21,2,307,404,76.0,26,302,12,16,10,404,76.0,5017,2006,155,176,88.1,113,136,83.1,27,57,47.4,1,0.8,0.6,10,16,7,0,26,404,342,57,7,2,6,2,28,2,307,5,10,12,8,9,3,0,4,15,26.7,11,9,3,6,11,23,40,0,534,125,254,203,79,14,534,16,10,62.5,5,31.3,302,1415,587,12,7,4,12,15,304,26,2,0,0,9,9,5,2,11,8,0,0,1,37,7,15,31.8,Liverpool,Norwich City,August-9-2019
0,0,0,645,11,12,14,2.1,2.1,1.1,27,3,415,526,78.9,45,419,22,22,12,526,78.9,6572,2420,216,249,86.7,134,158,84.8,35,64,54.7,1,1.1,1.1,11,28,11,2,45,526,474,51,6,3,4,17,25,7,415,1,14,11,6,3,6,2,3,16,18.8,13,14,4,10,12,23,15,0,645,52,132,315,203,25,645,22,12,54.5,10,45.5,419,1921,970,22,16,7,19,14,412,45,0,0,0,12,6,1,17,12,6,0,1,0,55,22,15,59.5,1,1,0,645,24,12,20,1.5,0.7,0.6,26,2,403,511,78.9,34,397,12,16,13,511,78.9,6492,2181,218,243,89.7,126,149,84.6,41,81,50.6,0,0.6,0.8,11,18,5,0,34,511,465,46,12,2,4,10,18,3,403,0,11,24,15,17,7,0,10,22,45.5,12,20,6,14,12,36,19,0,645,74,242,302,105,20,644,16,13,81.3,3,18.8,397,2038,967,12,8,2,20,8,400,34,1,0,0,7,12,0,10,12,15,1,0,0,58,15,22,40.5,Tottenham,Norwich City,January-22-2020
1,1,0,800,21,14,15,2.9,2.1,2.0,25,8,583,692,84.2,65,424,33,27,17,692,84.2,9575,2824,304,339,89.7,200,227,88.1,57,78,73.1,2,2.0,2.3,9,54,17,3,65,692,653,37,6,2,10,16,23,4,583,2,12,21,12,5,10,6,7,26,26.9,19,15,3,12,14,35,10,0,800,37,151,364,294,36,799,27,17,63.0,10,37.0,424,2672,1385,33,24,9,18,12,581,65,0,0,0,18,7,2,16,14,12,1,0,0,64,10,6,62.5,0,0,0,603,22,13,12,0.3,0.3,0.1,11,0,368,468,78.6,29,386,11,26,19,468,78.6,5301,1711,202,223,90.6,114,137,83.2,22,60,36.7,0,0.1,0.3,4,13,7,0,29,468,419,49,19,2,4,8,16,2,368,0,14,22,11,14,6,2,10,27,37.0,17,12,3,9,13,35,23,1,603,61,233,252,127,9,603,26,19,73.1,7,26.9,386,1890,815,11,13,2,22,14,367,28,0,0,0,7,17,0,8,13,11,0,1,0,60,6,10,37.5,Manchester Utd,Norwich City,January-11-2020
0,0,0,564,6,5,7,0.9,0.9,0.8,24,1,346,461,75.1,33,350,15,17,13,461,75.1,6443,2398,164,186,88.2,128,158,81.0,46,96,47.9,1,0.8,0.4,12,20,4,1,33,461,411,49,13,0,5,18,17,6,346,1,6,6,4,1,3,2,2,7,28.6,5,7,5,2,5,11,32,1,564,65,187,263,120,14,564,17,13,76.5,4,23.5,350,1675,849,15,11,5,17,1,341,32,2,0,0,15,13,1,18,5,4,0,0,0,40,22,28,44.0,0,0,0,511,5,12,11,1.6,1.6,1.6,26,2,312,424,73.6,48,337,17,7,5,424,73.6,5447,2391,147,162,90.7,135,180,75.0,28,73,38.4,1,1.6,1.4,13,35,9,4,48,424,375,49,15,1,1,34,17,9,312,0,2,5,2,3,2,0,4,17,23.5,13,11,6,5,12,17,18,0,511,50,147,203,166,16,511,7,5,71.4,2,28.6,337,1758,945,17,18,2,15,4,310,48,2,0,0,13,14,0,34,12,2,0,0,0,47,28,22,56.0,Newcastle Utd,Aston Villa,June-24-2020
0,0,0,587,10,14,11,0.9,0.9,0.9,18,2,402,491,81.9,46,361,21,12,11,491,81.9,7700,2963,146,169,86.4,193,213,90.6,49,81,60.5,1,0.9,1.1,8,30,7,4,46,491,450,41,13,0,5,30,12,5,402,0,9,10,6,4,6,0,3,11,27.3,8,11,7,4,14,24,22,0,587,85,212,254,124,22,587,12,11,91.7,1,8.3,361,1968,1084,21,15,5,17,8,399,46,2,0,0,15,13,0,30,14,6,0,0,0,44,22,21,51.2,0,0,0,493,9,7,7,1.3,1.3,1.2,28,2,313,412,76.0,39,256,17,11,8,412,76.0,6178,2879,124,139,89.2,105,133,78.9,60,104,57.7,1,1.2,1.2,12,25,11,4,39,412,357,55,14,1,4,27,18,5,313,0,6,9,5,3,2,4,1,12,8.3,11,7,2,5,7,16,18,0,493,63,149,211,138,15,493,11,8,72.7,3,27.3,256,1402,681,17,10,4,13,7,310,38,1,0,0,13,15,0,27,7,5,0,0,0,45,21,22,48.8,Everton,Aston Villa,July-16-2020
0,0,0,640,13,7,7,0.9,0.9,0.3,26,0,433,547,79.2,36,377,21,13,7,547,79.2,7154,2399,225,252,89.3,149,177,84.2,45,86,52.3,0,0.3,0.7,6,37,12,4,36,547,490,57,11,0,8,30,31,9,433,0,14,13,10,6,5,2,8,17,47.1,9,7,1,6,7,20,16,1,640,43,218,209,217,34,640,13,7,53.8,6,46.2,377,2167,1053,21,17,7,19,10,428,35,1,0,0,12,13,0,30,7,10,0,0,0,43,12,19,38.7,0,0,0,511,16,9,18,0.4,0.4,0.2,14,2,288,388,74.2,21,223,5,17,9,388,74.2,5096,1672,128,144,88.9,107,127,84.3,36,85,42.4,1,0.2,0.3,5,19,4,1,21,388,345,43,12,0,4,12,21,1,288,0,9,16,12,10,3,3,6,13,46.2,7,18,7,11,9,25,37,0,511,65,182,231,102,9,511,17,9,52.9,8,47.1,223,1329,559,5,10,0,7,5,287,21,1,0,0,13,12,0,12,9,12,0,0,0,40,19,12,61.3,Crystal Palace,Burnley,June-29-2020
0,0,0,580,14,10,14,1.7,1.7,1.5,16,2,377,474,79.5,26,356,22,14,8,474,79.5,7058,2466,159,174,91.4,156,177,88.1,47,88,53.4,1,1.5,0.8,6,29,2,1,26,474,431,41,12,0,1,22,21,6,377,2,11,14,8,9,4,1,9,21,42.9,12,14,2,12,10,24,25,0,580,36,182,292,114,10,580,14,8,57.1,6,42.9,356,1893,921,22,14,5,8,11,373,26,3,0,0,11,10,2,22,10,8,0,0,0,52,18,21,46.2,0,0,0,489,17,6,10,0.1,0.1,0.1,7,0,291,396,73.5,20,250,13,21,12,396,73.5,5149,1951,137,154,89.0,110,132,83.3,34,74,45.9,0,0.1,0.1,3,22,3,1,20,396,340,54,13,1,2,16,26,4,291,2,14,17,12,11,5,1,6,14,42.9,8,10,1,9,6,23,17,0,489,58,151,237,108,7,489,21,12,57.1,9,42.9,250,1492,661,13,10,1,14,5,287,20,3,0,0,11,10,2,16,6,12,0,0,0,45,21,18,53.8,Wolves,Bournemouth,June-24-2020
1,1,0,640,17,10,9,2.7,2.0,1.6,53,3,462,537,86.0,46,440,40,22,16,537,86.0,7175,2254,254,275,92.4,146,170,85.9,37,55,67.3,1,1.6,1.4,23,31,10,3,46,537,508,28,2,0,6,22,10,7,462,1,3,17,9,9,6,2,6,19,31.6,13,9,1,8,10,27,15,0,640,30,119,291,238,46,639,22,16,72.7,6,27.3,440,2451,1430,40,26,16,9,7,458,45,3,0,0,14,4,1,22,10,9,1,0,0,58,8,4,66.7,0,0,0,577,13,11,9,0.8,0.8,0.8,13,3,407,491,82.9,31,359,18,19,13,491,82.9,6560,2107,188,211,89.1,156,170,91.8,37,65,56.9,2,0.8,0.9,6,27,6,0,31,491,442,49,15,2,3,3,14,1,407,0,8,13,10,8,3,2,6,22,27.3,16,9,6,3,11,24,15,2,577,85,192,279,117,15,577,19,13,68.4,6,31.6,359,2401,1277,18,14,4,17,11,405,30,3,0,0,4,12,0,3,11,10,0,1,0,39,4,8,33.3,Watford,Arsenal,September-15-2019
0,0,0,571,16,10,13,0.4,0.4,0.2,14,4,362,473,76.5,35,332,21,6,4,473,76.5,6258,2377,188,218,86.2,122,146,83.6,46,83,55.4,1,0.2,0.2,5,36,2,0,35,473,420,51,8,0,7,13,33,3,362,2,8,16,10,12,3,1,3,14,21.4,11,13,4,9,10,26,19,0,571,54,162,240,176,13,571,6,4,66.7,2,33.3,332,2021,856,21,13,4,12,11,361,34,2,0,0,8,9,2,13,10,10,0,0,0,52,21,13,61.8,0,0,0,621,13,5,6,0.9,0.9,0.9,14,0,425,526,80.8,38,310,16,14,11,526,80.8,7132,2504,199,215,92.6,166,195,85.1,39,74,52.7,0,0.9,1.1,8,30,6,2,38,526,474,51,10,0,5,20,21,7,425,1,10,13,9,8,4,1,2,6,33.3,4,6,1,5,5,18,21,0,621,55,181,305,137,18,621,14,11,78.6,3,21.4,310,1718,974,16,17,1,15,13,422,38,2,0,0,9,8,1,20,5,9,0,0,0,49,13,21,38.2,West Ham,Manchester Utd,September-22-2019
1,1,0,602,23,9,9,2.4,1.6,1.5,27,8,372,489,76.1,43,290,14,23,10,489,76.1,6346,2480,185,215,86.0,145,174,83.3,35,77,45.5,3,1.5,0.9,10,27,10,2,43,489,447,41,13,0,3,25,16,9,372,1,10,23,16,12,10,1,7,20,35.0,13,9,0,9,9,32,16,0,602,41,151,306,148,26,601,23,10,43.5,13,56.5,290,1551,717,14,13,5,14,7,370,43,1,0,0,3,11,1,25,9,16,1,0,0,64,18,22,45.0,0,0,0,770,20,6,8,0.6,0.6,0.6,6,0,561,658,85.3,45,586,14,20,13,658,85.3,9354,2993,274,295,92.9,242,273,88.6,36,62,58.1,0,0.6,0.7,3,36,7,0,45,658,617,38,4,2,3,15,19,2,561,3,11,20,10,8,10,2,13,23,56.5,10,8,2,6,6,26,25,0,770,83,289,355,131,12,770,20,13,65.0,7,35.0,586,2710,1310,14,14,2,26,16,560,45,2,0,0,12,3,3,15,6,10,0,1,0,58,22,18,55.0,West Ham,Bournemouth,January-1-2020
0,0,0,510,14,11,14,2.1,2.1,1.5,22,0,269,384,70.1,30,214,16,15,12,384,70.1,5386,2525,114,135,84.4,100,129,77.5,49,90,54.4,0,1.5,0.9,8,30,4,2,30,384,327,54,10,3,4,28,22,13,269,3,10,14,8,10,3,1,4,17,23.5,13,14,4,10,11,25,22,1,510,64,174,183,160,25,510,15,12,80.0,3,20.0,214,1203,490,16,15,6,16,13,263,28,3,0,0,11,9,3,28,11,8,0,0,0,54,16,15,51.6,0,0,0,598,16,7,12,1.2,1.2,0.4,24,1,359,481,74.6,50,299,17,17,13,481,74.6,6059,2031,165,187,88.2,167,197,84.8,22,60,36.7,1,0.4,0.5,11,28,8,1,50,481,425,55,14,2,2,21,25,8,359,1,13,16,11,13,1,2,3,15,20.0,12,12,4,8,7,23,28,2,598,61,181,251,173,15,598,17,13,76.5,4,23.5,299,1912,1099,17,18,4,22,10,358,50,4,0,0,11,10,1,21,7,11,0,0,0,59,15,16,48.4,Everton,Manchester Utd,March-1-2020
1,1,0,498,13,8,12,4.3,3.5,1.2,20,2,332,411,80.8,19,293,19,12,10,411,80.8,5878,2326,154,170,90.6,129,149,86.6,36,60,60.0,0,1.2,1.3,6,16,3,0,19,411,378,30,3,1,7,11,6,5,332,3,6,13,6,11,2,0,5,15,33.3,10,12,3,9,8,21,20,0,498,101,241,179,88,30,497,12,10,83.3,2,16.7,293,1559,943,19,12,8,7,5,327,19,1,0,0,13,2,3,11,8,6,0,0,0,40,11,5,68.8,0,0,1,837,7,5,10,0.8,0.8,0.8,21,2,674,755,89.3,76,487,26,15,10,755,89.3,12106,3261,300,315,95.2,289,309,93.5,72,105,68.6,0,0.8,0.7,10,75,10,1,76,755,709,45,15,0,6,20,16,7,674,1,9,7,5,3,3,1,2,12,16.7,10,10,4,6,5,12,8,2,837,49,189,412,241,24,837,15,10,66.7,5,33.3,487,2670,1523,26,16,8,17,8,668,76,1,1,0,3,13,1,20,5,5,0,1,0,45,5,11,31.3,Chelsea,Manchester City,June-25-2020
0,0,0,485,20,27,19,0.6,0.6,0.5,14,1,221,319,69.3,7,186,7,14,6,319,69.3,3924,1691,113,139,81.3,74,98,75.5,27,61,44.3,1,0.5,0.4,5,9,1,0,7,319,282,34,9,1,1,5,11,2,221,3,3,20,13,3,14,3,6,18,33.3,12,19,11,8,27,47,59,1,485,124,223,190,77,6,485,14,6,42.9,8,57.1,186,1032,445,7,9,1,13,8,220,6,1,0,0,6,7,3,5,27,13,0,0,0,54,15,20,42.9,0,0,0,988,16,9,4,3.2,3.2,2.3,43,0,757,882,85.8,113,773,22,18,12,882,85.8,14457,4458,276,308,89.6,396,444,89.2,83,107,77.6,0,2.3,1.7,18,77,27,3,113,882,831,48,8,0,8,42,23,13,757,3,11,16,10,6,5,5,8,14,57.1,6,4,1,3,9,25,12,1,988,44,242,428,327,53,988,18,12,66.7,6,33.3,773,3286,1690,22,22,9,16,14,751,112,2,0,0,7,6,3,42,9,10,0,0,0,60,20,15,57.1,Southampton,Manchester City,July-5-2020
0,0,0,577,18,7,7,1.5,1.5,1.2,39,2,375,463,81.0,57,275,20,14,5,463,81.0,6729,2737,159,176,90.3,170,196,86.7,36,68,52.9,0,1.2,1.0,16,36,16,1,57,463,413,48,15,0,5,30,15,13,375,2,7,18,9,10,8,0,1,12,8.3,11,7,4,3,7,25,23,0,577,46,171,224,187,46,577,14,5,35.7,9,64.3,275,1760,1061,20,12,6,16,10,371,56,2,0,0,15,15,2,30,7,9,0,0,0,42,12,12,50.0,0,0,1,545,19,15,11,0.4,0.4,0.2,19,0,341,422,80.8,33,305,16,12,11,422,80.8,6519,2174,128,142,90.1,172,190,90.5,34,72,47.2,0,0.2,0.6,7,33,8,3,33,422,368,54,15,1,2,14,24,2,341,0,6,19,13,9,6,4,9,14,64.3,5,11,6,5,15,34,31,1,545,95,206,219,124,11,545,12,11,91.7,1,8.3,305,2009,1103,16,12,5,9,17,337,33,6,1,1,16,15,0,14,15,13,0,0,0,35,12,12,50.0,Crystal Palace,Aston Villa,August-31-2019
0,0,1,564,25,19,19,0.9,0.9,0.8,16,1,300,420,71.4,28,252,18,16,6,420,71.4,5136,2021,151,177,85.3,117,160,73.1,27,67,40.3,1,0.8,0.3,7,23,5,2,28,420,376,44,8,0,2,19,22,2,300,0,8,25,15,10,13,2,9,19,47.4,10,19,4,15,19,44,26,0,564,69,187,248,139,16,564,16,6,37.5,10,62.5,252,1458,705,18,17,3,20,9,298,27,3,1,1,17,6,0,19,19,15,0,0,0,59,18,26,40.9,0,0,0,725,19,7,9,1.5,1.5,1.3,40,2,467,603,77.4,62,354,30,19,10,603,77.4,7951,2694,212,245,86.5,198,237,83.5,40,75,53.3,1,1.3,1.2,18,30,16,3,62,603,532,70,17,1,6,22,38,3,467,1,16,19,11,12,6,1,10,16,62.5,6,9,3,6,7,26,17,0,725,63,212,314,204,37,725,19,10,52.6,9,47.4,354,1905,1131,30,15,12,18,16,464,62,2,0,0,7,15,1,22,7,11,0,0,0,56,26,18,59.1,Southampton,Manchester Utd,August-31-2019
0,0,1,488,12,21,11,2.2,2.2,1.6,29,3,214,342,62.6,23,247,13,9,7,342,62.6,3757,1984,113,148,76.4,64,87,73.6,27,72,37.5,1,1.6,1.4,8,13,5,1,23,342,285,56,16,1,2,13,23,1,214,1,10,12,10,6,4,2,6,16,37.5,10,11,4,7,21,33,40,1,488,81,190,170,133,25,488,9,7,77.8,2,22.2,247,936,419,13,5,4,16,3,212,22,3,1,1,10,13,1,13,21,10,0,0,0,45,31,26,54.4,0,0,0,626,5,9,13,1.8,1.8,1.2,26,1,380,517,73.5,51,352,19,16,10,517,73.5,7379,2383,148,178,83.1,176,212,83.0,51,102,50.0,0,1.2,0.9,15,43,7,4,51,517,458,56,11,0,6,24,28,8,380,3,11,5,1,4,1,0,2,9,22.2,7,13,5,8,9,14,15,0,626,57,197,263,172,35,626,16,10,62.5,6,37.5,352,2306,1263,19,11,7,17,6,378,51,3,0,0,15,10,3,24,9,1,0,0,0,54,26,31,45.6,Bournemouth,Aston Villa,February-1-2020
0,0,0,655,19,12,11,0.8,0.8,0.6,16,3,416,539,77.2,35,443,18,23,11,539,77.2,6344,2167,231,256,90.2,146,184,79.3,24,56,42.9,1,0.6,0.7,7,30,8,0,35,539,486,48,7,1,1,16,21,9,416,5,15,19,15,8,7,4,6,23,26.1,17,11,1,10,12,31,20,0,655,48,186,302,174,23,655,23,11,47.8,12,52.2,443,1987,973,18,19,2,15,11,412,33,4,0,0,10,9,5,16,12,15,0,0,0,62,9,21,30.0,0,0,0,591,23,14,17,1.0,1.0,0.8,20,2,357,457,78.1,39,326,15,23,17,457,78.1,6543,2447,165,191,86.4,140,176,79.5,48,73,65.8,1,0.8,0.5,7,28,3,1,39,457,417,40,14,0,6,17,17,2,357,0,11,23,13,10,10,3,12,23,52.2,11,17,3,14,14,37,28,0,591,63,209,280,109,12,591,23,17,73.9,6,26.1,326,1999,1076,15,8,6,21,13,353,38,2,0,0,9,10,0,17,14,13,0,0,0,62,21,9,70.0,Tottenham,Brighton,December-26-2019
0,0,0,550,21,17,5,1.4,1.4,1.4,11,2,332,435,76.3,34,243,21,14,8,435,76.3,5915,2332,145,166,87.3,131,164,79.9,39,70,55.7,1,1.4,1.0,6,25,4,1,34,435,397,36,7,2,3,11,15,1,332,2,8,21,9,11,7,3,8,16,50.0,8,5,3,2,17,38,27,0,550,64,205,265,86,13,550,14,8,57.1,6,42.9,243,1453,795,21,8,6,9,9,327,33,0,0,0,5,5,2,11,17,9,0,0,0,59,12,22,35.3,0,0,0,770,15,5,8,1.5,1.5,0.6,24,0,564,683,82.6,43,484,17,16,8,683,82.6,8946,2633,293,318,92.1,219,247,88.7,36,81,44.4,0,0.6,0.7,11,38,11,2,43,683,628,54,7,0,3,20,32,6,564,1,2,15,10,3,10,2,6,14,42.9,8,8,0,8,5,20,7,0,770,34,108,488,180,21,770,16,8,50.0,8,50.0,484,2266,1168,17,20,4,14,13,559,43,1,0,0,6,5,1,20,5,10,0,0,1,55,22,12,64.7,Wolves,Watford,September-28-2019
0,0,0,748,15,8,8,1.6,1.6,1.5,24,2,471,632,74.5,56,342,20,22,16,632,74.5,8668,2578,205,227,90.3,179,226,79.2,71,126,56.3,0,1.5,1.3,10,32,11,5,56,632,562,67,8,0,12,50,41,12,471,3,19,15,10,6,5,4,6,15,40.0,9,8,3,5,8,23,7,1,748,29,115,344,295,34,748,22,16,72.7,6,27.3,342,1552,815,20,15,2,24,9,467,56,0,0,0,5,5,3,50,8,10,0,0,0,57,22,23,48.9,0,0,0,496,15,12,14,1.2,1.2,1.1,12,2,222,333,66.7,14,188,7,15,9,333,66.7,4292,1945,89,122,73.0,104,132,78.8,28,59,47.5,1,1.1,0.4,8,15,1,0,14,333,279,52,7,0,1,6,32,2,222,2,5,15,8,9,4,2,6,22,27.3,16,14,4,10,12,27,63,0,496,94,230,188,86,11,496,15,9,60.0,6,40.0,188,1277,576,7,14,0,24,9,221,14,2,0,0,6,4,2,6,12,8,0,0,0,43,23,22,51.1,Sheffield Utd,Brighton,February-22-2020
0,0,0,484,17,9,12,0.7,0.7,0.6,11,0,271,379,71.5,19,232,11,21,12,379,71.5,4823,2165,132,158,83.5,98,116,84.5,34,79,43.0,0,0.6,0.5,5,10,2,1,19,379,340,38,6,2,4,19,22,3,271,1,11,17,9,10,7,0,7,17,41.2,10,12,3,9,9,26,19,0,484,65,211,208,74,10,484,21,12,57.1,9,42.9,232,1389,692,11,10,3,15,8,268,19,2,0,0,6,6,1,19,9,9,0,1,0,52,16,13,55.2,1,1,0,975,17,8,9,2.8,2.0,1.4,24,4,762,873,87.3,56,735,14,17,10,873,87.3,13109,3582,318,347,91.6,366,392,93.4,54,92,58.7,1,1.4,1.3,9,52,9,2,56,873,836,37,5,1,4,20,18,7,762,0,9,17,9,5,6,6,9,21,42.9,12,9,0,9,8,25,14,2,975,48,176,602,202,28,974,17,10,58.8,7,41.2,735,2734,1436,14,16,4,14,10,760,56,0,0,0,6,6,0,20,8,9,1,0,0,51,13,16,44.8,West Ham,Liverpool,January-29-2020
0,0,0,506,12,6,18,0.9,0.9,0.0,8,2,265,386,68.7,24,228,8,19,10,386,68.7,4604,1670,114,139,82.0,133,174,76.4,13,56,23.2,0,0.0,0.2,2,17,2,1,24,386,331,53,11,0,2,11,22,5,265,2,6,12,5,8,2,2,5,18,27.8,13,18,9,9,6,18,26,2,506,78,184,245,85,7,506,19,10,52.6,9,47.4,228,1427,791,8,8,1,17,14,260,23,1,0,0,12,11,2,11,6,5,0,0,0,48,23,27,46.0,0,0,0,561,23,10,6,1.9,1.9,1.6,39,3,302,433,69.7,43,219,14,18,13,433,69.7,5883,2574,140,164,85.4,110,148,74.3,50,95,52.6,2,1.6,1.3,17,28,12,3,43,433,371,62,14,2,3,26,29,9,302,0,12,23,16,10,10,3,9,19,47.4,10,6,0,6,10,33,20,0,561,50,149,236,184,44,561,18,13,72.2,5,27.8,219,1069,576,14,11,6,18,7,302,43,1,0,0,12,12,0,26,10,16,0,0,0,54,27,23,54.0,Southampton,Everton,November-9-2019
0,0,0,526,14,12,8,0.4,0.4,0.2,18,1,295,408,72.3,29,285,10,21,10,408,72.3,5138,2163,129,152,84.9,110,146,75.3,36,75,48.0,1,0.2,0.2,6,21,5,1,29,408,348,59,19,0,2,16,24,7,295,1,10,14,9,8,5,1,5,19,26.3,14,8,2,6,12,26,31,1,526,67,207,215,112,11,526,21,10,47.6,11,52.4,285,1358,584,10,6,1,16,5,288,29,0,0,0,17,18,1,16,12,9,0,1,0,51,14,19,42.4,1,1,0,744,16,15,11,1.7,0.9,0.6,23,2,510,629,81.1,62,453,25,19,14,629,81.1,8463,2500,242,273,88.6,221,259,85.3,35,62,56.5,0,0.6,0.5,10,44,12,2,62,629,573,53,16,0,4,17,21,6,510,3,7,16,8,5,9,2,11,21,52.4,10,11,3,8,15,31,19,0,744,47,169,405,181,22,743,19,14,73.7,5,26.3,453,2575,1374,25,19,7,17,9,506,61,1,0,0,18,17,3,17,15,8,1,0,0,58,19,14,57.6,Tottenham,Manchester Utd,June-19-2020
0,0,0,485,14,8,11,1.2,1.2,1.1,29,2,262,361,72.6,40,249,14,20,11,361,72.6,5040,2117,114,139,82.0,103,123,83.7,37,81,45.7,1,1.1,1.0,14,24,14,3,40,361,302,59,16,0,8,31,20,8,262,0,9,14,8,5,5,4,8,17,47.1,9,11,7,4,8,22,24,0,485,76,147,158,185,38,485,20,11,55.0,9,45.0,249,1363,703,14,12,6,18,8,262,40,6,0,0,21,14,0,31,8,8,0,0,0,57,15,23,39.5,0,0,0,650,17,12,9,4.9,4.9,4.4,41,7,430,519,82.9,53,400,28,17,9,519,82.9,7623,3115,206,225,91.6,163,194,84.0,49,75,65.3,3,4.4,2.1,20,44,12,1,53,519,468,50,21,4,3,24,14,5,430,1,6,17,8,6,7,4,9,20,45.0,11,9,4,5,12,29,32,0,650,62,174,304,174,46,650,17,9,52.9,8,47.1,400,2039,1157,28,20,14,11,6,424,52,2,0,0,15,21,1,24,12,8,0,0,0,56,23,15,60.5,Aston Villa,Leicester City,December-8-2019
0,0,0,636,25,10,14,1.1,1.1,0.9,26,0,388,507,76.5,35,358,22,19,10,507,76.5,6257,2288,190,220,86.4,127,163,77.9,40,66,60.6,0,0.9,0.9,11,29,8,4,35,507,448,56,16,1,3,20,25,4,388,3,18,25,14,13,8,4,10,23,43.5,13,14,1,13,10,35,25,0,636,71,213,275,156,18,636,19,10,52.6,9,47.4,358,2003,1087,22,18,2,18,20,386,34,1,0,0,9,14,3,20,10,14,0,0,0,66,23,13,63.9,0,0,0,640,29,15,18,0.8,0.8,0.4,17,2,377,500,75.4,38,344,12,23,13,500,75.4,7014,2674,136,163,83.4,182,224,81.3,45,79,57.0,1,0.4,0.4,7,21,4,0,38,500,448,49,12,5,4,16,21,5,377,3,15,29,16,11,17,1,9,19,47.4,10,18,2,16,15,44,21,1,640,68,209,302,136,19,640,23,13,56.5,10,43.5,344,1506,782,12,16,1,19,15,376,38,0,0,0,14,9,3,16,15,16,0,0,0,69,13,23,36.1,Chelsea,Leicester City,August-18-2019
0,0,0,581,14,9,10,1.0,1.0,0.9,29,4,351,472,74.4,42,308,28,16,8,472,74.4,6031,1857,169,196,86.2,149,181,82.3,27,73,37.0,2,0.9,0.5,14,27,7,3,42,472,411,59,16,0,3,27,24,7,351,2,8,14,5,6,7,1,7,11,63.6,4,10,3,7,9,23,17,0,581,39,170,241,175,14,581,16,8,50.0,8,50.0,308,2128,1114,28,17,3,14,5,349,41,1,0,0,10,16,2,27,9,5,0,0,0,49,18,20,47.4,0,0,0,416,13,9,11,1.5,1.5,1.4,19,4,201,316,63.6,21,178,9,11,4,316,63.6,3756,1645,105,130,80.8,65,94,69.1,29,75,38.7,2,1.4,1.0,8,15,4,3,21,316,266,50,10,1,2,12,21,3,201,0,11,13,7,4,9,0,8,16,50.0,8,11,6,5,9,22,19,0,416,59,121,218,82,13,416,11,4,36.4,7,63.6,178,832,404,9,5,3,9,7,198,21,4,0,0,16,10,0,12,9,7,0,0,0,42,20,18,52.6,Aston Villa,Burnley,September-28-2019
0,0,1,458,19,10,18,0.6,0.6,0.6,10,0,227,344,66.0,27,180,14,15,11,344,66.0,4112,1995,116,144,80.6,81,119,68.1,27,64,42.2,0,0.6,0.7,5,28,3,0,27,344,289,55,17,1,0,21,24,5,227,0,6,19,11,13,3,3,13,28,46.4,15,18,4,14,10,29,21,1,458,47,145,185,134,11,458,15,11,73.3,4,26.7,180,1167,568,14,7,6,20,11,224,27,0,1,0,14,13,0,21,10,11,0,1,0,39,18,13,58.1,0,1,0,662,15,7,7,3.2,2.4,1.6,22,1,425,544,78.1,38,439,14,28,15,544,78.1,7565,2249,177,207,85.5,193,224,86.2,38,72,52.8,0,1.6,0.6,9,38,7,2,38,544,492,50,12,0,3,20,21,8,425,2,17,15,7,7,6,2,4,15,26.7,11,7,2,5,7,22,19,0,662,51,163,348,154,26,661,28,15,53.6,13,46.4,439,2211,1064,14,11,4,23,6,424,37,3,0,0,15,13,2,20,7,7,0,0,0,51,13,18,41.9,Southampton,Newcastle Utd,March-7-2020
0,0,0,495,13,10,12,0.4,0.4,0.2,12,0,323,411,78.6,31,256,9,14,7,411,78.6,5767,1968,134,154,87.0,149,176,84.7,28,53,52.8,0,0.2,0.3,4,20,3,1,31,411,370,39,11,1,3,17,14,4,323,2,9,13,9,6,7,0,6,14,42.9,8,12,2,10,10,23,16,0,495,57,195,204,99,12,495,14,7,50.0,7,50.0,256,1364,554,9,10,1,9,9,323,31,0,0,0,10,9,2,17,10,9,0,0,0,48,6,5,54.5,0,0,0,749,16,5,7,1.0,1.0,0.8,22,6,584,673,86.8,46,443,25,14,8,673,86.8,9861,2897,267,293,91.1,249,267,93.3,48,70,68.6,3,0.8,0.6,9,43,10,1,46,673,619,52,11,1,12,12,26,5,584,2,13,16,12,9,6,1,7,14,50.0,7,7,1,6,5,21,15,0,749,67,249,325,179,22,749,14,8,57.1,6,42.9,443,2714,1386,25,14,10,6,7,579,46,1,0,0,9,9,2,12,5,12,0,0,0,40,5,6,45.5,Brighton,Manchester Utd,June-30-2020
0,0,0,545,14,13,13,1.0,1.0,0.7,18,2,295,420,70.2,35,204,14,20,12,420,70.2,5572,2203,140,170,82.4,101,133,75.9,44,95,46.3,1,0.7,0.9,6,28,11,2,35,420,364,55,11,0,7,34,24,10,295,1,5,14,10,2,8,4,1,11,9.1,10,13,4,9,13,27,33,0,545,59,141,199,210,31,545,20,12,60.0,8,40.0,204,1098,600,14,10,5,9,10,291,34,0,0,0,12,7,1,34,13,10,0,0,0,52,20,23,46.5,0,0,0,699,18,8,6,3.0,3.0,0.9,19,0,465,585,79.5,24,419,24,11,10,585,79.5,8078,2707,226,251,90.0,173,201,86.1,53,98,54.1,0,0.9,1.0,7,18,5,2,24,585,525,57,13,1,0,22,32,5,465,3,11,18,11,12,5,1,8,20,40.0,12,6,3,3,8,26,29,0,699,92,295,296,112,16,699,11,10,90.9,1,9.1,419,2219,1133,24,15,2,21,13,459,24,0,0,0,8,12,3,22,8,11,0,0,0,47,23,20,53.5,Sheffield Utd,Norwich City,March-7-2020
0,0,0,627,22,8,14,0.8,0.8,0.5,17,0,372,502,74.1,17,305,23,28,16,502,74.1,7076,2416,157,184,85.3,152,188,80.9,52,90,57.8,0,0.5,0.5,7,24,3,2,17,502,458,44,7,1,12,17,25,2,372,0,11,22,17,13,8,1,13,23,56.5,10,14,2,12,8,30,17,0,627,48,199,307,127,18,627,28,16,57.1,12,42.9,305,1771,1033,23,14,5,13,11,368,17,1,0,0,4,7,0,17,8,17,0,0,0,69,20,20,50.0,0,0,0,791,23,11,13,0.3,0.3,0.3,12,0,539,662,81.4,53,438,18,23,10,662,81.4,9499,3064,256,288,88.9,226,249,90.8,53,97,54.6,0,0.3,0.5,6,37,4,1,53,662,615,47,4,1,5,18,33,0,539,0,15,23,13,10,9,4,12,28,42.9,16,13,3,10,11,34,22,0,791,59,204,427,168,12,791,23,10,43.5,13,56.5,438,2345,1113,18,11,6,13,9,537,52,3,0,0,7,4,0,18,11,13,0,0,0,65,20,20,50.0,Wolves,Brighton,March-7-2020
1,1,0,593,14,7,16,2.3,1.5,1.4,25,6,387,470,82.3,38,381,24,22,16,470,82.3,6555,2509,184,196,93.9,156,184,84.8,34,63,54.0,2,1.4,0.7,11,24,7,2,38,470,432,37,14,0,2,10,9,4,387,1,5,14,8,8,6,0,5,14,35.7,9,16,5,11,7,21,29,0,593,97,265,236,99,23,592,22,16,72.7,6,27.3,381,2187,1238,24,14,4,13,1,384,38,3,0,0,9,12,1,10,7,8,1,1,0,47,14,23,37.8,1,1,0,560,7,10,9,3.7,2.9,2.5,37,4,371,467,79.4,43,304,22,14,9,467,79.4,6655,2818,165,182,90.7,149,167,89.2,47,82,57.3,1,2.5,2.4,13,35,16,6,43,467,415,49,8,0,4,38,24,8,371,3,15,7,5,4,1,2,6,22,27.3,16,9,4,5,10,17,6,0,560,44,134,233,204,42,559,14,9,64.3,5,35.7,304,1965,1036,22,18,6,19,9,368,42,3,0,0,12,9,3,38,10,5,1,1,0,42,23,14,62.2,Arsenal,Watford,July-26-2020
0,0,0,671,20,8,21,1.3,1.3,1.0,27,2,409,532,76.9,45,322,16,17,6,532,76.9,7765,2981,159,190,83.7,202,242,83.5,46,80,57.5,1,1.0,0.7,11,25,12,1,45,532,473,59,17,1,2,17,27,5,409,0,6,20,15,5,11,4,7,18,38.9,11,21,8,13,8,28,13,1,671,78,230,284,165,29,671,17,6,35.3,11,64.7,322,1767,835,16,10,6,29,14,407,44,2,0,0,8,15,0,17,8,15,0,0,0,64,23,18,56.1,0,0,0,717,25,19,12,1.4,1.4,0.6,27,1,462,583,79.2,40,431,29,18,11,583,79.2,7643,2671,225,266,84.6,166,194,85.6,50,78,64.1,0,0.6,0.7,11,25,5,1,40,583,533,47,8,0,6,14,27,3,462,3,13,25,14,9,14,2,11,17,64.7,6,12,7,5,19,44,26,0,717,75,266,343,116,35,717,18,11,61.1,7,38.9,431,2099,1011,29,14,12,15,13,458,39,3,0,0,15,8,3,14,19,14,0,0,0,66,18,23,43.9,Brighton,Chelsea,January-1-2020
0,0,0,627,8,12,14,2.0,2.0,1.9,23,4,390,513,76.0,39,348,11,19,11,513,76.0,7354,2604,155,183,84.7,175,217,80.6,53,86,61.6,2,1.9,1.4,12,23,8,2,39,513,458,53,10,2,3,17,30,6,390,2,9,8,4,3,3,2,6,12,50.0,6,14,7,7,12,20,21,0,627,63,227,273,136,20,627,19,11,57.9,8,42.1,348,1872,958,11,10,1,18,15,388,39,3,0,0,7,8,2,17,12,4,0,0,0,57,24,25,49.0,0,0,0,628,23,12,10,1.6,1.6,1.3,32,4,384,514,74.7,43,383,24,12,6,514,74.7,6413,2129,202,242,83.5,127,156,81.4,40,86,46.5,2,1.3,1.1,14,28,11,0,43,514,478,34,8,1,3,20,13,6,384,2,8,23,16,12,10,1,8,19,42.1,11,10,4,6,12,35,19,0,628,50,157,309,168,30,628,12,6,50.0,6,50.0,383,2041,1064,24,19,7,10,2,380,42,1,0,0,8,7,2,20,12,16,0,0,0,59,25,24,51.0,Bournemouth,West Ham,September-28-2019
0,0,0,852,18,2,6,1.1,1.1,0.8,25,0,623,760,82.0,72,514,15,11,6,760,82.0,11285,3183,279,320,87.2,276,304,90.8,62,111,55.9,0,0.8,1.1,10,61,18,6,72,760,706,51,7,1,15,45,30,8,623,3,13,18,15,10,5,3,7,14,50.0,7,6,1,5,2,20,15,0,852,41,140,445,270,29,852,11,6,54.5,5,45.5,514,2811,1412,15,13,2,15,9,622,72,2,0,0,10,6,3,45,2,15,0,0,0,51,20,25,44.4,0,0,0,415,14,10,9,0.5,0.5,0.5,11,4,185,288,64.2,14,185,10,14,7,288,64.2,3358,1840,104,131,79.4,46,69,66.7,30,70,42.9,2,0.5,0.2,5,14,4,1,14,288,241,45,12,0,2,8,21,1,185,2,7,14,9,8,4,2,5,11,45.5,6,9,3,6,10,24,46,0,415,85,204,134,85,13,415,14,7,50.0,7,50.0,185,1139,481,10,8,5,15,11,182,14,0,0,0,6,10,2,8,10,9,0,0,0,50,25,20,55.6,Sheffield Utd,Newcastle Utd,December-5-2019
0,0,1,615,19,12,7,0.3,0.3,0.2,10,0,386,504,76.6,34,402,10,15,12,504,76.6,6494,2070,190,222,85.6,150,182,82.4,33,68,48.5,0,0.2,0.4,4,22,9,2,34,504,452,52,12,0,4,16,27,3,386,0,12,19,13,13,5,1,9,23,39.1,14,7,3,4,12,31,24,0,615,62,200,307,114,14,615,15,12,80.0,3,20.0,402,1695,782,10,12,3,22,13,382,33,4,1,0,9,11,0,16,12,13,0,1,0,42,17,17,50.0,1,1,0,730,16,13,12,1.4,0.6,0.4,24,4,495,621,79.7,46,416,20,23,14,621,79.7,8293,2651,232,267,86.9,194,228,85.1,47,85,55.3,1,0.4,0.6,10,37,12,3,46,621,579,40,7,3,5,19,23,5,495,2,8,16,9,11,4,1,3,15,20.0,12,12,2,10,13,29,17,0,730,48,208,328,197,23,729,23,14,60.9,9,39.1,416,2327,1042,20,20,5,13,10,493,45,3,0,0,11,8,2,19,13,9,1,0,0,55,17,17,50.0,Tottenham,Chelsea,December-22-2019
0,0,0,787,22,6,9,2.0,2.0,0.6,21,3,556,668,83.2,43,517,25,24,11,668,83.2,8911,2939,269,299,90.0,228,269,84.8,34,61,55.7,1,0.6,0.4,9,28,9,3,43,668,614,54,14,1,3,22,23,4,556,0,7,22,12,12,10,0,12,26,46.2,14,9,2,7,6,28,20,1,787,50,171,446,174,22,787,24,11,45.8,13,54.2,517,2353,1179,25,18,2,13,12,556,43,3,0,0,12,14,0,22,6,12,0,0,0,54,21,18,53.8,0,0,0,489,25,17,9,2.6,2.6,1.1,23,5,264,359,73.5,20,222,18,26,14,359,73.5,4916,2272,119,141,84.4,84,104,80.8,46,80,57.5,1,1.1,0.5,10,19,5,3,20,359,315,44,12,0,8,16,19,5,264,0,8,25,10,13,10,2,13,24,54.2,11,9,5,4,17,42,30,1,489,55,157,236,111,24,489,26,14,53.8,12,46.2,222,1452,722,18,19,5,11,10,261,20,2,0,0,14,11,0,16,17,10,0,0,0,58,18,21,46.2,Tottenham,Wolves,March-1-2020
0,0,0,691,6,10,7,1.7,1.7,0.7,30,2,480,582,82.5,58,378,25,23,8,582,82.5,8385,2900,210,236,89.0,216,242,89.3,48,80,60.0,0,0.7,1.2,11,38,14,1,58,582,527,54,12,3,0,29,23,9,480,1,11,6,3,1,4,1,4,14,28.6,10,7,1,6,10,16,19,0,691,57,212,267,217,37,691,23,8,34.8,15,65.2,378,2256,1269,25,19,10,15,7,479,58,4,0,0,16,7,1,29,10,3,0,0,0,49,15,7,68.2,0,0,0,465,22,10,10,1.3,1.3,0.3,17,4,238,356,66.9,26,211,15,14,10,356,66.9,4399,1736,97,123,78.9,94,114,82.5,35,85,41.2,2,0.3,0.7,7,19,7,1,26,356,298,54,17,2,6,24,15,9,238,4,10,22,16,8,9,5,15,23,65.2,8,10,3,7,10,32,22,1,465,79,171,184,115,16,465,14,10,71.4,4,28.6,211,1388,653,15,6,5,16,2,236,26,1,0,0,8,16,4,24,10,16,0,0,1,47,7,15,31.8,Manchester Utd,Aston Villa,December-1-2019
0,0,1,489,13,12,11,1.1,1.1,1.0,15,3,265,370,71.6,27,242,11,23,10,370,71.6,4326,2117,152,175,86.9,68,92,73.9,26,68,38.2,2,1.0,0.4,8,20,5,1,27,370,328,41,6,0,1,8,17,4,265,1,6,13,7,11,2,0,6,25,24.0,19,11,5,6,12,25,37,0,489,75,183,204,110,18,489,23,10,43.5,13,56.5,242,1129,580,11,5,5,14,10,263,27,3,1,0,12,4,1,8,12,7,0,0,0,51,23,17,57.5,0,0,0,727,23,9,6,1.2,1.2,1.0,26,1,512,628,81.5,61,406,31,25,19,628,81.5,9650,3010,201,227,88.5,230,268,85.8,69,105,65.7,1,1.0,0.8,12,49,8,3,61,628,587,41,12,3,3,32,12,7,512,0,9,23,14,11,9,3,13,23,56.5,10,6,2,4,9,32,9,1,727,44,191,366,176,23,727,25,19,76.0,6,24.0,406,2394,1484,31,17,9,15,7,507,60,1,0,0,6,12,0,32,9,14,0,0,0,57,17,23,42.5,Watford,Wolves,January-1-2020
0,0,0,433,13,22,14,0.9,0.9,0.4,12,0,220,303,72.6,22,167,5,13,11,303,72.6,4081,1498,99,112,88.4,84,100,84.0,28,68,41.2,0,0.4,0.6,5,21,3,0,22,303,261,39,11,0,2,8,13,1,220,3,6,13,7,7,4,2,6,22,27.3,16,14,3,11,22,35,28,1,433,81,182,159,98,10,433,13,11,84.6,2,15.4,167,1101,423,5,5,0,20,9,217,22,1,0,0,8,10,3,8,22,7,0,0,0,46,13,21,38.2,0,0,0,835,11,6,8,3.5,3.5,3.4,40,4,626,736,85.1,58,599,31,22,16,736,85.1,10285,2820,325,348,93.4,228,257,88.7,56,81,69.1,2,3.4,2.8,20,36,21,5,58,736,687,47,11,2,5,29,22,8,626,2,14,11,6,7,4,0,2,13,15.4,11,8,2,6,6,17,12,0,835,40,172,388,283,46,835,22,16,72.7,6,27.3,599,3086,1891,31,29,10,13,7,624,58,1,0,0,10,8,2,29,6,6,0,0,0,53,21,13,61.8,Crystal Palace,Manchester City,October-19-2019
0,0,0,665,19,15,15,2.3,2.3,2.2,23,6,425,542,78.4,40,330,17,19,17,542,78.4,7925,2596,168,194,86.6,207,250,82.8,43,79,54.4,3,2.2,1.6,12,38,9,1,40,542,503,38,12,3,7,15,9,4,425,1,3,19,13,5,13,1,8,22,36.4,14,15,5,10,15,34,30,0,665,81,184,334,156,27,665,19,17,89.5,2,10.5,330,1663,814,17,13,9,10,6,420,39,0,0,0,10,12,1,15,15,13,0,0,0,54,30,13,69.8,0,0,0,609,8,15,4,1.1,1.1,0.8,37,4,382,499,76.6,42,401,24,22,14,499,76.6,6425,2275,183,212,86.3,152,185,82.2,36,75,48.0,0,0.8,0.6,14,25,8,2,42,499,449,50,10,2,5,23,20,8,382,0,12,8,6,2,5,1,2,19,10.5,17,4,2,2,15,23,20,1,609,69,222,255,139,26,609,22,14,63.6,8,36.4,401,2137,1189,24,18,5,13,11,381,42,2,0,0,12,9,0,23,15,6,0,0,0,53,13,30,30.2,Tottenham,Bournemouth,November-30-2019
0,0,0,427,21,10,16,0.9,0.9,0.9,11,0,179,318,56.3,23,160,13,12,8,318,56.3,3220,1721,78,116,67.2,76,109,69.7,16,62,25.8,0,0.9,0.6,5,13,5,0,23,318,254,60,13,1,2,14,30,6,179,4,8,21,14,7,11,3,9,14,64.3,5,16,5,11,10,31,24,1,427,44,142,179,114,14,427,12,8,66.7,4,33.3,160,919,506,13,7,3,11,10,176,23,2,0,0,16,12,4,14,10,14,0,0,0,53,30,18,62.5,0,0,1,690,14,14,11,1.2,1.2,0.4,15,0,438,558,78.5,54,402,10,14,5,558,78.5,7894,2800,172,202,85.1,185,223,83.0,55,87,63.2,0,0.4,0.9,7,31,7,2,54,558,491,67,20,1,5,17,39,2,438,0,15,14,7,9,4,1,4,12,33.3,8,11,4,7,14,28,19,0,690,62,214,340,139,16,690,14,5,35.7,9,64.3,402,1874,810,10,11,1,26,12,432,54,3,1,1,14,16,0,17,14,7,0,0,0,58,18,30,37.5,Crystal Palace,Everton,August-10-2019
0,0,0,549,13,14,10,0.5,0.5,0.2,9,0,298,455,65.5,32,338,6,19,10,455,65.5,5391,2292,141,177,79.7,99,147,67.3,46,100,46.0,0,0.2,0.4,2,23,4,0,32,455,403,51,9,0,2,22,28,5,298,1,8,13,8,6,4,3,4,13,30.8,9,10,1,9,14,27,10,1,549,46,185,220,148,14,549,19,10,52.6,9,47.4,338,1369,541,6,8,2,17,11,296,32,3,0,0,18,9,1,22,14,8,0,0,0,62,28,38,42.4,0,0,0,619,20,11,11,1.3,1.3,1.0,21,5,358,499,71.7,25,352,17,13,9,499,71.7,5739,2210,190,225,84.4,136,170,80.0,24,78,30.8,1,1.0,0.3,7,24,5,0,25,499,444,54,15,1,6,8,29,3,358,1,9,20,14,10,8,2,9,19,47.4,10,11,5,6,11,31,29,0,619,46,192,287,151,12,619,13,9,69.2,4,30.8,352,1652,825,17,17,5,19,9,354,25,0,0,0,9,18,1,8,11,14,0,0,1,69,38,28,57.6,Watford,Southampton,June-28-2020
2,2,0,449,12,5,8,3.5,1.9,1.6,28,4,248,367,67.6,30,240,16,9,7,367,67.6,4705,2336,111,142,78.2,101,140,72.1,31,65,47.7,0,1.6,1.3,13,16,8,1,30,367,313,51,15,0,4,17,29,2,248,3,5,12,9,8,3,1,5,13,38.5,8,8,0,8,5,17,10,0,449,37,145,178,133,33,447,9,7,77.8,2,22.2,240,1215,612,16,9,1,16,11,246,30,1,0,0,23,15,3,17,5,9,2,0,0,53,34,25,57.6,0,0,0,492,13,9,10,1.3,1.3,1.2,13,1,270,387,69.8,16,264,10,13,8,387,69.8,5291,1902,118,139,84.9,101,132,76.5,44,95,46.3,1,1.2,0.2,6,19,2,1,16,387,332,52,24,0,5,12,17,4,270,3,9,13,12,7,4,2,2,9,22.2,7,10,6,4,9,22,22,1,492,62,213,198,91,9,492,13,8,61.5,5,38.5,264,1429,664,10,7,2,16,7,269,16,4,0,0,15,22,3,12,9,12,0,2,0,50,25,34,42.4,Watford,Newcastle Utd,July-11-2020
0,0,0,455,16,10,21,2.3,2.3,2.2,21,6,175,311,56.3,27,146,18,20,9,311,56.3,3136,1827,76,115,66.1,66,108,61.1,23,60,38.3,3,2.2,1.4,12,17,8,2,27,311,258,53,12,2,1,23,29,4,175,0,7,16,10,10,5,1,6,19,31.6,13,21,5,16,10,26,36,0,455,54,164,174,123,26,455,20,9,45.0,11,55.0,146,949,496,18,10,7,12,6,173,27,1,0,0,8,7,0,23,10,10,0,0,0,60,34,27,55.7,0,0,0,696,17,13,8,0.7,0.7,0.6,17,2,423,580,72.9,49,343,19,19,13,580,72.9,7438,2752,193,237,81.4,173,217,79.7,38,83,45.8,1,0.6,0.8,7,40,8,3,49,580,524,55,8,0,3,29,25,9,423,1,17,17,8,9,7,1,11,20,55.0,9,8,2,6,13,30,21,1,696,60,179,359,167,26,696,19,13,68.4,6,31.6,343,1946,1041,19,11,4,14,10,419,49,1,0,0,11,7,1,29,13,8,0,0,0,65,27,34,44.3,West Ham,Southampton,February-29-2020
0,0,0,737,16,9,11,0.6,0.6,0.4,20,0,532,636,83.6,50,516,17,14,8,636,83.6,8915,2779,256,278,92.1,216,245,88.2,48,79,60.8,0,0.4,0.8,8,48,11,4,50,636,593,43,12,1,5,25,20,6,532,0,12,16,9,10,6,0,5,16,31.3,11,11,5,6,9,25,21,0,737,45,181,408,156,25,737,14,8,57.1,6,42.9,516,2821,1098,17,18,5,16,15,524,49,2,0,0,10,12,0,25,9,9,0,1,0,52,18,20,47.4,0,1,0,452,21,10,11,1.1,0.3,0.2,15,0,226,332,68.1,20,173,11,16,11,332,68.1,4165,1713,108,131,82.4,85,112,75.9,26,70,37.1,0,0.2,0.2,6,17,1,0,20,332,285,47,8,0,3,16,20,7,226,0,7,21,14,8,8,5,6,14,42.9,8,11,2,9,10,31,28,0,452,68,172,182,103,7,451,16,11,68.8,5,31.3,173,1024,544,11,5,2,17,11,223,19,2,0,0,13,10,0,16,10,14,1,0,0,51,20,18,52.6,Leicester City,Brighton,June-23-2020
1,1,0,736,17,9,7,2.9,2.1,1.9,36,7,518,619,83.7,63,458,23,15,10,619,83.7,8898,2802,225,249,90.4,244,272,89.7,39,69,56.5,3,1.9,1.1,15,39,16,2,63,619,563,54,19,1,1,21,23,7,518,2,7,17,9,9,5,3,7,14,50.0,7,7,1,6,9,26,12,0,736,47,168,357,217,40,735,15,10,66.7,5,33.3,458,2166,1157,23,16,5,19,4,516,63,1,0,0,10,18,2,21,9,9,1,1,0,45,24,21,53.3,1,1,0,424,9,10,14,1.6,0.8,0.2,10,2,207,311,66.6,21,170,6,14,7,311,66.6,3783,1831,117,144,81.3,54,77,70.1,33,67,49.3,0,0.2,0.4,3,12,4,1,21,311,256,54,11,2,3,15,22,8,207,1,9,9,3,6,2,1,5,15,33.3,10,14,7,7,10,19,24,0,424,67,163,174,92,16,423,14,7,50.0,7,50.0,170,837,339,6,5,4,15,10,205,21,1,0,0,19,9,1,15,10,3,1,1,0,49,21,24,46.7,Leicester City,West Ham,January-22-2020
0,0,0,691,19,13,8,2.7,2.7,2.0,35,4,480,582,82.5,55,367,18,25,20,582,82.5,9219,3212,185,218,84.9,232,252,92.1,56,87,64.4,2,2.0,1.5,14,35,12,2,55,582,540,39,9,0,7,19,17,8,480,3,11,19,13,7,7,5,6,23,26.1,17,8,3,5,13,32,6,0,691,45,173,308,215,42,691,25,20,80.0,5,20.0,367,2227,1051,18,17,6,12,8,477,55,0,0,0,11,8,3,19,13,13,0,0,0,65,14,6,70.0,0,0,0,525,13,13,12,0.4,0.4,0.3,14,0,327,418,78.2,23,318,17,23,17,418,78.2,5038,1840,181,207,87.4,109,133,82.0,23,52,44.2,0,0.3,0.5,6,21,3,0,23,418,365,52,13,2,0,4,18,3,327,1,6,13,10,8,5,0,5,25,20.0,20,12,4,8,13,26,21,1,525,83,198,244,92,14,525,23,17,73.9,6,26.1,318,2050,1074,17,14,6,9,13,321,23,1,0,0,8,11,1,4,13,10,0,0,0,52,6,14,30.0,Brighton,Norwich City,November-2-2019
0,0,0,1035,11,7,5,2.1,2.1,1.8,38,4,842,949,88.7,73,820,44,24,18,949,88.7,12349,3452,485,510,95.1,278,312,89.1,48,66,72.7,2,1.8,2.6,15,59,16,1,73,949,910,38,10,7,2,35,16,6,842,1,9,11,7,6,3,2,4,12,33.3,8,5,1,4,7,18,12,0,1035,40,142,532,370,44,1035,24,18,75.0,6,25.0,820,3813,2300,44,42,14,9,9,838,73,0,0,0,5,6,1,35,7,7,0,0,0,57,8,10,44.4,0,0,0,404,15,14,15,0.1,0.1,0.1,6,0,198,288,68.8,12,208,17,12,8,288,68.8,3289,1457,105,125,84.0,63,87,72.4,21,54,38.9,0,0.1,0.1,3,9,2,1,12,288,254,31,6,0,3,11,12,1,198,3,4,15,7,10,5,0,6,24,25.0,18,15,8,7,14,29,37,0,404,86,187,150,75,7,404,12,8,66.7,4,33.3,208,1328,797,17,17,3,6,7,197,12,1,0,0,7,5,3,11,14,7,0,0,0,50,10,8,55.6,Manchester City,West Ham,February-19-2020
0,0,0,503,17,12,9,2.7,2.7,1.6,48,2,262,389,67.4,30,192,16,20,14,389,67.4,4738,2186,119,149,79.9,96,130,73.8,34,74,45.9,2,1.6,0.6,19,23,9,1,30,389,331,58,18,1,4,19,26,9,262,0,6,17,12,5,10,2,4,12,33.3,8,9,3,6,12,29,16,0,503,39,97,265,148,22,503,20,14,70.0,6,30.0,192,1199,642,16,12,2,11,7,260,29,1,0,0,13,17,0,19,12,12,0,0,0,49,31,23,57.4,0,0,0,565,13,10,12,0.5,0.5,0.5,8,0,324,454,71.4,29,308,12,12,8,454,71.4,6001,2365,134,164,81.7,129,160,80.6,45,91,49.5,0,0.5,0.3,4,18,8,2,29,454,394,58,13,1,5,20,25,6,324,2,9,13,6,10,3,0,6,20,30.0,14,12,8,4,10,23,27,0,565,94,235,244,91,14,565,12,8,66.7,4,33.3,308,1577,745,12,10,4,12,13,320,29,4,0,0,17,13,2,20,10,6,0,0,0,44,23,31,42.6,Southampton,Aston Villa,February-22-2020
1,1,0,677,18,17,11,1.2,0.4,0.2,15,4,466,578,80.6,48,352,17,15,10,578,80.6,8470,3084,186,222,83.8,238,261,91.2,37,69,53.6,0,0.2,0.3,5,29,10,2,48,578,532,43,11,1,3,8,22,0,466,3,5,18,10,5,12,1,11,17,64.7,6,11,2,9,17,35,9,0,677,77,258,304,121,16,676,15,10,66.7,5,33.3,352,2030,1093,17,11,6,17,12,465,48,2,0,0,12,12,3,8,17,10,1,0,1,57,8,11,42.1,0,0,0,577,17,17,6,0.9,0.9,0.8,18,2,369,471,78.3,38,373,15,17,6,471,78.3,6556,2392,187,210,89.0,135,161,83.9,39,73,53.4,1,0.8,0.7,7,34,5,0,38,471,415,54,15,2,8,12,25,5,369,2,10,17,7,4,11,2,5,15,33.3,10,6,1,5,17,34,13,0,577,57,186,280,117,17,577,17,6,35.3,11,64.7,373,1767,878,15,8,4,17,7,367,38,1,0,0,12,12,2,12,17,7,0,1,1,53,11,8,57.9,Brighton,Everton,October-26-2019
0,0,0,674,20,16,12,1.1,1.1,0.8,17,2,425,547,77.7,50,363,17,14,11,547,77.7,7629,2752,199,225,88.4,181,211,85.8,40,81,49.4,1,0.8,0.6,8,25,9,0,50,547,487,58,17,0,2,12,27,3,425,2,11,20,10,9,5,6,7,19,36.8,12,12,0,12,16,36,14,0,674,66,230,296,153,34,674,14,11,78.6,3,21.4,363,1964,994,17,11,3,27,17,421,49,3,0,0,11,13,2,12,16,10,0,0,0,61,18,16,52.9,0,0,0,583,20,14,16,0.6,0.6,0.4,14,1,325,452,71.9,31,276,13,19,12,452,71.9,5666,2303,168,198,84.8,110,142,77.5,42,82,51.2,1,0.4,0.3,5,24,4,1,31,452,395,53,12,0,3,20,29,4,325,4,14,20,12,11,9,0,3,14,21.4,11,16,5,11,14,34,19,0,583,63,206,263,121,14,583,19,12,63.2,7,36.8,276,1589,765,13,8,4,16,13,321,31,3,0,0,13,11,4,20,14,12,0,0,0,71,16,18,47.1,Brighton,Aston Villa,January-18-2020
0,0,0,853,10,7,3,1.4,1.4,1.0,46,0,632,759,83.3,59,527,45,15,10,759,83.3,9711,3059,320,357,89.6,233,273,85.3,44,67,65.7,0,1.0,1.6,20,41,14,2,59,759,705,52,8,0,5,24,34,5,632,2,13,10,8,6,4,0,3,4,75.0,1,3,1,2,7,17,14,0,853,55,241,328,286,33,853,15,10,66.7,5,33.3,527,3252,1836,45,26,7,16,8,628,59,0,0,0,11,7,2,24,7,8,0,0,0,58,34,23,59.6,0,0,0,409,13,15,18,0.6,0.6,0.6,10,4,179,300,59.7,14,173,6,4,1,300,59.7,3393,1680,89,119,74.8,55,79,69.6,31,83,37.3,2,0.6,0.4,4,8,1,1,14,300,253,45,12,1,1,11,19,2,179,2,3,13,8,6,4,3,5,15,33.3,10,18,7,11,15,28,31,0,409,74,168,141,107,8,409,4,1,25.0,3,75.0,173,1025,535,6,9,1,11,7,176,14,2,0,0,7,11,2,11,15,8,0,0,0,52,23,34,40.4,Manchester Utd,Burnley,January-22-2020
0,0,1,571,17,12,8,0.9,0.9,0.7,21,0,376,488,77.0,28,392,11,15,9,488,77.0,6746,2088,176,207,85.0,154,173,89.0,39,85,45.9,0,0.7,0.6,8,31,7,3,28,488,432,54,15,0,3,19,29,4,376,2,11,17,10,8,5,4,4,12,33.3,8,8,2,6,12,29,10,1,571,31,139,283,160,20,571,15,9,60.0,6,40.0,392,1499,665,11,8,5,12,4,372,28,0,1,0,10,14,2,19,12,10,0,0,0,42,13,16,44.8,0,0,0,521,10,15,11,2.0,2.0,0.5,15,2,333,435,76.6,25,330,18,12,8,435,76.6,6005,2072,140,174,80.5,151,175,86.3,31,59,52.5,0,0.5,0.4,5,16,7,1,25,435,384,50,11,2,5,8,22,6,333,1,8,10,2,7,3,0,6,15,40.0,9,11,2,9,15,25,21,0,521,73,223,213,89,18,521,12,8,66.7,4,33.3,330,1628,848,18,10,7,10,13,329,25,2,0,0,14,10,1,8,15,2,0,0,0,36,16,13,55.2,Southampton,Arsenal,June-25-2020
0,0,0,722,22,14,19,2.0,2.0,1.9,27,4,462,588,78.6,42,424,14,16,8,588,78.6,7954,2687,211,244,86.5,184,215,85.6,46,85,54.1,3,1.9,1.5,14,26,7,1,42,588,534,52,12,2,4,14,28,4,462,2,11,22,13,10,10,2,6,21,28.6,15,19,4,15,14,36,28,1,722,58,231,337,161,28,722,16,8,50.0,8,50.0,424,1893,845,14,14,4,15,6,461,42,1,0,0,9,10,2,14,14,13,0,0,0,62,15,21,41.7,0,0,0,599,14,22,12,0.6,0.6,0.6,15,2,362,479,75.6,41,384,27,21,15,479,75.6,5659,2291,204,230,88.7,120,151,79.5,25,59,42.4,1,0.6,0.5,8,23,8,0,41,479,430,48,11,1,2,17,21,5,362,1,18,14,11,7,7,0,8,16,50.0,8,12,4,8,22,36,21,1,599,57,184,283,141,13,599,21,15,71.4,6,28.6,384,2116,1003,27,20,3,19,16,360,41,3,0,0,11,9,1,17,22,11,0,0,0,60,21,15,58.3,Leicester City,Bournemouth,August-31-2019
0,0,0,628,11,7,9,0.6,0.6,0.6,14,0,424,523,81.1,51,331,20,16,7,523,81.1,7619,2696,192,214,89.7,184,216,85.2,41,70,58.6,0,0.6,0.8,7,33,12,2,51,523,470,51,2,0,8,24,33,6,424,2,11,11,7,6,3,2,4,13,30.8,9,9,2,7,7,18,13,0,628,72,192,247,194,18,628,16,7,43.8,9,56.3,331,1687,857,20,11,4,22,8,424,51,2,0,0,9,1,2,24,7,7,0,1,0,48,9,11,45.0,1,1,0,567,17,12,8,3.6,2.8,2.4,33,3,365,456,80.0,26,354,24,13,9,456,80.0,5942,2063,165,186,88.7,147,156,94.2,30,70,42.9,1,2.4,1.2,12,20,9,1,26,456,416,39,9,2,2,20,15,7,365,1,9,17,9,13,3,1,9,16,56.3,7,8,3,5,12,29,28,1,567,63,220,229,127,36,566,13,9,69.2,4,30.8,354,1952,957,24,15,8,14,7,363,26,0,0,0,1,8,1,20,12,9,1,0,0,55,11,9,55.0,Brighton,Leicester City,November-23-2019
0,0,0,492,16,16,16,1.5,1.5,1.4,13,6,257,346,74.3,19,209,10,17,8,346,74.3,4111,1461,136,154,88.3,84,98,85.7,28,66,42.4,3,1.4,1.1,6,8,3,0,19,346,306,39,6,0,3,6,15,3,257,1,12,16,12,14,1,1,9,29,31.0,20,16,10,6,16,32,52,0,492,145,310,128,56,15,492,17,8,47.1,9,52.9,209,1143,603,10,7,3,10,6,256,19,3,0,0,8,7,1,6,16,12,0,0,0,42,11,19,36.7,0,0,0,836,15,7,13,2.4,2.4,1.9,47,4,621,736,84.4,75,616,48,29,20,736,84.4,10474,2572,289,326,88.7,269,299,90.0,46,71,64.8,2,1.9,1.6,16,62,13,3,75,736,689,47,9,0,6,46,16,16,621,0,10,15,9,4,10,1,9,17,52.9,8,13,1,12,7,22,7,2,836,26,73,378,397,48,836,29,20,69.0,9,31.0,616,3556,2104,48,48,16,10,7,615,75,1,0,0,7,8,0,46,7,9,0,0,0,62,19,11,63.3,Norwich City,Manchester City,September-14-2019
0,0,0,882,15,8,10,0.7,0.7,0.5,16,4,685,787,87.0,49,587,11,14,12,787,87.0,11005,2687,315,338,93.2,299,329,90.9,44,72,61.1,1,0.5,0.6,6,40,9,2,49,787,754,31,11,0,1,14,5,3,685,2,6,15,9,6,7,2,8,17,47.1,9,10,5,5,8,23,27,1,882,87,215,491,179,14,882,14,12,85.7,2,14.3,587,2854,1414,11,9,1,13,7,681,49,1,0,0,10,8,2,14,8,9,0,0,0,41,21,27,43.8,0,0,0,403,9,12,4,1.6,1.6,1.3,26,2,200,318,62.9,36,191,12,17,9,318,62.9,3451,1727,104,139,74.8,64,90,71.1,22,62,35.5,1,1.3,1.2,9,23,12,3,36,318,270,46,11,1,2,20,20,5,200,2,7,9,6,7,2,0,2,14,14.3,12,4,0,4,12,21,12,0,403,30,117,155,137,34,403,17,9,52.9,8,47.1,191,989,460,12,7,2,8,7,198,35,1,0,0,10,9,2,20,12,6,0,0,0,45,27,21,56.3,Manchester City,Bournemouth,July-15-2020
0,0,0,571,18,5,14,0.7,0.7,0.6,21,3,351,463,75.8,39,369,19,19,12,463,75.8,6571,2522,155,178,87.1,129,165,78.2,52,81,64.2,2,0.6,0.7,10,29,6,3,39,463,402,57,19,0,3,21,27,3,351,4,11,18,6,7,8,3,7,18,38.9,11,14,3,11,5,23,13,0,571,42,139,306,137,17,571,19,12,63.2,7,36.8,369,2027,981,19,13,4,14,12,350,39,3,0,0,12,14,4,21,5,6,0,0,0,59,22,27,44.9,0,0,0,615,19,9,9,2.1,2.1,1.8,26,6,396,503,78.7,33,334,18,18,11,503,78.7,6503,2445,193,214,90.2,170,194,87.6,23,61,37.7,3,1.8,1.2,12,40,5,2,33,503,454,43,14,0,1,13,12,7,396,6,12,19,8,5,12,2,7,19,36.8,12,9,3,6,9,28,20,0,615,54,168,342,111,15,615,18,11,61.1,7,38.9,334,1756,780,18,8,4,10,11,393,33,2,0,0,14,11,6,13,9,8,0,0,0,58,27,22,55.1,West Ham,Tottenham,November-23-2019
0,0,0,746,16,14,7,1.6,1.6,0.9,13,0,532,639,83.3,46,456,20,23,13,639,83.3,10036,2775,201,228,88.2,249,277,89.9,64,98,65.3,0,0.9,0.8,5,38,5,2,46,639,592,47,13,0,7,20,22,5,532,0,10,16,9,9,5,2,11,22,50.0,11,7,2,5,14,30,8,0,746,38,175,417,162,20,746,23,13,56.5,10,43.5,456,2537,1364,20,13,5,20,5,531,45,0,0,0,13,12,0,20,14,9,0,0,0,64,17,14,54.8,0,0,0,466,15,7,11,0.2,0.2,0.2,9,2,247,345,71.6,17,246,14,22,11,345,71.6,3929,1466,139,161,86.3,64,86,74.4,28,68,41.2,1,0.2,0.2,5,22,2,1,17,345,296,48,13,0,1,11,22,2,247,1,5,15,11,7,6,2,10,23,43.5,13,11,3,8,7,22,39,0,466,64,162,197,114,4,466,22,11,50.0,11,50.0,246,1158,514,14,9,2,13,5,244,16,3,0,0,12,12,1,11,7,11,0,0,0,52,14,17,45.2,Wolves,Newcastle Utd,January-11-2020
0,0,0,652,19,9,9,1.4,1.4,1.1,16,2,455,560,81.3,37,378,21,8,6,560,81.3,7999,2499,217,248,87.5,189,220,85.9,44,73,60.3,1,1.1,1.4,7,48,6,3,37,560,513,45,11,1,2,15,23,2,455,2,9,19,11,10,9,0,5,18,27.8,13,9,2,7,9,28,14,0,652,51,151,371,135,17,652,8,6,75.0,2,25.0,378,2227,1091,21,13,3,16,8,452,37,3,0,0,11,7,2,15,9,11,0,1,0,51,27,20,57.4,1,1,0,627,10,9,9,2.2,1.4,1.3,11,3,416,522,79.7,31,309,13,18,13,522,79.7,7332,2525,191,215,88.8,177,201,88.1,40,78,51.3,1,1.3,1.5,5,32,8,1,31,522,480,38,12,1,3,9,19,2,416,4,7,10,6,6,4,0,2,8,25.0,6,9,1,8,9,19,18,0,627,52,189,312,133,21,626,18,13,72.2,5,27.8,309,1810,864,13,12,3,18,14,411,30,2,0,0,7,9,4,9,9,6,0,0,0,58,20,27,42.6,West Ham,Crystal Palace,October-5-2019
0,0,0,802,7,5,8,0.7,0.7,0.7,12,4,592,722,82.0,67,460,25,13,10,722,82.0,10819,3619,257,288,89.2,269,309,87.1,58,100,58.0,2,0.7,0.9,6,80,14,0,67,722,677,44,13,1,12,25,19,7,592,1,12,7,4,2,4,1,3,12,25.0,9,8,2,6,5,12,18,0,802,54,207,388,211,28,802,13,10,76.9,3,23.1,460,2692,1481,25,16,6,17,5,588,66,1,0,0,18,8,1,25,5,4,0,0,0,59,10,14,41.7,0,0,0,416,8,17,12,0.7,0.7,0.7,17,0,199,312,63.8,31,209,12,12,9,312,63.8,3617,1773,95,110,86.4,64,95,67.4,32,84,38.1,0,0.7,0.3,9,18,7,1,31,312,253,54,18,0,6,18,23,5,199,5,8,8,5,4,3,1,3,13,23.1,10,12,1,11,17,25,27,0,416,73,182,151,94,12,416,12,9,75.0,3,25.0,209,1215,599,12,7,0,17,4,196,30,1,0,0,8,18,5,18,17,5,0,0,0,62,14,10,58.3,Liverpool,Aston Villa,July-5-2020
0,0,0,683,14,11,11,3.2,3.2,3.0,31,8,433,581,74.5,34,367,18,14,8,581,74.5,7762,2850,179,208,86.1,210,253,83.0,38,94,40.4,4,3.0,1.4,13,26,6,0,34,581,511,68,19,1,6,15,29,6,433,2,14,14,9,7,4,3,4,14,28.6,10,11,4,7,11,25,24,1,683,92,264,286,138,25,683,14,8,57.1,6,42.9,367,2044,989,18,15,7,9,12,431,33,0,0,0,9,13,2,15,11,9,0,0,0,49,15,17,46.9,0,0,0,505,18,6,18,0.8,0.8,0.5,28,0,227,363,62.5,38,206,20,14,10,363,62.5,4159,1849,100,130,76.9,92,131,70.2,28,78,35.9,0,0.5,0.5,12,22,9,2,38,363,313,45,11,2,2,19,14,11,227,5,8,18,11,10,6,2,6,14,42.9,8,18,4,14,6,24,26,0,505,63,150,225,136,37,505,14,10,71.4,4,28.6,206,1088,600,20,11,12,20,10,221,35,2,0,0,15,7,5,19,6,11,0,0,0,62,17,15,53.1,Liverpool,Southampton,February-1-2020
0,0,0,489,14,14,10,0.7,0.7,0.5,15,2,261,361,72.3,32,228,10,15,10,361,72.3,4415,2316,144,177,81.4,71,86,82.6,33,70,47.1,1,0.5,0.5,8,24,12,4,32,361,316,45,13,0,0,14,23,3,261,0,5,14,7,9,5,0,3,14,21.4,11,10,2,8,14,28,36,1,489,76,215,197,82,15,489,15,10,66.7,5,33.3,228,1271,643,10,9,2,17,11,260,32,1,0,0,7,12,0,14,14,7,0,0,0,53,26,10,72.2,0,0,0,771,16,9,5,2.4,2.4,0.8,26,2,544,671,81.1,56,444,34,14,11,671,81.1,9871,3178,242,280,86.4,243,274,88.7,51,84,60.7,1,0.8,0.8,9,47,10,3,56,671,613,57,7,0,14,33,36,7,544,1,13,16,11,5,10,1,5,15,33.3,10,5,1,4,9,25,14,0,771,57,182,329,267,28,771,14,11,78.6,3,21.4,444,2674,1560,34,30,5,14,11,544,56,1,0,0,12,6,1,33,9,11,0,0,0,54,10,26,27.8,Crystal Palace,Brighton,December-16-2019
0,0,1,417,16,12,7,0.3,0.3,0.3,11,2,205,296,69.3,22,173,16,18,11,296,69.3,3568,1553,117,129,90.7,64,85,75.3,23,72,31.9,1,0.3,0.4,5,21,4,0,22,296,240,55,14,1,1,15,22,6,205,1,3,16,8,9,3,4,8,21,38.1,13,7,1,6,12,28,31,0,417,70,143,156,122,25,417,18,11,61.1,7,38.9,173,1230,569,16,10,10,14,19,205,22,3,1,0,6,14,1,15,12,8,0,0,0,35,17,26,39.5,0,0,0,739,26,8,5,0.4,0.4,0.2,11,0,525,631,83.2,68,535,22,21,13,631,83.2,8871,2589,253,278,91.0,222,257,86.4,40,70,57.1,0,0.2,0.5,5,45,11,1,68,631,589,42,7,0,5,30,18,9,525,0,8,26,12,18,6,2,7,18,38.9,11,5,2,3,8,34,17,0,739,48,189,332,222,29,739,21,13,61.9,8,38.1,535,2910,1627,22,23,2,15,8,521,68,3,0,0,15,6,0,30,8,12,0,0,0,44,26,17,60.5,Crystal Palace,Bournemouth,December-3-2019
0,0,0,624,19,15,7,2.7,2.7,2.7,22,8,384,500,76.8,22,391,13,23,16,500,76.8,6407,2201,188,213,88.3,156,184,84.8,30,78,38.5,5,2.7,0.7,12,19,4,0,22,500,466,33,10,5,4,7,14,1,384,1,4,19,13,10,7,2,13,24,54.2,11,7,1,6,15,34,22,0,624,71,252,276,101,18,624,23,16,69.6,7,30.4,391,1774,763,13,11,7,14,8,378,21,1,0,0,12,7,1,7,15,13,0,0,0,58,23,26,46.9,0,0,0,635,15,7,7,0.9,0.9,0.6,11,0,401,530,75.7,29,361,12,24,11,530,75.7,7377,2678,172,203,84.7,176,212,83.0,45,86,52.3,0,0.6,0.6,5,21,4,3,29,530,479,49,13,0,2,18,24,1,401,2,6,15,7,6,7,2,7,23,30.4,16,7,3,4,7,22,10,0,635,51,163,350,130,13,635,24,11,45.8,13,54.2,361,1874,815,12,15,1,22,6,401,29,1,0,0,8,12,2,18,7,7,0,0,0,53,26,23,53.1,Tottenham,Burnley,December-7-2019
0,0,0,549,23,12,13,1.3,1.3,0.7,26,3,308,426,72.3,35,320,21,17,11,426,72.3,5660,2372,149,176,84.7,99,137,72.3,47,84,56.0,1,0.7,1.0,11,29,6,0,35,426,373,50,16,3,6,19,15,8,308,3,7,23,14,14,9,0,9,16,56.3,7,13,1,12,12,35,24,0,549,70,195,221,138,24,549,17,11,64.7,6,35.3,320,1731,902,21,9,10,17,12,302,34,1,0,0,16,13,3,19,12,14,0,0,0,60,12,15,44.4,0,0,0,658,18,8,8,1.1,1.1,1.1,22,2,422,540,78.1,61,411,30,16,7,540,78.1,6488,2479,232,262,88.5,137,173,79.2,33,64,51.6,1,1.1,0.7,11,36,12,1,61,540,481,56,19,1,3,22,21,2,422,3,12,18,13,6,12,0,6,17,35.3,11,8,3,5,8,26,25,0,658,75,172,305,190,26,658,16,7,43.8,9,56.3,411,2019,1113,30,20,8,21,14,421,61,2,0,0,13,16,3,22,8,13,0,0,0,55,15,12,55.6,Leicester City,Tottenham,September-21-2019
0,0,0,777,18,7,17,0.7,0.7,0.3,28,0,552,653,84.5,53,551,35,31,17,653,84.5,9209,2762,255,287,88.9,227,244,93.0,47,78,60.3,0,0.3,0.6,9,38,9,1,53,653,595,57,12,0,4,28,23,10,552,1,10,18,11,9,7,2,8,22,36.4,14,17,4,13,7,25,10,1,777,53,215,347,223,30,777,31,17,54.8,14,45.2,551,2973,1588,35,21,13,28,11,551,53,1,0,0,7,13,1,28,7,11,0,0,0,64,8,10,44.4,0,0,1,486,25,15,13,1.3,1.3,0.7,19,4,249,340,73.2,19,264,18,22,14,340,73.2,4176,1895,134,157,85.4,65,77,84.4,31,67,46.3,1,0.7,0.4,8,16,2,1,19,340,306,34,8,0,4,10,13,4,249,0,14,25,13,15,10,0,14,31,45.2,17,13,5,8,15,40,38,0,486,79,185,194,113,18,486,22,14,63.6,8,36.4,264,1491,732,18,18,5,15,10,244,18,4,1,1,13,7,0,10,15,13,0,0,0,67,10,8,55.6,Norwich City,Watford,November-8-2019
0,0,0,880,14,11,8,1.5,1.5,1.1,34,0,669,779,85.9,74,653,32,19,10,779,85.9,11373,3274,338,368,91.8,243,275,88.4,75,104,72.1,0,1.1,1.3,13,53,15,3,74,779,724,54,14,0,3,36,26,9,669,1,8,14,7,5,3,6,9,19,47.4,10,8,2,6,11,25,5,1,880,37,121,424,345,41,880,19,10,52.6,9,47.4,653,3858,2112,32,34,6,14,9,663,72,5,0,0,11,14,1,36,11,7,0,0,0,54,11,15,42.3,0,0,0,390,18,15,16,1.0,1.0,0.9,11,4,164,253,64.8,9,159,16,19,10,253,64.8,3067,1459,66,79,83.5,61,83,73.5,28,68,41.2,2,0.9,0.3,5,9,1,0,9,253,213,38,12,1,2,5,13,1,164,2,6,18,12,14,3,1,9,19,47.4,10,16,9,7,15,33,43,0,390,92,221,129,48,9,390,19,10,52.6,9,47.4,159,1143,649,16,15,6,12,5,162,9,2,0,0,14,11,2,5,15,12,0,0,0,51,15,11,57.7,Manchester City,Wolves,October-6-2019
0,0,1,609,21,10,8,1.8,1.8,1.7,34,0,345,486,71.0,45,255,17,22,16,486,71.0,6306,2485,165,202,81.7,130,159,81.8,46,99,46.5,0,1.7,1.1,16,29,8,1,45,486,429,54,7,0,4,33,27,12,345,3,13,21,11,15,5,1,6,26,23.1,20,8,1,7,10,31,27,0,609,56,188,237,189,28,609,22,16,72.7,6,27.3,255,1177,563,17,13,7,11,12,341,45,1,1,0,10,6,3,33,10,11,0,0,0,57,16,19,45.7,0,0,0,646,18,9,12,1.6,1.6,1.5,22,2,385,515,74.8,29,306,18,26,20,515,74.8,6406,2391,194,215,90.2,157,205,76.6,24,69,34.8,1,1.5,0.5,9,19,5,1,29,515,461,53,13,1,0,20,23,6,385,1,10,18,9,13,4,1,6,22,27.3,16,12,4,8,9,27,32,0,646,73,242,294,116,18,646,26,20,76.9,6,23.1,306,1667,779,18,18,5,13,15,384,29,1,0,0,7,10,1,20,9,9,0,0,0,59,19,16,54.3,Sheffield Utd,Southampton,September-14-2019
0,0,0,742,17,8,6,0.7,0.7,0.6,26,1,489,634,77.1,42,449,24,18,12,634,77.1,7703,2753,266,300,88.7,173,206,84.0,36,95,37.9,1,0.6,0.7,13,31,7,1,42,634,574,59,14,2,2,21,22,9,489,1,14,17,9,12,4,1,4,19,21.1,15,6,1,5,8,25,17,2,742,85,265,295,185,26,742,18,12,66.7,6,33.3,449,2359,1287,24,14,7,13,11,483,42,0,0,0,6,11,1,21,8,9,0,0,0,67,24,33,42.1,0,0,0,589,17,13,16,0.8,0.8,0.6,17,4,319,467,68.3,43,254,16,19,15,467,68.3,6018,2498,146,175,83.4,119,153,77.8,47,108,43.5,1,0.6,0.4,7,30,8,2,43,467,424,41,7,0,5,16,26,1,319,2,7,17,11,9,5,3,6,18,33.3,12,16,5,11,13,30,26,0,589,68,183,260,148,18,589,19,15,78.9,4,21.1,254,1378,662,16,9,6,11,13,316,43,4,0,0,12,6,2,16,13,11,0,0,0,77,33,24,57.9,Norwich City,Sheffield Utd,December-8-2019
0,0,0,472,14,12,12,0.8,0.8,0.6,17,0,265,352,75.3,26,268,11,26,18,352,75.3,4959,2136,117,134,87.3,106,132,80.3,34,66,51.5,0,0.6,0.6,6,22,5,1,26,352,310,41,9,3,1,11,21,3,265,1,7,14,10,10,4,0,2,14,14.3,12,12,4,8,12,26,24,0,472,65,204,183,91,9,472,26,18,69.2,8,30.8,268,1284,598,11,9,3,18,7,263,26,0,0,0,14,10,1,11,12,10,0,1,0,52,8,9,47.1,0,1,0,821,15,15,9,2.5,1.7,1.5,32,2,631,724,87.2,52,635,30,14,12,724,87.2,10584,2730,313,334,93.7,227,248,91.5,69,94,73.4,1,1.5,1.4,14,37,9,0,52,724,679,44,12,4,8,20,20,7,631,1,11,15,11,7,5,3,8,26,30.8,18,9,3,6,15,30,14,0,821,60,210,373,249,30,820,14,12,85.7,2,14.3,635,3334,1805,30,37,8,13,12,628,52,0,0,0,10,13,1,20,15,11,0,0,0,60,9,8,52.9,Leicester City,Manchester City,February-22-2020
0,0,0,496,20,7,12,2.0,2.0,2.0,29,0,282,393,71.8,27,252,15,13,7,393,71.8,5030,2180,126,150,84.0,106,130,81.5,36,81,44.4,0,2.0,1.5,15,30,10,7,27,393,339,50,11,0,2,38,25,5,282,4,12,20,14,8,9,3,9,20,45.0,11,12,5,7,7,27,20,0,496,44,90,264,147,25,496,13,7,53.8,6,46.2,252,1356,703,15,11,3,12,11,280,27,1,0,0,8,11,4,38,7,14,0,0,0,50,22,18,55.0,0,0,0,620,17,8,7,1.2,1.2,1.2,25,0,398,509,78.2,46,322,24,20,11,509,78.2,7270,2480,147,173,85.0,206,236,87.3,38,77,49.4,0,1.2,0.9,11,38,7,3,46,509,456,52,12,1,1,21,20,7,398,1,7,17,13,8,9,0,6,13,46.2,7,7,2,5,8,25,29,0,620,82,227,277,118,18,620,20,11,55.0,9,45.0,322,2158,1297,24,6,4,12,11,395,46,3,0,0,11,8,1,21,8,13,0,0,0,48,18,22,45.0,Burnley,Arsenal,February-2-2020
0,0,0,520,24,10,7,3.6,3.6,3.2,41,6,304,393,77.4,41,297,26,26,18,393,77.4,4887,1921,164,185,88.6,97,120,80.8,32,61,52.5,3,3.2,1.4,17,20,8,1,41,393,349,44,16,3,2,17,15,5,304,0,11,24,14,13,8,3,7,16,43.8,9,7,1,6,10,34,15,0,520,34,177,196,151,29,520,26,18,69.2,8,30.8,297,1984,1049,26,19,11,18,20,300,40,2,0,0,10,14,0,17,10,14,0,0,0,66,11,14,44.0,0,0,0,659,28,10,16,0.8,0.8,0.8,10,1,427,538,79.4,40,339,13,16,9,538,79.4,8048,2752,165,192,85.9,213,244,87.3,43,72,59.7,1,0.8,0.6,6,24,4,1,40,538,484,50,10,1,7,14,26,2,427,4,10,28,15,13,13,2,8,26,30.8,18,16,5,11,10,38,14,0,659,85,240,304,121,9,659,16,9,56.3,7,43.8,339,1942,1001,13,8,1,14,17,426,40,5,0,0,14,10,4,14,10,15,0,0,0,56,14,11,56.0,Manchester Utd,Brighton,November-10-2019
0,0,0,764,18,7,9,0.9,0.9,0.6,31,0,551,653,84.4,35,444,27,15,10,653,84.4,8702,2728,277,297,93.3,197,227,86.8,43,74,58.1,0,0.6,1.3,10,35,7,1,35,653,603,48,9,2,8,23,21,9,551,2,12,18,9,7,10,1,3,13,23.1,10,9,2,7,7,25,15,1,764,64,222,361,190,33,764,15,10,66.7,5,33.3,444,2451,1124,27,18,7,20,7,547,34,4,0,0,11,11,2,23,7,9,0,0,0,65,15,14,51.7,0,0,0,526,12,15,20,0.6,0.6,0.5,16,4,324,415,78.1,32,254,19,13,10,415,78.1,5160,1956,174,201,86.6,108,128,84.4,29,58,50.0,2,0.5,0.4,7,23,3,2,32,415,371,44,12,0,3,16,16,8,324,0,9,12,6,4,5,3,5,15,33.3,10,20,10,10,15,27,29,0,526,69,173,245,112,13,526,13,10,76.9,3,23.1,254,1432,708,19,9,5,15,15,324,32,3,0,0,11,9,0,16,15,6,0,0,0,59,14,15,48.3,Chelsea,Manchester Utd,February-17-2020
0,0,0,511,20,12,14,0.8,0.8,0.1,11,0,274,384,71.4,30,268,21,16,9,384,71.4,5011,2037,126,151,83.4,110,139,79.1,31,68,45.6,0,0.1,0.6,3,25,4,0,30,384,341,38,10,0,8,19,18,5,274,5,10,20,13,7,12,1,6,16,37.5,10,14,7,7,12,32,25,0,511,64,153,246,122,13,511,16,9,56.3,7,43.8,268,1570,804,21,18,3,21,9,268,29,5,0,0,14,6,5,19,12,13,0,0,0,55,12,15,44.4,0,0,0,666,16,15,9,1.0,1.0,0.8,27,0,448,557,80.4,40,471,26,16,10,557,80.4,8130,2782,195,223,87.4,190,219,86.8,57,91,62.6,0,0.8,0.3,11,29,6,1,40,557,502,52,17,1,1,25,17,10,448,3,10,16,9,10,5,1,7,16,43.8,9,9,1,8,15,31,23,1,666,65,267,279,128,15,666,16,10,62.5,6,37.5,471,2433,1341,26,17,3,11,14,446,40,3,0,0,8,14,3,25,15,9,0,0,0,50,15,12,55.6,Watford,Bournemouth,October-26-2019
0,0,0,736,15,11,15,1.8,1.8,1.7,30,4,501,615,81.5,43,499,20,15,9,615,81.5,9146,2809,221,249,88.8,206,241,85.5,64,95,67.4,2,1.7,1.5,12,27,11,4,43,615,564,50,9,4,6,24,25,6,501,1,12,15,9,9,5,1,4,12,33.3,8,15,2,13,11,26,21,0,736,53,195,370,178,24,736,15,9,60.0,6,40.0,499,2306,1190,20,16,5,18,3,499,43,1,0,0,13,10,1,24,11,9,0,0,0,56,27,18,60.0,0,0,0,624,9,11,12,1.5,1.5,0.2,15,2,390,504,77.4,20,379,10,12,8,504,77.4,6220,2154,193,220,87.7,130,152,85.5,37,74,50.0,0,0.2,0.2,3,17,5,1,20,504,458,46,14,0,2,18,20,4,390,0,19,9,5,4,5,0,6,15,40.0,9,12,2,10,11,20,28,0,624,67,228,291,112,15,624,12,8,66.7,4,33.3,379,1841,761,10,13,3,23,11,389,20,1,0,0,10,12,0,18,11,5,0,0,0,56,18,27,40.0,Everton,Newcastle Utd,January-21-2020
0,0,0,639,18,7,11,0.5,0.5,0.4,19,0,437,534,81.8,46,445,25,30,13,534,81.8,7294,2458,203,228,89.0,189,214,88.3,29,49,59.2,0,0.4,0.5,11,35,7,1,46,534,477,55,16,0,3,16,20,11,437,2,10,18,10,13,1,4,5,14,35.7,9,11,1,10,7,25,10,0,639,31,133,308,204,23,639,30,13,43.3,17,56.7,445,2421,1247,25,19,5,17,9,435,46,3,0,0,13,15,2,16,7,10,0,0,0,52,19,22,46.3,0,0,0,504,26,13,13,0.8,0.8,0.7,11,4,282,379,74.4,25,272,14,14,9,379,74.4,5053,2257,128,146,87.7,109,137,79.6,35,64,54.7,1,0.7,0.5,5,24,3,0,25,379,331,45,14,0,0,10,16,4,282,3,12,26,10,16,8,2,17,30,56.7,13,13,4,9,13,39,21,0,504,57,184,209,117,14,504,14,9,64.3,5,35.7,272,1376,606,14,15,4,15,13,278,25,2,0,0,15,12,3,10,13,10,0,0,0,47,22,19,53.7,Bournemouth,Crystal Palace,June-20-2020
0,0,0,507,21,14,14,0.9,0.9,0.6,14,5,220,392,56.1,16,214,8,15,14,392,56.1,4293,1939,96,132,72.7,84,146,57.5,31,84,36.9,2,0.6,0.4,7,10,4,3,16,392,329,58,13,0,2,14,36,2,220,5,9,21,12,13,8,0,5,11,45.5,6,14,3,11,14,35,14,0,507,55,154,269,89,14,507,15,14,93.3,1,6.7,214,977,477,8,3,2,20,6,218,15,0,0,0,6,11,5,14,14,12,0,0,0,51,22,22,50.0,0,0,0,556,7,10,10,1.2,1.2,0.9,16,0,273,439,62.2,33,230,13,11,6,439,62.2,4776,2018,141,179,78.8,93,137,67.9,33,96,34.4,0,0.9,1.3,5,23,6,2,33,439,372,66,10,0,5,10,34,7,273,1,12,7,5,2,4,1,1,15,6.7,14,10,1,9,10,17,18,1,556,45,147,298,117,27,556,11,6,54.5,5,45.5,230,1237,618,13,9,5,16,16,269,32,0,0,0,12,6,1,10,10,5,0,0,0,53,22,22,50.0,Burnley,Southampton,August-10-2019
0,1,0,512,25,13,9,2.6,1.8,1.6,27,0,256,391,65.5,34,203,17,21,11,391,65.5,4955,2422,119,153,77.8,90,131,68.7,41,76,53.9,0,1.6,0.7,11,26,10,4,34,391,340,49,14,0,2,25,22,3,256,2,10,25,7,15,6,4,10,26,38.5,16,9,6,3,13,38,12,0,512,44,140,191,185,37,511,21,11,52.4,10,47.6,203,1198,562,17,10,10,19,7,251,34,2,0,0,13,12,2,25,13,7,0,0,0,66,34,16,68.0,0,0,0,694,17,8,14,1.9,1.9,1.4,29,0,435,538,80.9,41,445,23,26,16,538,80.9,6805,2287,231,259,89.2,147,180,81.7,35,64,54.7,0,1.4,1.3,13,30,12,1,41,538,487,48,15,1,1,13,17,3,435,3,5,17,9,10,5,2,10,21,47.6,11,14,4,10,8,25,41,2,694,79,212,355,133,27,694,26,16,61.5,10,38.5,445,2121,1138,23,14,7,22,15,432,41,3,0,0,13,12,3,13,8,9,0,1,0,73,16,34,32.0,Watford,Tottenham,January-18-2020
1,1,0,527,16,8,10,1.3,0.5,0.5,21,2,315,411,76.6,38,294,12,18,10,411,76.6,5243,2043,170,195,87.2,108,130,83.1,28,58,48.3,0,0.5,0.5,11,23,6,3,38,411,381,30,4,0,2,17,16,1,315,0,9,16,6,7,5,4,6,20,30.0,14,10,4,6,8,24,20,0,527,55,148,250,132,22,526,18,10,55.6,8,44.4,294,1492,718,12,16,3,14,8,312,38,4,0,0,8,5,0,17,8,6,1,0,0,60,11,12,47.8,0,0,0,954,16,13,12,2.1,2.1,1.6,27,4,733,827,88.6,35,625,37,20,14,827,88.6,11376,3143,381,399,95.5,267,304,87.8,50,70,71.4,2,1.6,1.3,12,32,8,0,35,827,786,41,7,6,7,13,18,6,733,0,6,16,8,8,8,0,8,18,44.4,10,12,4,8,13,29,18,0,954,79,295,485,185,24,954,20,14,70.0,6,30.0,625,3318,1757,37,26,5,15,10,730,35,2,0,0,5,8,0,13,13,8,0,1,0,63,12,11,52.2,Watford,Chelsea,November-2-2019
0,0,0,469,22,8,12,1.0,1.0,0.5,14,4,282,370,76.2,35,238,19,9,6,370,76.2,4674,1576,134,151,88.7,125,149,83.9,18,53,34.0,1,0.5,0.6,6,18,8,1,35,370,326,44,12,2,5,25,15,10,282,0,9,22,15,14,5,3,12,20,60.0,8,12,4,8,8,30,25,1,469,77,187,152,134,17,469,9,6,66.7,3,33.3,238,1353,792,19,14,4,11,5,282,35,2,0,0,13,8,0,25,8,15,0,0,0,39,7,10,41.2,0,0,0,625,8,4,10,0.8,0.8,0.5,21,2,450,527,85.4,54,428,24,20,8,527,85.4,8514,2464,155,177,87.6,245,258,95.0,44,69,63.8,1,0.5,0.6,8,33,9,3,54,527,476,47,13,1,2,22,19,7,450,4,10,8,4,3,5,0,3,9,33.3,6,10,2,8,4,12,27,0,625,60,196,292,142,17,625,20,8,40.0,12,60.0,428,2431,1284,24,16,3,16,10,448,54,1,0,0,8,13,4,22,4,4,0,0,0,42,10,7,58.8,Brighton,Arsenal,June-20-2020
0,0,0,891,24,15,12,1.6,1.6,1.6,25,8,674,778,86.6,68,628,20,16,6,778,86.6,11822,3385,274,303,90.4,326,356,91.6,54,81,66.7,3,1.6,1.9,11,60,15,5,68,778,729,49,10,1,7,28,23,9,674,0,8,24,13,8,12,4,7,16,43.8,9,12,0,12,15,39,9,0,891,32,170,449,275,28,891,16,6,37.5,10,62.5,628,2579,1423,20,21,3,17,7,670,67,1,0,0,12,9,0,28,15,13,0,0,0,55,8,12,40.0,0,0,1,478,17,12,7,0.1,0.1,0.1,4,0,275,363,75.8,18,227,11,16,9,363,75.8,4843,2137,136,165,82.4,117,135,86.7,20,43,46.5,0,0.1,0.1,2,15,4,2,18,363,314,48,12,0,1,8,22,0,275,1,13,17,11,11,4,2,10,16,62.5,6,7,3,4,12,29,27,0,478,54,201,215,66,3,478,16,9,56.3,7,43.8,227,1224,570,11,10,1,24,17,273,18,1,1,0,9,11,1,8,12,11,0,0,1,48,12,8,60.0,Leicester City,Newcastle Utd,September-29-2019
0,0,0,675,16,16,8,0.6,0.6,0.6,20,0,491,573,85.7,40,442,20,6,2,573,85.7,8417,2768,237,258,91.9,199,215,92.6,43,73,58.9,0,0.6,0.8,9,24,4,2,40,573,531,41,7,0,8,11,16,1,491,1,9,16,5,9,5,2,10,23,43.5,13,8,0,8,16,32,17,0,675,77,267,309,103,13,675,6,2,33.3,4,66.7,442,2507,1283,20,12,3,15,8,484,40,1,0,0,9,6,1,11,16,5,0,0,0,45,10,16,38.5,0,0,0,602,12,9,9,3.6,3.6,3.4,35,7,422,517,81.6,60,413,18,23,13,517,81.6,7815,3051,170,188,90.4,188,220,85.5,53,87,60.9,3,3.4,2.2,17,40,13,4,60,517,476,41,10,1,4,20,14,6,422,0,9,12,8,3,8,1,4,6,66.7,2,9,3,6,9,21,11,0,602,45,153,288,167,30,602,23,13,56.5,10,43.5,413,1901,839,18,10,7,8,6,417,59,0,0,0,8,8,0,20,9,8,0,0,0,53,16,10,61.5,Norwich City,West Ham,July-11-2020
0,0,0,553,27,13,13,1.7,1.7,1.6,25,3,281,421,66.7,36,234,15,19,11,421,66.7,5198,2308,130,161,80.7,108,154,70.1,35,81,43.2,2,1.6,0.9,11,29,9,2,36,421,367,51,8,0,3,21,30,6,281,3,5,27,15,10,13,4,11,22,50.0,11,13,2,11,13,40,15,0,553,32,105,298,154,32,553,19,11,57.9,8,42.1,234,1217,492,15,15,7,13,4,275,34,1,0,0,12,7,3,21,13,15,0,0,0,65,26,26,50.0,0,0,0,751,12,12,9,0.9,0.9,0.8,17,2,492,620,79.4,28,473,14,22,11,620,79.4,8313,2815,231,266,86.8,201,235,85.5,45,77,58.4,1,0.8,0.5,9,24,6,2,28,620,555,64,15,1,4,7,40,1,492,1,11,12,7,9,3,0,8,19,42.1,11,9,4,5,12,24,29,1,751,104,325,306,126,15,751,22,11,50.0,11,50.0,473,2217,986,14,11,3,22,16,489,27,1,0,0,7,12,1,7,12,7,0,0,0,57,26,26,50.0,Southampton,Norwich City,December-4-2019
0,0,0,855,7,8,4,2.4,2.4,2.2,29,6,698,780,89.5,59,530,27,24,16,780,89.5,11224,3222,369,401,92.0,247,270,91.5,59,71,83.1,3,2.2,2.1,12,46,16,2,59,780,742,37,7,5,10,17,12,10,698,1,9,7,3,2,4,1,2,6,33.3,4,4,2,2,8,15,19,0,855,48,195,425,242,31,855,24,16,66.7,8,33.3,530,2986,1800,27,18,6,9,7,692,59,1,0,0,10,6,1,17,8,3,0,0,0,38,16,8,66.7,0,0,0,461,15,15,11,0.1,0.1,0.1,8,0,288,365,78.9,26,233,12,6,4,365,78.9,4975,1821,145,156,92.9,104,123,84.6,27,65,41.5,0,0.1,0.2,4,19,4,1,26,365,331,32,11,0,5,17,6,5,288,2,3,15,5,9,4,2,8,24,33.3,16,11,4,7,15,30,20,0,461,61,174,188,103,6,461,6,4,66.7,2,33.3,233,1187,574,12,14,2,7,5,283,26,0,0,0,6,10,2,17,15,5,0,0,0,36,8,16,33.3,Manchester Utd,Sheffield Utd,June-24-2020
0,0,0,569,20,14,12,2.2,2.2,1.5,24,2,308,411,74.9,38,244,12,20,9,411,74.9,5749,2172,150,171,87.7,102,126,81.0,48,88,54.5,0,1.5,1.1,10,22,3,2,38,411,357,54,12,0,7,21,31,8,308,0,10,20,11,11,6,3,10,20,50.0,10,12,2,10,14,34,38,0,569,53,177,195,200,22,569,20,9,45.0,11,55.0,244,1074,505,12,6,2,21,10,305,35,3,0,0,16,10,0,21,14,11,0,0,0,48,23,27,46.0,0,0,0,671,21,13,14,0.3,0.3,0.2,10,0,430,550,78.2,47,343,7,20,10,550,78.2,7966,2792,170,200,85.0,206,234,88.0,47,89,52.8,0,0.2,0.6,4,37,5,0,47,550,484,65,15,0,6,12,35,4,430,1,11,21,15,16,2,3,11,20,55.0,9,14,5,9,13,34,24,1,671,64,235,299,139,11,671,20,10,50.0,10,50.0,343,1698,785,7,11,1,15,10,426,47,1,0,0,11,16,1,12,13,15,0,0,0,38,27,23,54.0,Sheffield Utd,Crystal Palace,August-18-2019
0,0,0,787,15,15,13,2.2,2.2,1.5,24,0,519,659,78.8,60,473,26,8,5,659,78.8,9382,2683,208,249,83.5,248,287,86.4,50,87,57.5,0,1.5,1.2,10,41,13,6,60,659,606,50,14,2,7,42,19,9,519,3,11,15,7,6,5,4,7,16,43.8,9,13,8,5,15,30,28,1,787,74,198,369,225,33,787,8,5,62.5,3,37.5,473,2926,1599,26,24,6,16,4,517,60,1,0,0,9,14,3,42,15,7,0,0,0,60,31,25,55.4,0,0,0,497,7,19,16,1.0,1.0,0.7,17,2,219,342,64.0,24,259,12,16,9,342,64.0,3741,1626,121,146,82.9,76,108,70.4,21,71,29.6,1,0.7,0.4,8,18,4,0,24,342,291,50,12,1,3,16,27,4,219,1,7,7,5,6,1,0,3,8,37.5,5,16,8,8,19,26,50,0,497,97,239,153,110,23,497,16,9,56.3,7,43.8,259,1237,563,12,3,6,14,8,218,23,2,0,0,14,9,1,16,19,5,0,0,0,47,25,31,44.6,Chelsea,Bournemouth,December-14-2019
0,0,0,473,13,11,16,0.6,0.6,0.6,12,1,215,326,66.0,14,213,5,18,9,326,66.0,3804,1860,101,132,76.5,59,93,63.4,34,62,54.8,1,0.6,0.4,6,7,8,3,14,326,269,56,16,1,3,11,27,1,215,1,8,13,7,9,3,1,4,11,36.4,7,16,9,7,11,24,42,0,473,81,197,192,86,10,473,18,9,50.0,9,50.0,213,1038,438,5,7,0,25,6,214,14,1,0,0,9,13,1,11,11,7,0,0,0,46,28,20,58.3,0,0,0,825,15,18,8,2.4,2.4,1.7,37,0,590,717,82.3,74,487,36,11,7,717,82.3,9248,2633,285,329,86.6,226,259,87.3,36,60,60.0,0,1.7,1.6,15,62,16,3,74,717,665,50,9,0,4,34,24,10,590,2,9,15,10,5,7,3,9,18,50.0,9,8,0,8,18,33,8,0,825,28,102,392,339,37,825,11,7,63.6,4,36.4,487,3113,1711,36,30,9,19,9,588,74,1,0,0,14,9,2,34,18,10,0,0,0,56,20,28,41.7,Newcastle Utd,Chelsea,January-18-2020
1,1,0,802,20,12,10,2.7,1.9,1.7,38,3,561,689,81.4,66,545,26,17,6,689,81.4,10154,3237,251,278,90.3,235,277,84.8,65,102,63.7,0,1.7,1.3,16,45,17,6,66,689,636,53,13,0,8,34,22,8,561,0,15,20,15,2,15,3,6,13,46.2,7,10,2,8,12,32,9,0,802,51,148,404,255,38,801,17,6,35.3,11,64.7,545,2588,1365,26,22,4,22,5,560,66,3,0,0,9,11,0,34,12,15,1,0,0,60,22,16,57.9,0,0,0,477,16,10,17,1.2,1.2,0.6,21,1,224,341,65.7,19,229,11,13,7,341,65.7,3905,1713,111,139,79.9,79,110,71.8,26,63,41.3,0,0.6,0.3,8,16,5,1,19,341,292,45,8,2,0,11,23,3,224,4,9,16,9,8,8,0,11,17,64.7,6,17,5,12,10,26,38,2,477,95,221,181,83,17,477,13,7,53.8,6,46.2,229,1213,587,11,8,3,15,14,222,18,3,0,0,11,7,4,11,10,9,0,1,0,52,16,22,42.1,Liverpool,Tottenham,October-27-2019
0,0,0,581,19,8,4,1.4,1.4,1.2,22,2,335,491,68.2,36,211,17,15,9,491,68.2,5583,2218,168,204,82.4,99,135,73.3,43,93,46.2,1,1.2,0.9,10,32,6,3,36,491,446,42,7,0,3,25,22,7,335,3,5,19,14,8,8,3,10,28,35.7,18,4,0,4,8,27,15,2,581,40,141,299,146,16,581,15,9,60.0,6,40.0,211,1205,673,17,7,5,7,10,328,34,1,0,0,11,5,3,25,8,14,0,0,0,70,40,37,51.9,0,0,0,664,16,14,7,0.7,0.7,0.3,10,0,407,560,72.7,39,309,21,28,18,560,72.7,6925,2745,191,230,83.0,171,212,80.7,33,80,41.3,0,0.3,0.6,4,27,3,2,39,560,496,63,12,1,4,19,32,3,407,1,8,16,12,8,8,0,6,15,40.0,9,7,4,3,14,30,19,2,664,62,197,355,118,11,664,28,18,64.3,10,35.7,309,1537,774,21,14,2,15,9,402,39,0,0,0,6,11,1,19,14,12,0,0,0,62,37,40,48.1,Sheffield Utd,West Ham,January-10-2020
0,0,0,539,12,10,16,0.8,0.8,0.6,25,4,313,400,78.3,21,317,29,19,13,400,78.3,5118,1807,157,174,90.2,118,144,81.9,28,58,48.3,2,0.6,0.4,11,19,3,1,21,400,362,37,10,0,1,16,14,7,313,1,5,12,7,7,2,3,4,14,28.6,10,16,9,7,10,22,36,0,539,91,224,202,121,21,539,19,13,68.4,6,31.6,317,1867,1026,29,14,9,13,10,312,21,2,0,0,8,10,1,16,10,7,0,1,0,52,11,15,42.3,1,1,0,711,16,9,6,2.0,1.2,0.5,27,2,497,609,81.6,60,398,23,14,10,609,81.6,9168,3093,194,222,87.4,226,256,88.3,60,89,67.4,0,0.5,1.0,8,43,12,2,60,609,551,58,8,1,0,37,28,12,497,0,9,16,7,7,7,2,6,19,31.6,13,6,2,4,9,25,14,0,711,57,189,309,217,44,710,14,10,71.4,4,28.6,398,1959,1041,23,8,9,16,8,494,60,1,0,0,10,7,0,37,9,7,0,0,0,47,15,11,57.7,Norwich City,Arsenal,December-1-2019
0,0,0,512,27,17,11,0.6,0.6,0.4,16,2,307,406,75.6,43,304,24,14,7,406,75.6,5473,1929,141,174,81.0,117,141,83.0,42,71,59.2,1,0.4,0.6,6,40,6,1,43,406,368,37,6,0,3,19,20,4,307,1,7,27,16,11,13,3,14,26,53.8,12,11,3,8,17,44,10,0,512,34,100,210,205,25,512,14,7,50.0,7,50.0,304,1497,761,24,18,6,9,5,305,43,2,0,0,12,6,1,19,17,16,0,0,0,53,12,18,40.0,0,0,0,819,12,9,8,1.4,1.4,1.3,17,6,617,717,86.1,42,494,29,26,12,717,86.1,11034,3176,245,265,92.5,303,332,91.3,55,81,67.9,3,1.3,0.8,8,25,6,1,42,717,665,52,13,4,4,9,26,3,617,0,8,12,7,11,0,1,7,14,50.0,7,8,3,5,9,21,18,1,819,96,347,335,144,20,819,26,12,46.2,14,53.8,494,3038,1624,29,21,9,11,13,613,42,0,0,0,6,12,0,9,9,7,0,0,0,54,18,12,60.0,West Ham,Arsenal,December-9-2019
0,0,0,778,15,10,12,3.0,3.0,2.3,53,4,574,661,86.8,75,554,35,17,9,661,86.8,9889,2943,258,283,91.2,233,251,92.8,57,79,72.2,2,2.3,1.7,22,47,18,4,75,661,622,36,5,4,10,31,12,13,574,3,14,15,7,3,6,6,5,20,25.0,15,12,0,12,10,25,10,0,778,40,118,383,283,48,778,17,9,52.9,8,47.1,554,2882,1778,35,26,14,9,9,569,75,1,0,0,14,4,3,31,10,7,0,0,0,61,15,8,65.2,0,0,0,649,17,6,22,0.1,0.1,0.1,6,4,449,539,83.3,12,297,10,20,15,539,83.3,7444,2208,225,249,90.4,194,208,93.3,24,57,42.1,2,0.1,0.3,3,9,2,0,12,539,489,49,16,0,2,5,17,2,449,1,12,17,10,11,6,0,8,17,47.1,9,22,12,10,6,23,26,1,649,143,401,217,40,5,649,20,15,75.0,5,25.0,297,1566,821,10,3,2,16,10,447,12,0,0,0,4,13,1,5,6,10,0,0,0,39,8,15,34.8,Manchester City,Tottenham,August-17-2019
0,0,0,456,14,11,12,0.9,0.9,0.8,12,0,216,360,60.0,19,211,11,10,6,360,60.0,3788,1942,113,136,83.1,76,113,67.3,23,81,28.4,0,0.8,0.4,6,15,0,0,19,360,306,49,16,3,0,13,18,6,216,5,9,14,10,8,5,1,8,18,44.4,10,12,6,6,11,25,21,2,456,62,149,227,87,7,456,10,6,60.0,4,40.0,211,1079,607,11,9,3,14,7,214,19,0,0,0,10,15,5,13,11,10,0,0,1,57,21,23,47.7,0,0,0,706,11,9,8,1.0,1.0,0.8,27,3,469,617,76.0,52,475,28,18,10,617,76.0,8209,2747,204,238,85.7,197,243,81.1,48,102,47.1,2,0.8,0.6,12,30,11,0,52,617,566,50,15,2,5,18,22,4,469,1,6,11,6,4,4,3,4,10,40.0,6,8,1,7,9,20,20,1,706,68,231,331,151,21,706,18,10,55.6,8,44.4,475,2206,1285,28,19,5,12,6,464,52,0,0,0,16,10,1,18,9,6,0,0,0,61,23,21,52.3,Burnley,Liverpool,August-31-2019
1,1,0,729,13,9,10,2.8,2.0,1.7,35,6,514,635,80.9,53,469,31,13,6,635,80.9,8943,2811,243,276,88.0,206,240,85.8,50,82,61.0,2,1.7,1.1,14,38,17,5,53,635,575,54,8,2,9,27,31,10,514,6,9,13,8,7,5,1,1,11,9.1,10,10,4,6,9,22,10,0,729,52,200,330,202,36,728,13,6,46.2,7,53.8,469,2429,1357,31,15,9,11,6,512,52,0,0,0,7,4,6,27,9,8,1,0,0,47,14,19,42.4,0,0,0,440,13,9,12,0.9,0.9,0.2,11,0,228,338,67.5,12,194,9,11,10,338,67.5,4091,1619,107,131,81.7,99,120,82.5,20,66,30.3,0,0.2,0.2,2,10,2,0,12,338,289,43,9,1,3,10,17,3,228,6,8,13,6,9,3,1,7,13,53.8,6,12,6,6,9,22,25,1,440,73,167,196,80,7,440,11,10,90.9,1,9.1,194,1061,511,9,7,1,12,12,225,12,3,0,0,4,7,6,10,9,6,0,1,0,38,19,14,57.6,Chelsea,Burnley,January-11-2020
0,0,0,415,16,15,10,2.2,2.2,1.6,17,5,211,295,71.5,29,239,13,17,4,295,71.5,4143,2232,98,111,88.3,72,92,78.3,37,79,46.8,3,1.6,1.9,7,21,7,2,29,295,256,37,11,0,0,6,13,2,211,2,4,16,4,11,4,1,8,19,42.1,11,10,2,8,15,31,33,0,415,70,158,162,98,18,415,17,4,23.5,13,76.5,239,1203,495,13,15,5,16,6,210,29,2,0,0,10,9,2,6,15,4,0,1,0,59,19,15,55.9,1,1,0,814,19,5,8,1.6,0.8,0.7,32,4,613,712,86.1,63,567,40,19,11,712,86.1,9792,3088,298,325,91.7,266,296,89.9,31,51,60.8,0,0.7,0.9,13,56,14,7,63,712,670,40,10,2,6,29,19,3,613,2,13,19,11,10,7,2,13,17,76.5,4,8,4,4,5,24,10,0,814,46,180,393,245,39,813,19,11,57.9,8,42.1,567,3554,1950,40,26,7,11,8,606,61,1,0,0,9,10,2,29,5,11,1,0,0,57,15,19,44.1,West Ham,Chelsea,July-1-2020
0,0,0,779,19,12,8,1.2,1.2,1.2,19,2,554,658,84.2,42,530,21,15,7,658,84.2,9273,3029,265,290,91.4,221,252,87.7,52,84,61.9,1,1.2,0.9,9,34,15,1,42,658,606,50,8,0,6,18,26,5,554,2,8,19,7,6,10,3,8,30,26.7,22,8,3,5,12,31,17,1,779,53,180,431,171,29,779,15,7,46.7,8,53.3,530,2602,1326,21,19,3,20,15,552,41,1,0,0,7,2,2,18,12,7,0,0,0,58,18,26,40.9,0,0,0,509,23,10,10,0.5,0.5,0.3,18,0,284,400,71.0,28,211,21,30,22,400,71.0,5265,2138,135,158,85.4,96,122,78.7,39,79,49.4,0,0.3,0.3,6,18,3,2,28,400,342,53,8,0,3,18,24,6,284,5,8,23,12,11,6,6,8,15,53.3,7,10,3,7,10,33,21,0,509,50,169,248,96,10,509,30,22,73.3,8,26.7,211,1401,713,21,13,2,12,11,280,28,0,0,0,3,5,5,18,10,12,0,0,0,50,26,18,59.1,Liverpool,Wolves,December-29-2019
0,0,0,642,20,10,11,0.7,0.7,0.7,8,2,361,506,71.3,34,354,17,18,9,506,71.3,6392,2295,140,176,79.5,172,219,78.5,36,81,44.4,1,0.7,0.7,5,23,2,1,34,506,441,62,18,2,0,11,33,2,361,3,6,20,13,12,8,0,9,18,50.0,9,11,2,9,10,30,23,2,642,67,237,307,100,11,642,18,9,50.0,9,50.0,354,1630,861,17,3,4,22,14,359,34,0,0,0,9,17,3,11,10,13,0,0,0,64,20,27,42.6,0,0,0,496,23,13,5,2.2,2.2,1.5,25,4,213,374,57.0,31,179,8,18,9,374,57.0,3616,1800,106,152,69.7,72,119,60.5,26,70,37.1,2,1.5,0.9,12,19,5,3,31,374,315,57,11,1,5,17,34,4,213,2,11,23,16,13,9,1,9,18,50.0,9,5,0,5,13,36,11,0,496,41,114,263,127,19,496,18,9,50.0,9,50.0,179,1037,479,8,10,1,16,11,208,30,3,0,0,17,8,2,17,13,16,0,0,0,58,27,20,57.4,Leicester City,Southampton,January-11-2020
1,1,0,503,12,12,11,1.9,1.1,1.1,17,1,283,407,69.5,26,245,7,7,3,407,69.5,5441,2293,126,157,80.3,103,126,81.7,45,102,44.1,0,1.1,0.6,8,25,8,2,26,407,359,47,8,0,3,16,24,3,283,1,8,12,6,6,3,3,6,22,27.3,16,11,3,8,12,24,25,1,503,59,146,256,104,18,502,7,3,42.9,4,57.1,245,1060,516,7,6,2,10,5,277,25,0,0,0,10,7,1,16,12,6,0,0,0,52,28,27,50.9,0,0,0,562,9,13,9,1.2,1.2,1.0,27,1,340,458,74.2,41,301,26,22,16,458,74.2,6414,2393,148,176,84.1,137,161,85.1,47,92,51.1,0,1.0,0.9,10,24,5,1,41,458,409,48,11,1,6,20,21,8,340,1,11,9,7,5,3,1,4,7,57.1,3,9,3,6,13,22,22,0,562,48,170,256,142,21,562,22,16,72.7,6,27.3,301,1824,953,26,24,9,15,6,335,41,0,0,0,8,9,1,20,13,7,0,1,0,52,27,28,49.1,Burnley,Wolves,July-15-2020
0,0,0,677,7,5,8,2.2,2.2,2.1,36,2,450,586,76.8,46,316,20,8,3,586,76.8,8485,3066,180,203,88.7,194,228,85.1,58,107,54.2,1,2.1,2.7,16,49,11,9,46,586,530,54,10,2,6,45,29,8,450,2,8,7,2,3,4,0,5,10,50.0,5,8,2,6,5,12,12,2,677,41,114,367,200,30,677,8,3,37.5,5,62.5,316,1954,848,20,15,3,13,8,449,46,1,0,0,12,9,2,45,5,2,0,0,0,50,34,30,53.1,0,0,0,475,13,3,9,1.3,1.3,0.9,21,4,240,360,66.7,22,182,13,10,5,360,66.7,4472,1927,115,144,79.9,91,123,74.0,32,72,44.4,1,0.9,0.7,9,18,5,1,22,360,309,50,14,0,2,13,17,4,240,1,6,13,9,6,7,0,5,8,62.5,3,9,6,3,3,16,35,1,475,80,208,178,96,14,475,10,5,50.0,5,50.0,182,1162,614,13,11,4,11,2,239,21,1,0,0,10,12,1,13,3,9,0,0,0,48,30,34,46.9,Burnley,Aston Villa,January-1-2020
0,0,0,1026,17,15,8,2.4,2.4,1.7,35,7,815,928,87.8,76,732,29,16,7,928,87.8,13506,3383,399,441,90.5,321,352,91.2,71,93,76.3,3,1.7,1.7,11,89,21,4,76,928,895,33,4,3,9,20,18,6,815,0,9,17,10,5,8,4,4,14,28.6,10,8,0,8,15,32,1,1,1026,18,104,628,299,42,1026,16,7,43.8,9,56.3,732,3254,1670,29,27,7,20,11,809,76,0,0,0,7,5,0,20,15,10,0,0,0,67,16,11,59.3,0,0,0,468,20,16,12,0.1,0.1,0.1,3,0,251,347,72.3,8,285,4,14,10,347,72.3,4182,1695,138,158,87.3,88,113,77.9,21,61,34.4,0,0.1,0.0,2,7,1,0,8,347,304,42,7,0,0,0,14,0,251,1,6,20,13,14,6,0,9,16,56.3,7,12,4,8,16,36,37,1,468,104,267,176,33,0,468,14,10,71.4,4,28.6,285,1230,416,4,9,0,12,13,250,8,0,0,0,5,7,1,0,16,13,0,0,0,55,11,16,40.7,Liverpool,Crystal Palace,June-24-2020
0,0,0,819,23,8,5,2.5,2.5,1.9,42,5,565,692,81.6,51,543,32,27,16,692,81.6,9174,3008,277,306,90.5,235,272,86.4,36,80,45.0,3,1.9,1.6,21,45,17,6,51,692,639,51,11,0,4,38,19,16,565,2,5,23,16,8,7,8,14,34,41.2,20,5,1,4,8,31,22,0,819,46,147,410,268,49,819,27,16,59.3,11,40.7,543,2729,1598,32,22,9,17,8,559,51,0,0,0,4,9,2,38,8,16,0,0,0,67,23,25,47.9,0,0,0,451,19,14,12,0.7,0.7,0.6,13,4,195,313,62.3,26,186,12,34,20,313,62.3,3632,1945,101,124,81.5,57,90,63.3,32,78,41.0,2,0.6,0.6,4,20,7,3,26,313,262,49,6,3,3,25,14,8,195,2,7,19,11,14,5,0,11,27,40.7,16,12,8,4,14,33,42,1,451,85,204,157,98,18,451,34,20,58.8,14,41.2,186,1231,621,12,11,4,11,9,193,26,3,0,0,10,4,2,25,14,11,0,0,0,60,25,23,52.1,Liverpool,West Ham,February-24-2020
0,0,0,633,18,13,6,1.8,1.8,1.1,22,1,411,532,77.3,38,433,14,17,8,532,77.3,7071,2202,188,217,86.6,179,212,84.4,35,80,43.8,0,1.1,0.4,7,28,4,0,38,532,472,59,18,0,3,14,27,3,411,1,12,18,13,13,3,2,9,15,60.0,6,6,1,5,13,31,15,0,633,46,217,295,124,16,633,17,8,47.1,9,52.9,433,1941,968,14,19,2,13,5,406,37,2,0,0,10,17,1,14,13,13,0,0,0,51,13,20,39.4,0,0,0,584,14,14,14,1.4,1.4,0.5,12,1,362,476,76.1,30,252,5,15,6,476,76.1,6328,2134,162,183,88.5,146,170,85.9,38,94,40.4,0,0.5,0.8,5,32,7,2,30,476,423,52,11,3,1,18,27,4,362,1,7,14,11,7,5,2,9,17,52.9,8,14,2,12,14,28,16,0,584,50,171,257,161,11,584,15,6,40.0,9,60.0,252,1062,449,5,6,0,11,9,361,29,1,0,0,19,9,1,18,14,11,0,0,0,53,20,13,60.6,Bournemouth,Sheffield Utd,August-10-2019
0,0,0,681,29,14,10,2.8,2.8,2.1,25,5,455,546,83.3,29,439,15,16,6,546,83.3,7452,2751,254,270,94.1,153,186,82.3,39,63,61.9,3,2.1,1.1,12,27,5,3,29,546,500,45,9,1,1,11,27,3,455,1,15,29,17,14,15,0,9,23,39.1,14,10,1,9,14,43,24,0,681,46,201,361,127,16,681,16,6,37.5,10,62.5,439,1865,929,15,17,3,23,8,453,28,2,0,0,18,7,1,11,14,17,0,0,0,58,21,24,46.7,0,0,0,604,18,7,19,0.8,0.8,0.7,14,0,389,502,77.5,32,409,13,23,14,502,77.5,7002,2809,191,217,88.0,144,176,81.8,46,82,56.1,0,0.7,0.6,5,35,5,3,32,502,439,62,18,1,8,20,26,7,389,1,14,18,8,6,10,2,10,16,62.5,6,19,5,14,7,25,5,3,604,44,165,331,115,12,604,23,14,60.9,9,39.1,409,1965,915,13,6,1,20,20,385,31,1,0,0,8,18,1,20,7,8,0,0,0,53,24,21,53.3,Leicester City,Crystal Palace,July-4-2020
1,1,0,570,6,11,11,2.5,1.7,0.6,12,4,336,475,70.7,38,298,16,18,12,475,70.7,6146,2618,151,188,80.3,143,175,81.7,36,82,43.9,1,0.6,0.6,6,33,4,3,38,475,424,47,12,0,4,15,26,2,336,4,12,6,6,1,5,0,1,6,16.7,5,11,5,6,11,17,25,2,570,63,178,267,131,18,569,18,12,66.7,6,33.3,298,1728,787,16,8,4,16,11,334,37,2,0,0,11,10,4,15,11,6,1,0,0,71,18,23,43.9,0,0,1,702,17,15,12,1.5,1.5,0.4,22,2,464,594,78.1,45,388,16,6,5,594,78.1,7870,3011,229,249,92.0,177,226,78.3,45,87,51.7,0,0.4,0.5,9,27,13,1,45,594,532,61,15,1,6,18,28,6,464,1,11,17,10,6,9,2,6,18,33.3,12,12,2,10,15,32,15,2,702,55,235,321,149,24,702,6,5,83.3,1,16.7,388,1709,826,16,15,5,20,5,464,45,1,1,0,12,11,1,18,15,10,0,1,1,61,23,18,56.1,Bournemouth,Leicester City,July-12-2020
0,0,0,406,16,10,8,0.6,0.6,0.5,14,1,216,303,71.3,19,182,19,7,7,303,71.3,4368,1917,92,108,85.2,76,102,74.5,41,73,56.2,1,0.5,0.3,7,10,6,2,19,303,254,48,20,0,3,24,13,8,216,1,8,16,9,11,3,2,4,8,50.0,4,8,3,5,10,26,34,0,406,72,157,152,103,17,406,7,7,100.0,0,0.0,182,1153,639,19,10,3,13,3,214,19,2,0,0,13,19,1,24,10,9,0,0,0,39,15,15,50.0,0,0,0,742,3,5,5,0.6,0.6,0.4,13,0,566,669,84.6,59,527,25,8,4,669,84.6,9504,2438,263,299,88.0,234,266,88.0,47,68,69.1,0,0.4,0.6,5,40,7,1,59,669,614,54,14,0,5,33,24,9,566,1,8,3,3,2,1,0,0,7,0.0,7,5,1,4,5,8,22,0,742,56,209,357,177,19,742,8,4,50.0,4,50.0,527,2851,1591,25,18,4,10,12,563,59,4,0,0,19,13,1,33,5,3,0,0,0,37,15,15,50.0,Aston Villa,Arsenal,July-21-2020
0,0,0,509,22,11,14,0.6,0.6,0.4,18,2,288,389,74.0,25,298,19,21,16,389,74.0,5174,2026,133,158,84.2,107,131,81.7,37,69,53.6,1,0.4,0.4,7,16,7,3,25,389,333,54,14,2,7,16,20,6,288,2,8,22,17,10,7,5,8,17,47.1,9,14,7,7,11,33,24,0,509,63,194,203,123,19,509,21,16,76.2,5,23.8,298,1770,935,19,14,5,18,10,286,25,1,0,0,13,15,2,16,11,17,0,0,0,48,9,12,42.9,0,0,0,626,15,9,10,1.3,1.3,0.8,34,0,423,522,81.0,46,418,24,17,9,522,81.0,7603,2532,179,207,86.5,176,205,85.9,53,81,65.4,0,0.8,1.0,13,32,9,1,46,522,467,55,15,1,5,22,27,7,423,0,8,15,4,7,5,3,5,21,23.8,16,10,4,6,9,24,12,1,626,47,193,234,208,28,626,17,9,52.9,8,47.1,418,2119,1218,24,17,8,15,14,422,46,2,0,0,16,13,0,22,9,4,0,0,0,56,12,9,57.1,Norwich City,Leicester City,February-28-2020
0,0,0,427,13,10,10,0.8,0.8,0.6,6,0,207,331,62.5,22,161,6,11,9,331,62.5,3829,1751,118,143,82.5,52,74,70.3,32,84,38.1,0,0.6,0.6,3,20,8,1,22,331,273,54,14,0,1,21,20,5,207,4,8,13,9,12,1,0,5,15,33.3,10,10,4,6,10,23,26,0,427,71,154,158,119,15,427,11,9,81.8,2,18.2,161,801,355,6,6,3,9,6,205,21,4,0,0,13,13,4,21,10,9,0,1,0,46,22,20,52.4,0,1,0,762,8,11,7,2.8,2.0,2.0,35,2,554,656,84.5,44,547,31,15,10,656,84.5,9496,2857,262,289,90.7,213,245,86.9,59,80,73.8,1,2.0,1.4,16,24,9,2,44,656,601,54,14,1,8,27,23,13,554,1,9,8,5,6,2,0,2,11,18.2,9,7,1,6,11,19,25,0,762,61,229,363,177,32,761,15,10,66.7,5,33.3,547,3190,1866,31,28,7,8,8,552,44,3,0,0,13,12,1,27,11,5,1,0,0,45,20,22,47.6,Sheffield Utd,Manchester City,January-21-2020
0,0,0,635,11,11,11,1.8,1.8,1.8,20,2,435,548,79.4,38,363,20,24,19,548,79.4,8297,3290,170,197,86.3,188,221,85.1,63,99,63.6,1,1.8,1.4,9,26,6,4,38,548,509,37,10,1,4,23,14,2,435,2,9,11,6,5,5,1,5,18,27.8,13,11,6,5,11,22,7,3,635,58,227,296,118,19,635,24,19,79.2,5,20.8,363,1949,1020,20,14,6,21,6,431,36,0,0,0,6,11,2,23,11,6,0,0,0,68,19,11,63.3,0,0,0,727,11,11,10,1.2,1.2,0.6,22,4,522,628,83.1,34,496,30,18,13,628,83.1,8356,2665,259,285,90.9,186,215,86.5,45,80,56.3,2,0.6,0.4,8,27,4,3,34,628,596,32,7,1,9,12,14,4,522,0,5,11,6,6,4,1,5,24,20.8,19,10,2,8,11,22,21,0,727,68,163,447,123,17,727,18,13,72.2,5,27.8,496,2636,1572,30,15,5,14,6,521,34,1,0,0,11,4,0,12,11,6,0,0,0,57,11,19,36.7,Wolves,Liverpool,January-23-2020
0,0,0,454,12,17,12,0.2,0.2,0.2,5,0,275,366,75.1,20,239,8,11,4,366,75.1,4561,1996,116,136,85.3,102,118,86.4,30,59,50.8,0,0.2,0.3,3,15,6,1,20,366,327,33,4,1,2,7,10,2,275,6,8,12,7,7,5,0,6,25,24.0,19,12,6,6,17,29,18,1,454,77,213,175,69,8,454,11,4,36.4,7,63.6,239,1147,533,8,9,1,11,9,273,20,1,0,0,7,1,6,7,17,7,0,0,0,50,10,10,50.0,0,0,0,935,16,12,8,4.5,4.5,4.4,48,9,754,846,89.1,54,557,25,25,19,846,89.1,13092,3794,339,365,92.9,318,344,92.4,75,97,77.3,4,4.4,2.4,22,48,12,1,54,846,801,44,12,2,10,21,20,7,754,1,9,16,13,5,6,5,7,11,63.6,4,8,0,8,12,28,9,0,935,60,253,443,246,36,935,25,19,76.0,6,24.0,557,2856,1397,25,18,8,7,6,752,54,0,0,0,3,7,1,21,12,13,0,0,0,54,10,10,50.0,Brighton,Manchester City,July-11-2020
0,0,1,560,16,15,7,0.8,0.8,0.8,21,0,329,450,73.1,40,274,22,20,11,450,73.1,6386,2530,126,148,85.1,165,199,82.9,34,82,41.5,0,0.8,1.0,12,22,7,0,40,450,393,56,10,1,8,18,30,8,329,1,14,16,10,9,5,2,5,16,31.3,11,7,3,4,15,31,10,0,560,58,195,226,141,30,560,20,11,55.0,9,45.0,274,1567,838,22,16,9,17,10,327,39,1,1,0,9,10,1,18,15,10,0,0,0,62,24,14,63.2,0,0,0,544,19,4,15,2.1,2.1,2.0,21,4,318,429,74.1,31,261,27,16,11,429,74.1,5303,1944,161,186,86.6,121,155,78.1,29,68,42.6,2,2.0,0.6,10,19,4,0,31,429,383,46,8,1,5,7,22,5,318,0,4,19,12,14,4,1,9,20,45.0,11,15,3,12,4,23,24,0,544,59,159,267,124,17,544,16,11,68.8,5,31.3,261,1719,1088,27,15,4,17,11,317,31,3,0,0,10,9,0,7,4,12,0,0,0,56,14,24,36.8,Brighton,Southampton,August-24-2019
0,0,0,539,16,13,12,2.1,2.1,2.0,24,4,304,427,71.2,30,321,9,15,11,427,71.2,5213,1782,155,182,85.2,94,122,77.0,41,90,45.6,2,2.0,1.6,11,24,4,0,30,427,393,33,7,2,6,19,13,5,304,1,6,16,9,1,13,2,4,12,33.3,8,12,7,5,13,29,17,1,539,43,112,300,136,21,539,15,11,73.3,4,26.7,321,1394,622,9,15,3,17,9,299,29,3,0,0,7,7,1,19,13,9,0,0,0,77,19,16,54.3,0,0,0,849,13,11,7,0.9,0.9,0.6,29,6,616,734,83.9,41,543,28,12,8,734,83.9,9582,3020,333,368,90.5,214,253,84.6,45,71,63.4,3,0.6,0.5,12,32,12,3,41,734,685,49,7,0,2,16,22,6,616,0,6,13,5,6,7,0,4,15,26.7,11,7,3,4,11,24,22,0,849,78,280,414,160,24,849,12,8,66.7,4,33.3,543,2509,1352,28,19,9,15,12,613,41,2,0,0,8,7,0,16,11,5,0,0,0,60,16,19,45.7,Burnley,Chelsea,October-26-2019
0,0,0,546,13,19,13,2.0,2.0,1.3,22,2,286,403,71.0,35,314,18,13,5,403,71.0,4902,2250,144,169,85.2,105,135,77.8,29,69,42.0,1,1.3,0.4,8,23,7,1,35,403,353,49,15,1,4,13,21,4,286,1,13,13,7,4,8,1,6,16,37.5,10,13,5,8,19,32,37,0,546,79,208,204,141,23,546,13,5,38.5,8,61.5,314,1573,686,18,13,7,22,10,283,34,4,0,0,14,12,1,13,19,7,0,0,0,56,14,6,70.0,0,0,0,665,18,12,15,0.8,0.8,0.7,29,0,411,545,75.4,37,341,20,16,10,545,75.4,6889,2219,186,217,85.7,174,208,83.7,35,84,41.7,0,0.7,0.8,14,27,8,2,37,545,480,61,15,2,1,23,27,10,411,4,13,18,11,9,7,2,8,13,61.5,5,15,3,12,12,30,12,0,665,50,179,306,183,16,665,16,10,62.5,6,37.5,341,1887,1025,20,20,4,21,7,409,37,3,0,0,12,13,4,23,12,11,0,0,0,57,6,14,30.0,Bournemouth,Manchester Utd,November-2-2019
0,0,0,398,15,10,11,0.7,0.7,0.7,9,0,186,281,66.2,19,174,14,20,8,281,66.2,3272,1615,94,120,78.3,64,84,76.2,20,56,35.7,0,0.7,0.4,4,10,2,0,19,281,226,55,15,1,2,13,22,4,186,0,9,15,9,6,8,1,6,11,54.5,5,11,2,9,10,25,21,2,398,67,173,167,63,9,398,20,8,40.0,12,60.0,174,1076,576,14,10,2,24,5,182,18,1,0,0,8,12,0,13,10,9,0,0,0,45,10,22,31.3,0,0,0,994,17,11,8,2.9,2.9,1.7,29,5,782,872,89.7,55,533,18,11,5,872,89.7,13539,3682,363,387,93.8,346,373,92.8,59,76,77.6,2,1.7,1.5,12,66,11,0,55,872,835,34,7,0,3,11,20,5,782,3,11,17,9,2,12,3,12,20,60.0,8,8,1,7,11,28,16,0,994,34,149,616,232,28,994,11,5,45.5,6,54.5,533,2166,1062,18,14,3,21,9,779,55,1,0,0,12,8,3,11,11,9,0,0,0,53,22,10,68.8,Newcastle Utd,Leicester City,January-1-2020
0,0,0,732,26,10,12,2.2,2.2,1.7,42,0,483,604,80.0,68,419,27,17,12,604,80.0,9030,2965,196,240,81.7,223,251,88.8,54,83,65.1,0,1.7,1.0,18,43,10,2,68,604,552,51,12,0,6,33,26,8,483,1,9,26,15,16,8,2,6,11,54.5,5,12,3,9,10,36,15,1,732,52,185,340,214,32,732,17,12,70.6,5,29.4,419,2415,1259,27,14,5,14,18,483,68,2,0,0,8,9,1,33,10,15,0,0,0,57,30,18,62.5,0,0,0,458,23,9,9,2.5,2.5,2.2,21,2,214,326,65.6,17,193,14,11,5,326,65.6,3487,1721,115,141,81.6,66,94,70.2,24,58,41.4,1,2.2,1.2,9,10,5,0,17,326,264,59,9,1,0,12,32,7,214,3,9,23,13,17,3,3,5,17,29.4,12,9,5,4,9,32,37,1,458,73,184,179,99,20,458,11,5,45.5,6,54.5,193,1043,563,14,10,5,18,20,213,17,1,0,0,9,8,3,12,9,13,0,0,0,52,18,30,37.5,Brighton,Crystal Palace,February-29-2020
0,0,0,693,12,9,8,0.8,0.8,0.8,27,3,474,580,81.7,34,423,32,20,14,580,81.7,7982,2501,225,254,88.6,191,211,90.5,44,73,60.3,2,0.8,0.8,14,21,13,2,34,580,518,57,12,5,5,17,20,10,474,5,8,12,7,5,6,1,6,10,60.0,4,8,4,4,9,21,30,0,693,90,278,235,187,26,693,20,14,70.0,6,30.0,423,2686,1413,32,22,11,14,10,471,33,2,0,0,13,9,5,17,9,7,0,0,0,42,20,20,50.0,0,0,0,410,16,6,9,1.5,1.5,0.9,30,1,178,282,63.1,16,158,12,10,4,282,63.1,3537,1686,82,102,80.4,65,88,73.9,27,75,36.0,0,0.9,1.0,12,17,8,5,16,282,233,48,18,0,2,30,14,7,178,1,7,16,11,4,9,3,6,20,30.0,14,9,3,6,6,22,27,0,410,55,120,138,156,34,410,10,4,40.0,6,60.0,158,861,432,12,9,2,12,6,173,16,1,0,0,11,11,1,30,6,11,0,0,0,44,20,20,50.0,Arsenal,Burnley,August-17-2019
0,0,0,718,13,9,15,1.3,1.3,0.4,19,4,505,625,80.8,53,413,12,9,6,625,80.8,8999,2951,225,252,89.3,229,265,86.4,47,85,55.3,2,0.4,0.6,7,32,6,1,53,625,584,40,10,0,2,15,20,3,505,1,13,13,7,4,8,1,5,21,23.8,16,15,5,10,9,22,13,1,718,76,207,365,148,18,718,9,6,66.7,3,33.3,413,2176,1131,12,13,3,12,6,503,53,3,0,0,10,7,1,15,9,7,0,0,0,59,17,19,47.2,0,0,0,488,9,10,14,1.5,1.5,1.3,21,3,284,393,72.3,27,229,20,21,16,393,72.3,5068,2139,132,152,86.8,99,128,77.3,39,74,52.7,2,1.3,1.2,9,15,8,2,27,393,341,49,11,2,3,10,20,4,284,3,12,9,5,5,4,0,3,9,33.3,6,14,3,11,10,19,13,4,488,51,152,228,114,27,488,21,16,76.2,5,23.8,229,1187,698,20,12,10,16,8,278,26,0,0,0,7,9,3,10,10,5,0,0,0,56,19,17,52.8,Brighton,Wolves,December-8-2019
0,0,0,716,19,5,6,1.7,1.7,1.5,15,8,497,621,80.0,26,410,11,15,14,621,80.0,8503,2949,219,257,85.2,207,238,87.0,48,86,55.8,3,1.5,1.0,7,23,6,2,26,621,568,53,13,1,6,12,21,6,497,0,11,19,8,6,9,4,8,19,42.1,11,6,0,6,5,24,16,0,716,64,229,359,136,19,716,15,14,93.3,1,6.7,410,1893,857,11,14,3,22,8,491,24,1,0,0,8,9,0,12,5,8,0,0,0,56,15,11,57.7,0,0,0,721,9,7,11,2.8,2.8,1.8,19,5,504,619,81.4,43,518,16,19,11,619,81.4,9447,2979,221,240,92.1,203,250,81.2,75,108,69.4,2,1.8,1.2,8,36,6,3,43,619,582,34,8,0,8,19,15,0,504,3,8,9,4,4,3,2,1,15,6.7,14,11,1,10,7,16,16,0,721,74,281,322,126,14,721,19,11,57.9,8,42.1,518,2222,1065,16,13,2,18,11,504,43,0,0,0,11,8,3,19,7,4,0,0,0,66,11,15,42.3,Liverpool,Chelsea,July-22-2020
0,0,0,428,18,11,19,0.9,0.9,0.9,21,0,218,320,68.1,16,218,21,17,11,320,68.1,3530,1399,112,133,84.2,63,80,78.8,28,74,37.8,0,0.9,0.6,11,15,3,0,16,320,275,45,11,1,2,19,18,5,218,0,12,18,11,11,6,1,6,12,50.0,6,19,6,13,11,29,23,0,428,60,152,189,98,19,428,17,11,64.7,6,35.3,218,1478,862,21,11,8,12,8,217,16,2,0,0,12,8,0,19,11,11,0,0,0,53,19,18,51.4,0,0,0,881,14,11,12,1.4,1.4,1.3,30,0,670,773,86.7,61,509,19,12,6,773,86.7,11720,3742,310,338,91.7,293,318,92.1,56,83,67.5,0,1.3,1.1,15,49,7,1,61,773,725,45,12,1,4,17,21,3,670,3,14,14,7,9,4,1,6,17,35.3,11,12,2,10,11,25,16,0,881,75,216,481,189,27,881,12,6,50.0,6,50.0,509,2816,1423,19,14,9,16,12,668,60,1,0,0,8,12,3,17,11,7,0,0,0,48,18,19,48.6,Newcastle Utd,Brighton,September-21-2019
0,0,0,670,19,15,16,1.5,1.5,0.5,19,3,468,556,84.2,30,343,22,19,13,556,84.2,8898,2780,191,214,89.3,198,223,88.8,67,93,72.0,0,0.5,0.5,8,24,10,3,30,556,511,45,15,0,8,15,20,1,468,0,8,19,10,15,3,1,9,28,32.1,19,16,3,13,15,34,16,0,670,77,283,267,125,27,670,19,13,68.4,6,31.6,343,2225,1337,22,13,7,17,6,467,30,2,0,0,11,15,0,15,15,10,0,0,0,50,7,9,43.8,0,0,0,679,12,10,7,0.7,0.7,0.6,17,0,493,590,83.6,42,382,24,28,19,590,83.6,7204,2215,269,294,91.5,167,188,88.8,26,51,51.0,0,0.6,0.9,8,35,3,0,42,590,540,50,10,2,2,16,27,4,493,0,14,12,5,5,4,3,6,19,31.6,13,7,1,6,10,22,8,1,679,48,155,341,187,18,679,28,19,67.9,9,32.1,382,2287,1399,24,29,10,13,10,493,42,0,0,0,15,11,0,16,10,5,0,0,0,50,9,7,56.3,Arsenal,Manchester Utd,January-1-2020
0,0,0,717,13,7,8,2.6,2.6,2.2,40,5,538,626,85.9,52,439,36,26,18,626,85.9,9754,2659,226,255,88.6,229,250,91.6,68,86,79.1,3,2.2,2.0,19,62,8,5,52,626,575,51,13,5,8,34,26,3,538,0,7,13,7,6,4,3,8,17,47.1,9,8,1,7,7,20,2,0,717,28,126,359,235,35,717,26,18,69.2,8,30.8,439,2592,1537,36,23,10,16,8,535,52,0,0,0,7,12,0,34,7,7,0,1,0,46,21,18,53.8,0,1,1,498,16,14,8,1.5,0.6,0.5,13,3,301,382,78.8,18,252,11,17,9,382,78.8,5185,1868,141,157,89.8,130,149,87.2,24,54,44.4,1,0.5,0.2,4,15,1,0,18,382,348,33,5,1,1,2,12,1,301,1,7,16,6,10,5,1,8,26,30.8,18,8,6,2,14,30,37,2,498,87,215,221,69,10,497,17,9,52.9,8,47.1,252,1422,814,11,12,5,7,5,300,18,1,1,0,13,7,1,2,14,6,1,0,0,40,18,21,46.2,Wolves,Manchester City,December-27-2019
0,0,0,581,16,11,11,0.1,0.1,0.1,6,0,367,463,79.3,27,367,11,19,11,463,79.3,6267,2436,162,194,83.5,159,178,89.3,32,58,55.2,0,0.1,0.1,2,23,2,0,27,463,413,44,10,1,1,13,18,2,367,6,5,16,11,11,5,0,5,23,21.7,18,11,2,9,11,27,38,3,581,98,279,208,99,8,581,19,11,57.9,8,42.1,367,1537,735,11,11,6,26,2,364,27,1,0,0,5,7,6,13,11,11,0,1,0,53,11,13,45.8,1,1,0,749,10,8,4,3.3,2.5,2.1,26,7,540,655,82.4,39,415,27,23,18,655,82.4,9380,3102,252,278,90.6,205,238,86.1,62,95,65.3,3,2.1,1.7,13,37,15,10,39,655,605,47,10,2,13,33,25,8,540,3,11,10,8,5,3,2,8,19,42.1,11,4,1,3,8,18,17,0,749,45,180,376,200,30,748,23,18,78.3,5,21.7,415,2153,1088,27,30,5,20,11,538,39,1,0,0,7,4,3,33,8,8,0,0,0,63,13,11,54.2,Leicester City,Liverpool,December-26-2019
0,0,0,592,15,11,8,0.9,0.9,0.6,26,2,381,490,77.8,32,327,24,17,8,490,77.8,6701,2304,184,212,86.8,146,173,84.4,46,75,61.3,1,0.6,0.7,11,29,2,0,32,490,434,54,14,1,4,19,22,8,381,2,12,15,6,4,7,4,8,16,50.0,8,8,2,6,11,26,8,1,592,55,163,279,153,25,592,17,8,47.1,9,52.9,327,1913,1129,24,12,10,11,10,378,32,4,0,0,18,12,2,19,11,6,0,0,0,49,10,10,50.0,0,0,0,525,19,8,16,1.9,1.9,1.4,16,1,304,408,74.5,30,240,19,16,8,408,74.5,5634,2096,143,163,87.7,112,137,81.8,40,77,51.9,1,1.4,0.9,7,23,6,1,30,408,346,58,19,5,7,20,19,7,304,4,7,19,11,6,8,5,9,17,52.9,8,16,6,10,8,27,16,0,525,69,188,200,144,21,525,16,8,50.0,8,50.0,240,1348,701,19,13,7,15,7,303,30,2,0,0,13,17,4,20,8,11,0,0,0,49,10,10,50.0,Manchester Utd,Arsenal,September-30-2019
0,0,0,520,25,14,15,0.6,0.6,0.5,11,2,277,401,69.1,28,228,11,17,8,401,69.1,4646,1738,140,168,83.3,92,126,73.0,32,78,41.0,1,0.5,0.7,3,20,5,2,28,401,347,51,23,0,3,13,21,1,277,3,4,25,16,9,13,3,13,20,65.0,7,15,1,14,14,39,12,0,520,46,160,242,120,17,520,17,8,47.1,9,52.9,228,1178,518,11,8,3,20,8,276,28,2,0,0,14,22,3,13,14,16,0,0,0,65,13,11,54.2,0,0,1,655,17,9,6,1.4,1.4,0.4,11,2,414,539,76.8,34,329,7,20,7,539,76.8,7523,2633,176,207,85.0,188,223,84.3,43,73,58.9,1,0.4,0.4,3,29,6,0,34,539,473,65,16,0,2,10,33,4,414,1,15,17,10,9,5,3,9,17,52.9,8,6,2,4,9,26,19,0,655,72,230,301,128,18,655,20,7,35.0,13,65.0,329,1908,1034,7,10,4,22,12,412,34,3,1,0,22,14,1,10,9,10,0,0,0,56,11,13,45.8,Crystal Palace,Arsenal,January-11-2020
0,0,0,605,6,11,14,3.1,3.1,2.0,45,4,399,495,80.6,49,366,36,25,20,495,80.6,6870,2377,187,207,90.3,172,201,85.6,32,65,49.2,2,2.0,1.0,17,35,12,5,49,495,447,47,14,0,4,31,15,7,399,1,7,6,2,3,1,2,2,10,20.0,8,14,7,7,11,17,16,0,605,66,147,226,244,40,605,25,20,80.0,5,20.0,366,2625,1529,36,23,11,11,6,396,49,1,0,0,9,17,1,31,11,2,0,0,0,55,8,16,33.3,0,0,1,626,11,10,12,1.2,1.2,1.1,36,2,423,512,82.6,53,318,29,10,8,512,82.6,7494,2823,179,199,89.9,211,235,89.8,30,62,48.4,1,1.1,1.1,17,26,12,2,53,512,470,42,10,1,2,17,12,5,423,0,7,11,8,7,3,1,5,25,20.0,20,12,6,6,10,21,29,0,626,107,250,223,158,28,626,10,8,80.0,2,20.0,318,2079,1291,29,21,7,9,4,417,51,4,1,1,17,9,0,17,10,8,0,0,0,52,16,8,66.7,Aston Villa,Brighton,October-19-2019
0,0,0,858,16,14,6,2.4,2.4,1.5,25,3,654,761,85.9,27,560,22,21,16,761,85.9,10976,3094,318,350,90.9,264,289,91.3,57,94,60.6,0,1.5,1.0,9,29,2,2,27,761,715,44,10,5,9,14,20,3,654,2,4,16,7,11,4,1,8,15,53.3,7,6,1,5,14,30,18,1,858,64,303,416,144,17,858,21,16,76.2,5,23.8,560,3044,1479,22,15,7,11,10,650,26,0,0,0,6,11,2,14,14,7,0,0,1,52,19,23,45.2,0,0,0,570,15,17,6,1.1,1.1,1.1,16,2,360,465,77.4,42,279,16,15,7,465,77.4,6825,2516,160,183,87.4,146,169,86.4,50,88,56.8,1,1.1,0.8,7,29,5,1,42,465,427,38,8,1,7,14,18,4,360,0,8,15,10,9,5,1,5,21,23.8,16,6,3,3,17,32,24,2,570,63,188,275,110,10,570,15,7,46.7,8,53.3,279,1229,566,16,9,0,8,8,358,42,1,0,0,11,6,0,14,17,10,0,0,0,55,23,19,54.8,Chelsea,Sheffield Utd,August-31-2019
0,0,0,467,17,11,22,0.5,0.5,0.4,14,0,199,354,56.2,40,191,8,8,3,354,56.2,4234,2347,77,117,65.8,78,123,63.4,41,92,44.6,0,0.4,1.0,8,30,12,3,40,354,290,62,12,1,0,31,31,12,199,2,12,17,7,4,11,2,6,16,37.5,10,22,4,18,11,28,11,0,467,47,129,205,136,25,467,8,3,37.5,5,62.5,191,861,412,8,9,1,14,17,194,40,2,0,0,12,11,2,31,11,7,0,1,0,47,37,41,47.4,0,1,0,601,22,10,12,2.5,1.7,1.6,27,4,306,451,67.8,33,264,21,16,10,451,67.8,5703,2452,139,171,81.3,120,160,75.0,41,84,48.8,2,1.6,0.9,12,21,11,2,33,451,399,51,13,1,4,13,24,6,306,1,18,22,12,14,6,2,5,8,62.5,3,12,4,8,10,32,49,1,601,87,243,241,123,29,600,16,10,62.5,6,37.5,264,1412,706,21,7,7,8,11,305,33,2,0,0,11,11,1,13,10,12,0,0,0,43,41,37,52.6,Bournemouth,Southampton,July-19-2020
0,0,0,561,21,13,9,0.8,0.8,0.8,19,2,284,410,69.3,29,284,22,23,14,410,69.3,4673,1901,131,156,84.0,106,145,73.1,26,75,34.7,1,0.8,0.8,10,14,7,1,29,410,361,47,17,3,1,17,15,8,284,2,4,21,11,11,8,2,9,13,69.2,4,9,5,4,13,34,33,0,561,90,234,200,138,22,561,23,14,60.9,9,39.1,284,1625,962,22,13,5,12,13,283,29,4,0,0,12,16,2,17,13,11,0,0,0,64,31,32,49.2,0,0,0,633,22,6,8,0.6,0.6,0.3,17,0,376,522,72.0,42,353,19,13,4,522,72.0,5809,2448,205,246,83.3,116,162,71.6,30,64,46.9,0,0.3,0.5,7,28,11,2,42,522,466,55,14,1,0,29,25,8,376,1,7,22,11,10,10,2,9,23,39.1,14,8,4,4,6,28,18,0,633,43,151,298,188,24,633,13,4,30.8,9,69.2,353,1593,875,19,16,3,16,12,373,42,4,0,0,16,11,1,29,6,11,0,0,0,63,32,31,50.8,Crystal Palace,Watford,March-7-2020
1,1,0,722,18,13,9,3.7,2.9,2.3,39,3,509,602,84.6,48,437,27,15,6,602,84.6,8235,2703,228,260,87.7,221,250,88.4,33,58,56.9,1,2.3,1.5,17,29,11,2,48,602,553,48,14,2,5,12,19,5,509,1,2,18,9,8,7,3,6,13,46.2,7,9,3,6,13,31,15,0,722,62,212,320,194,32,721,15,6,40.0,9,60.0,437,2525,1357,27,16,8,15,12,507,48,2,0,0,5,11,1,12,13,9,1,0,0,53,10,9,52.6,0,0,0,670,21,14,12,0.6,0.6,0.6,14,0,443,543,81.6,39,323,17,13,7,543,81.6,8004,2459,192,216,88.9,200,226,88.5,48,83,57.8,0,0.6,0.4,7,20,3,1,39,543,509,32,6,2,10,13,16,2,443,2,6,21,12,11,8,2,9,15,60.0,6,12,10,2,14,35,24,2,670,102,305,268,102,14,670,13,7,53.8,6,46.2,323,1895,943,17,9,3,19,12,435,38,3,0,0,13,5,2,13,14,12,0,1,0,55,9,10,47.4,Chelsea,Brighton,September-28-2019
0,0,0,495,15,7,10,0.5,0.5,0.5,10,0,299,409,73.1,25,311,14,14,9,409,73.1,4991,1954,148,170,87.1,102,130,78.5,33,75,44.0,0,0.5,0.3,6,22,5,1,25,409,368,41,8,1,7,22,22,5,299,0,13,15,9,6,7,2,10,23,43.5,13,10,3,7,7,22,15,0,495,42,150,234,115,10,495,14,9,64.3,5,35.7,311,1649,741,14,12,3,13,13,297,25,1,0,0,8,7,0,22,7,9,0,0,0,42,19,23,45.2,0,0,0,663,18,10,14,1.0,1.0,1.0,20,4,447,557,80.3,43,320,17,23,13,557,80.3,8576,2712,188,223,84.3,183,203,90.1,70,104,67.3,2,1.0,0.9,9,31,12,4,43,557,510,46,8,0,10,19,26,7,447,1,7,18,11,10,7,1,5,14,35.7,9,14,3,11,10,28,20,0,663,57,200,330,137,22,663,23,13,56.5,10,43.5,320,1819,1015,17,12,3,12,5,443,43,1,0,0,7,7,1,19,10,11,0,0,0,37,23,19,54.8,West Ham,Wolves,June-20-2020
1,1,0,647,11,10,9,0.9,0.1,0.1,8,2,428,558,76.7,36,315,17,17,13,558,76.7,7798,2730,181,207,87.4,205,244,84.0,38,83,45.8,0,0.1,0.2,2,20,4,0,36,558,497,60,18,0,4,14,29,1,428,1,12,11,7,7,4,0,6,15,40.0,9,9,4,5,10,21,11,3,647,51,204,333,115,11,646,17,13,76.5,4,23.5,315,1957,953,17,12,3,18,5,423,36,3,0,0,10,14,1,14,10,7,1,0,0,53,24,18,57.1,0,0,0,535,9,13,12,1.4,1.4,0.7,22,0,307,418,73.4,39,239,14,15,9,418,73.4,5241,2012,136,157,86.6,144,175,82.3,19,63,30.2,0,0.7,0.9,10,21,7,0,39,418,378,38,10,1,1,9,18,3,307,2,6,9,4,2,4,3,4,17,23.5,13,12,0,12,13,22,19,0,535,50,136,300,104,17,535,15,9,60.0,6,40.0,239,1360,688,14,11,5,18,5,306,39,2,0,0,17,9,2,9,13,4,0,1,0,56,18,24,42.9,Wolves,Southampton,October-19-2019
0,0,0,545,22,17,13,1.6,1.6,1.4,32,2,297,401,74.1,37,265,22,18,14,401,74.1,5249,2473,135,163,82.8,115,141,81.6,38,69,55.1,0,1.4,1.5,14,20,6,0,37,401,349,52,12,1,0,16,26,7,297,0,12,22,13,7,12,3,13,28,46.4,15,13,3,10,17,39,16,0,545,47,151,263,139,31,545,18,14,77.8,4,22.2,265,1559,890,22,19,6,22,12,295,36,2,0,0,15,10,0,16,17,13,0,0,0,56,22,13,62.9,0,0,1,612,16,14,12,0.2,0.2,0.2,15,0,373,494,75.5,24,379,18,28,15,494,75.5,6073,2161,180,209,86.1,121,145,83.4,42,86,48.8,0,0.2,0.2,6,12,6,2,24,494,440,51,15,0,5,17,18,5,373,3,11,16,7,7,9,0,4,18,22.2,14,12,1,11,14,30,15,0,612,72,231,274,112,14,612,28,15,53.6,13,46.4,379,1884,1043,18,14,4,14,9,372,24,6,1,0,11,14,3,17,14,7,0,0,0,53,13,22,37.1,Crystal Palace,Newcastle Utd,February-22-2020
0,0,0,792,9,8,8,2.3,2.3,1.0,29,2,589,700,84.1,47,584,36,21,13,700,84.1,9538,3171,288,318,90.6,242,271,89.3,39,68,57.4,1,1.0,0.8,12,51,12,2,47,700,659,38,9,2,4,19,11,9,589,3,8,9,4,5,4,0,5,14,35.7,9,8,1,7,8,17,12,0,792,45,191,418,191,23,792,21,13,61.9,8,38.1,584,2899,1592,36,23,6,10,13,583,47,2,0,0,12,7,3,19,8,4,0,0,0,57,22,21,51.2,0,0,0,496,21,12,6,1.3,1.3,1.3,17,0,280,390,71.8,31,280,15,14,9,390,71.8,5777,2532,118,140,84.3,111,148,75.0,48,81,59.3,0,1.3,1.2,10,36,4,2,31,390,342,46,14,1,9,16,10,4,280,2,9,21,11,17,4,0,8,21,38.1,13,6,0,6,12,33,24,1,496,65,170,216,114,11,496,14,9,64.3,5,35.7,280,1534,714,15,10,1,11,4,279,31,2,0,0,7,12,2,16,12,11,0,0,1,51,21,22,48.8,Tottenham,West Ham,June-23-2020
1,1,1,615,12,8,3,2.5,1.7,1.2,37,4,427,513,83.2,60,412,30,19,13,513,83.2,7255,2526,219,240,91.3,153,179,85.5,44,66,66.7,0,1.2,1.0,16,43,12,1,60,513,463,48,12,1,4,20,16,9,427,2,8,12,6,8,2,2,6,21,28.6,15,3,2,1,8,20,20,0,615,66,174,224,222,38,614,19,13,68.4,6,31.6,412,2650,1681,30,14,11,12,14,426,60,7,1,1,13,14,2,20,8,6,1,0,0,43,8,5,61.5,0,0,0,482,20,12,12,1.5,1.5,1.3,26,4,281,365,77.0,44,289,26,21,15,365,77.0,5201,2201,125,146,85.6,120,143,83.9,28,64,43.8,2,1.3,1.1,11,20,9,2,44,365,323,42,14,0,3,25,8,4,281,0,1,20,9,12,3,5,6,19,31.6,13,12,5,7,12,32,21,1,482,75,179,183,132,17,482,21,15,71.4,6,28.6,289,2014,1153,26,29,5,8,6,279,43,1,0,0,15,13,0,25,12,9,0,1,0,44,5,8,38.5,Arsenal,Aston Villa,September-22-2019
0,0,0,552,24,10,15,1.0,1.0,0.8,26,2,305,438,69.6,43,225,27,27,20,438,69.6,5165,2261,162,205,79.0,91,125,72.8,40,74,54.1,1,0.8,0.9,12,28,10,4,43,438,388,48,7,1,4,17,30,5,305,2,15,24,14,8,11,5,9,20,45.0,11,15,3,12,10,34,18,0,552,54,138,281,140,22,552,27,20,74.1,7,25.9,225,1503,848,27,17,3,14,4,304,43,4,0,0,16,4,2,17,10,14,0,1,0,58,25,14,64.1,0,1,0,700,11,16,17,2.5,1.7,1.5,25,4,460,579,79.4,44,453,18,20,11,579,79.4,7821,2769,211,234,90.2,198,223,88.8,37,84,44.0,2,1.5,0.9,9,26,9,2,44,579,515,61,16,3,4,17,31,5,460,3,13,11,6,8,3,0,7,27,25.9,20,17,5,12,16,27,13,0,700,56,227,340,138,21,699,20,11,55.0,9,45.0,453,2085,846,18,17,4,24,15,458,44,1,0,0,4,16,3,17,16,6,1,0,0,55,14,25,35.9,West Ham,Leicester City,December-28-2019
0,0,0,475,15,10,15,1.9,1.9,1.6,18,0,220,348,63.2,24,196,10,11,10,348,63.2,3958,1638,107,138,77.5,77,105,73.3,28,80,35.0,0,1.6,0.9,8,16,4,2,24,348,295,49,7,1,5,19,26,5,220,4,6,15,8,6,7,2,8,18,44.4,10,15,2,13,10,25,30,1,475,53,132,215,129,22,475,11,10,90.9,1,9.1,196,970,477,10,8,5,14,6,219,24,2,0,0,10,4,4,19,10,8,0,0,0,51,15,19,44.1,0,0,0,707,7,10,9,1.3,1.3,1.2,26,4,450,590,76.3,36,443,24,18,10,590,76.3,8357,2741,195,227,85.9,185,228,81.1,60,95,63.2,2,1.2,0.6,12,32,10,2,36,590,525,64,13,4,9,24,29,9,450,1,16,7,2,2,4,1,1,11,9.1,10,9,4,5,10,17,30,2,707,70,244,306,160,19,707,18,10,55.6,8,44.4,443,2211,1088,24,14,7,15,7,444,35,1,0,0,6,9,1,24,10,2,0,0,0,52,19,15,55.9,Southampton,Liverpool,August-17-2019
0,0,0,489,17,14,11,0.3,0.3,0.2,10,2,279,385,72.5,31,217,15,21,9,385,72.5,4756,1774,130,155,83.9,99,128,77.3,32,73,43.8,1,0.2,0.4,5,22,3,1,31,385,342,42,9,0,5,13,20,4,279,1,5,17,9,13,3,1,8,15,53.3,7,11,3,8,14,31,17,0,489,51,175,220,99,19,489,21,9,42.9,12,57.1,217,1241,560,15,9,8,15,11,277,31,2,0,0,17,6,1,13,14,9,0,1,0,59,10,20,33.3,0,1,0,807,23,5,5,1.2,0.4,0.2,18,2,606,711,85.2,41,429,23,15,7,711,85.2,10031,3095,303,334,90.7,216,234,92.3,61,92,66.3,1,0.2,0.5,5,38,11,1,41,711,666,44,16,0,9,17,17,6,606,1,11,23,15,8,12,3,12,21,57.1,9,5,1,4,5,28,16,0,807,55,171,449,190,19,806,15,7,46.7,8,53.3,429,2246,1138,23,20,2,17,9,603,41,2,0,0,8,17,1,17,5,15,1,0,0,57,20,10,66.7,Wolves,Manchester Utd,August-19-2019
0,0,0,595,13,7,11,0.5,0.5,0.2,23,0,395,494,80.0,31,405,13,11,7,494,80.0,7072,2285,177,194,91.2,177,203,87.2,35,72,48.6,0,0.2,0.4,6,26,5,1,31,494,435,57,18,0,4,14,25,5,395,2,10,13,7,3,8,2,0,7,0.0,7,11,4,7,7,20,26,0,595,56,184,271,146,12,595,11,7,63.6,4,36.4,405,1988,923,13,13,3,16,6,393,31,3,0,0,14,17,2,14,7,7,0,0,0,31,11,22,33.3,0,0,0,546,10,10,13,0.5,0.5,0.3,18,0,357,456,78.3,40,252,15,7,7,456,78.3,7060,2336,113,130,86.9,191,218,87.6,45,78,57.7,0,0.3,0.2,5,28,3,0,40,456,405,49,15,1,2,22,16,6,357,2,10,10,8,5,5,0,4,11,36.4,7,13,4,9,10,20,23,0,546,55,168,277,109,7,546,7,7,100.0,0,0.0,252,1573,939,15,11,1,17,13,356,40,2,0,0,18,14,2,22,10,8,0,0,1,34,22,11,66.7,Tottenham,Everton,July-6-2020
1,1,0,685,18,4,9,2.4,1.6,1.4,29,2,428,579,73.9,55,288,12,13,12,579,73.9,8075,2837,192,225,85.3,171,205,83.4,60,116,51.7,0,1.4,1.3,12,37,8,3,55,579,528,47,8,0,12,31,24,9,428,4,13,18,8,13,5,0,10,16,62.5,6,9,1,8,4,22,10,0,685,34,181,316,191,26,684,13,12,92.3,1,7.7,288,1545,744,12,9,4,25,6,421,55,0,0,0,11,8,4,31,4,8,1,0,0,67,34,26,56.7,0,0,0,556,7,8,16,0.6,0.6,0.4,10,2,285,423,67.4,21,218,11,16,6,423,67.4,5067,1953,127,161,78.9,101,139,72.7,36,86,41.9,1,0.4,0.2,3,22,3,0,21,423,374,48,12,0,2,10,24,1,285,1,8,7,3,2,5,0,1,13,7.7,12,16,6,10,8,15,30,0,556,80,203,263,93,15,556,16,6,37.5,10,62.5,218,1301,618,11,8,7,25,8,282,21,3,0,0,8,11,1,10,8,3,0,1,0,48,26,34,43.3,Sheffield Utd,Watford,December-26-2019
0,0,0,863,13,9,3,2.8,2.8,2.3,43,4,640,750,85.3,97,632,58,21,15,750,85.3,10358,3126,306,333,91.9,253,290,87.2,50,74,67.6,2,2.3,3.8,19,58,26,7,97,750,701,49,7,3,4,58,20,14,640,0,8,13,6,4,4,5,6,20,30.0,14,3,1,2,9,22,3,0,863,32,118,364,385,64,863,21,15,71.4,6,28.6,632,3700,2206,58,26,11,20,12,634,96,1,0,0,9,6,0,58,9,6,0,0,1,52,21,23,47.7,0,0,0,422,18,8,13,0.4,0.4,0.3,10,2,183,288,63.5,17,169,10,20,14,288,63.5,3713,1850,71,92,77.2,71,88,80.7,32,80,40.0,1,0.3,0.3,4,14,1,0,17,288,249,38,9,1,1,6,10,2,183,1,2,18,13,14,3,1,6,21,28.6,15,13,9,4,8,26,47,0,422,110,215,157,53,12,422,20,14,70.0,6,30.0,169,1077,534,10,6,5,9,7,181,16,2,0,0,7,9,1,6,8,13,0,0,0,48,23,21,52.3,Manchester City,Crystal Palace,January-18-2020
0,0,0,749,9,8,12,0.6,0.6,0.5,20,2,543,636,85.4,65,419,26,22,9,636,85.4,8697,2879,295,320,92.2,197,218,90.4,41,64,64.1,1,0.5,1.2,9,69,10,1,65,636,596,37,10,1,5,8,13,2,543,3,11,9,6,2,6,1,0,10,0.0,10,12,2,10,8,17,12,0,749,58,177,319,255,28,749,22,9,40.9,13,59.1,419,2502,1437,26,22,7,17,7,537,65,3,0,0,10,9,3,8,8,6,0,1,0,54,9,13,40.9,1,1,0,579,20,14,12,1.5,0.7,0.5,21,1,371,484,76.7,40,319,19,10,10,484,76.7,6430,2265,179,204,87.7,126,152,82.9,45,84,53.6,0,0.5,0.7,9,29,5,2,40,484,438,45,12,0,11,20,19,3,371,1,14,20,6,14,4,2,13,22,59.1,9,12,2,10,14,34,19,0,579,64,217,235,132,14,578,10,10,100.0,0,0.0,319,1788,765,19,9,4,7,9,369,39,1,0,0,9,8,1,20,14,6,0,0,0,55,13,9,59.1,Manchester Utd,West Ham,July-22-2020
0,0,0,627,17,11,11,2.3,2.3,2.3,45,2,419,516,81.2,70,403,27,13,8,516,81.2,7097,2808,186,210,88.6,176,205,85.9,38,67,56.7,1,2.3,1.7,22,37,21,3,70,516,470,45,13,0,3,26,15,8,419,1,6,17,12,5,10,2,4,14,28.6,10,11,2,9,11,28,13,0,627,46,127,306,198,40,627,13,8,61.5,5,38.5,403,2202,1338,27,21,6,9,12,413,68,1,0,0,12,11,1,26,11,12,0,1,0,49,16,17,48.5,1,1,0,547,17,11,16,3.8,3.1,2.3,31,5,337,429,78.6,39,308,26,15,10,429,78.6,6046,2499,171,194,88.1,111,132,84.1,44,75,58.7,1,2.3,1.8,14,24,8,2,39,429,378,49,12,2,8,14,17,7,337,2,10,17,11,11,6,0,5,13,38.5,8,16,10,6,11,28,23,0,547,70,184,225,143,32,546,15,10,66.7,4,26.7,308,1981,1021,26,22,4,11,13,334,39,1,0,0,11,12,2,14,11,11,1,0,0,48,17,16,51.5,Watford,West Ham,August-24-2019
0,0,0,566,19,12,19,1.3,1.3,1.2,20,0,353,448,78.8,46,324,28,19,11,448,78.8,6087,2259,157,177,88.7,158,180,87.8,27,52,51.9,0,1.2,1.0,8,32,8,3,46,448,404,41,14,0,3,17,16,2,353,3,13,19,9,10,7,2,6,15,40.0,9,19,7,12,12,31,18,0,566,55,178,246,151,19,566,19,11,57.9,8,42.1,324,2212,1306,28,25,2,12,13,350,46,2,0,0,13,12,3,17,12,9,0,0,0,58,16,17,48.5,0,0,1,637,21,8,13,0.6,0.6,0.5,23,0,422,522,80.8,41,373,19,15,9,522,80.8,7201,2614,227,254,89.4,132,151,87.4,48,79,60.8,0,0.5,0.9,11,36,10,1,41,522,464,55,15,0,4,18,27,4,422,3,16,21,14,14,5,2,8,19,42.1,11,13,1,12,8,29,15,0,637,51,172,276,194,25,637,15,9,60.0,6,40.0,373,1974,974,19,12,3,11,13,421,41,3,1,1,12,13,3,18,8,14,0,0,0,52,17,16,51.5,Aston Villa,West Ham,September-16-2019
0,0,0,439,36,10,12,1.8,1.8,1.0,22,6,175,289,60.6,17,166,6,10,5,289,60.6,3326,1881,99,126,78.6,49,72,68.1,24,74,32.4,1,1.0,1.0,8,18,9,3,17,289,239,48,12,2,3,12,20,1,175,2,6,36,21,20,12,4,12,36,33.3,24,12,4,8,10,46,27,0,439,64,163,157,123,24,439,10,5,50.0,5,50.0,166,774,353,6,6,2,19,9,170,17,3,0,0,14,8,2,12,10,21,0,0,0,52,25,25,50.0,0,0,0,777,14,10,8,1.1,1.1,0.9,27,2,544,652,83.4,73,503,33,36,24,652,83.4,9668,3083,219,241,90.9,253,281,90.0,50,79,63.3,0,0.9,2.1,12,47,17,7,73,652,592,57,16,2,4,24,26,5,544,3,10,14,8,11,1,2,5,10,50.0,5,8,3,5,10,24,24,0,777,57,242,350,193,35,777,36,24,66.7,12,33.3,503,3094,1868,33,15,7,18,24,542,72,0,0,0,9,14,3,24,10,8,0,0,0,56,25,25,50.0,Everton,Chelsea,December-7-2019
0,0,0,649,18,13,5,1.0,1.0,0.7,34,2,407,550,74.0,50,347,35,25,20,550,74.0,7356,2797,172,203,84.7,149,191,78.0,60,109,55.0,1,0.7,0.8,13,41,8,2,50,550,503,47,11,0,5,33,18,11,407,0,8,18,9,6,11,1,6,24,25.0,18,5,1,4,13,31,9,0,649,52,148,298,205,33,649,25,20,80.0,5,20.0,347,1958,1108,35,15,12,19,13,405,50,4,0,0,14,10,0,33,13,9,0,0,0,73,17,24,41.5,0,0,0,546,18,11,16,0.9,0.9,0.9,17,4,287,406,70.7,36,228,16,24,18,406,70.7,4828,1974,131,166,78.9,111,144,77.1,28,66,42.4,2,0.9,1.1,9,16,8,0,36,406,363,42,14,2,3,10,17,2,287,1,4,18,10,5,13,0,5,25,20.0,20,16,10,6,11,29,42,1,546,78,200,284,68,17,546,24,18,75.0,6,25.0,228,1440,737,16,7,5,18,12,284,33,4,0,0,10,12,1,10,11,10,0,0,0,65,24,17,58.5,Wolves,Tottenham,December-15-2019
0,0,0,519,25,12,12,0.5,0.5,0.3,15,2,303,412,73.5,35,319,16,19,8,412,73.5,5571,2129,147,164,89.6,103,141,73.0,42,80,52.5,0,0.3,0.4,6,24,7,2,35,412,364,46,11,1,11,22,20,4,303,2,5,25,14,13,12,0,16,32,50.0,16,12,5,7,12,37,17,0,519,51,184,231,106,16,519,19,8,42.1,11,57.9,319,1787,891,16,10,4,10,7,302,35,2,0,0,12,11,2,22,12,14,0,0,0,50,18,22,45.0,0,0,0,662,18,4,6,1.3,1.3,1.1,32,0,457,554,82.5,42,356,24,32,16,554,82.5,8010,3378,235,271,86.7,162,183,88.5,52,73,71.2,0,1.1,1.1,13,31,12,1,42,554,499,55,13,1,3,16,27,5,457,0,8,18,7,7,7,4,11,19,57.9,8,6,3,3,4,22,15,0,662,52,188,321,158,31,662,32,16,50.0,16,50.0,356,2234,1092,24,14,8,15,9,457,42,0,0,0,11,12,0,16,4,7,0,0,0,46,22,18,55.0,Newcastle Utd,Crystal Palace,December-21-2019
0,0,0,577,26,8,10,1.0,1.0,0.7,16,1,353,447,79.0,19,340,15,23,13,447,79.0,5515,1845,187,210,89.0,126,151,83.4,27,52,51.9,0,0.7,0.6,6,14,4,0,19,447,404,42,10,1,1,6,19,1,353,1,11,26,14,15,10,1,11,30,36.7,19,10,2,8,8,34,18,2,577,88,260,233,98,15,577,23,13,56.5,10,43.5,340,1839,1017,15,13,5,18,14,349,19,2,0,0,13,10,1,6,8,14,0,2,0,62,4,6,40.0,0,2,0,640,24,6,11,4.4,2.7,2.3,35,6,428,522,82.0,43,325,30,30,19,522,82.0,7180,2203,221,243,90.9,138,168,82.1,51,76,67.1,2,2.3,1.3,12,38,7,1,43,522,472,50,11,0,3,19,22,10,428,0,11,24,13,8,12,4,10,23,43.5,13,11,2,9,6,30,15,1,640,37,122,308,220,25,638,30,19,63.3,11,36.7,325,1928,1117,30,22,7,13,15,425,43,2,0,0,10,12,0,19,6,13,1,0,0,64,6,4,60.0,Norwich City,Manchester Utd,October-27-2019
