home_performance_pk,home_performance_pkatt,home_performance_crdr,home_performance_touches,home_performance_tkl,home_performance_int,home_performance_blocks,home_expected_xg,home_expected_npxg,home_expected_xag,home_sca_sca,home_sca_gca,home_passes_cmp,home_passes_att,home_passes_cmp%,home_passes_prgp,home_carries_carries,home_carries_prgc,home_take-ons_att,home_take-ons_succ,home_player_xag,home_player_xa,home_player_kp,home_player_1/3,home_player_ppa,home_player_crspa,home_player_prgp,home_total_cmp,home_total_att,home_total_cmp%,home_total_totdist,home_total_prgdist,home_short_cmp,home_short_att,home_short_cmp%,home_medium_cmp,home_medium_att,home_medium_cmp%,home_long_cmp,home_long_att,home_long_cmp%,home_player_att,home_pass_types_live,home_pass_types_dead,home_pass_types_fk,home_pass_types_tb,home_pass_types_sw,home_pass_types_crs,home_pass_types_ti,home_pass_types_ck,home_outcomes_cmp,home_outcomes_off,home_outcomes_blocks,home_player_int,home_player_tkl+int,home_player_clr,home_player_err,home_tackles_tkl,home_tackles_tklw,home_tackles_def_3rd,home_tackles_mid_3rd,home_tackles_att_3rd,home_challenges_tkl,home_challenges_att,home_challenges_tkl%,home_challenges_lost,home_blocks_blocks,home_blocks_sh,home_blocks_pass,home_touches_touches,home_touches_def_pen,home_touches_def_3rd,home_touches_mid_3rd,home_touches_att_3rd,home_touches_att_pen,home_touches_live,home_take-ons_att.1,home_take-ons_succ.1,home_take-ons_succ%,home_take-ons_tkld,home_take-ons_tkld%,home_carries_carries.1,home_carries_totdist,home_carries_prgdist,home_carries_prgc.1,home_carries_1/3,home_carries_cpa,home_carries_mis,home_carries_dis,home_receiving_rec,home_receiving_prgr,home_performance_crdy.1,home_performance_crdr.1,home_performance_2crdy,home_performance_fls,home_performance_fld,home_performance_off,home_performance_crs,home_performance_int.1,home_performance_tklw,home_performance_pkwon,home_performance_pkcon,home_performance_og,home_performance_recov,home_aerial_duels_won,home_aerial_duels_lost,home_aerial_duels_won%,away_performance_pk,away_performance_pkatt,away_performance_crdr,away_performance_touches,away_performance_tkl,away_performance_int,away_performance_blocks,away_expected_xg,away_expected_npxg,away_expected_xag,away_sca_sca,away_sca_gca,away_passes_cmp,away_passes_att,away_passes_cmp%,away_passes_prgp,away_carries_carries,away_carries_prgc,away_take-ons_att,away_take-ons_succ,away_player_xag,away_player_xa,away_player_kp,away_player_1/3,away_player_ppa,away_player_crspa,away_player_prgp,away_total_cmp,away_total_att,away_total_cmp%,away_total_totdist,away_total_prgdist,away_short_cmp,away_short_att,away_short_cmp%,away_medium_cmp,away_medium_att,away_medium_cmp%,away_long_cmp,away_long_att,away_long_cmp%,away_player_att,away_pass_types_live,away_pass_types_dead,away_pass_types_fk,away_pass_types_tb,away_pass_types_sw,away_pass_types_crs,away_pass_types_ti,away_pass_types_ck,away_outcomes_cmp,away_outcomes_off,away_outcomes_blocks,away_player_int,away_player_tkl+int,away_player_clr,away_player_err,away_tackles_tkl,away_tackles_tklw,away_tackles_def_3rd,away_tackles_mid_3rd,away_tackles_att_3rd,away_challenges_tkl,away_challenges_att,away_challenges_tkl%,away_challenges_lost,away_blocks_blocks,away_blocks_sh,away_blocks_pass,away_touches_touches,away_touches_def_pen,away_touches_def_3rd,away_touches_mid_3rd,away_touches_att_3rd,away_touches_att_pen,away_touches_live,away_take-ons_att.1,away_take-ons_succ.1,away_take-ons_succ%,away_take-ons_tkld,away_take-ons_tkld%,away_carries_carries.1,away_carries_totdist,away_carries_prgdist,away_carries_prgc.1,away_carries_1/3,away_carries_cpa,away_carries_mis,away_carries_dis,away_receiving_rec,away_receiving_prgr,away_performance_crdy.1,away_performance_crdr.1,away_performance_2crdy,away_performance_fls,away_performance_fld,away_performance_off,away_performance_crs,away_performance_int.1,away_performance_tklw,away_performance_pkwon,away_performance_pkcon,away_performance_og,away_performance_recov,away_aerial_duels_won,away_aerial_duels_lost,away_aerial_duels_won%,home,away,date
0,0,0,413,15,11,10,0.4,0.4,0.3,9,2,184,302,60.9,11,198,7,12,4,302,60.9,3228,1352,84,113,74.3,66,91,72.5,23,69,33.3,1,0.3,0.3,4,8,2,1,11,302,244,57,18,0,1,11,25,4,184,1,10,15,9,7,6,2,6,17,35.3,11,10,4,6,11,26,28,0,413,82,197,164,60,9,413,12,4,33.3,8,66.7,198,908,438,7,1,2,19,7,181,11,1,0,0,11,15,1,11,11,9,0,1,0,55,11,21,34.4,0,1,0,817,15,10,11,1.3,0.5,0.2,19,2,594,717,82.8,46,523,20,17,11,717,82.8,9847,2861,289,323,89.5,262,294,89.1,32,77,41.6,1,0.2,0.6,6,48,5,0,46,717,677,38,10,4,4,25,15,6,594,2,7,15,9,6,7,2,8,12,66.7,4,11,2,9,10,25,9,0,817,54,226,423,175,18,816,17,11,64.7,6,35.3,523,2869,1400,20,15,5,20,9,592,46,2,0,0,16,11,2,25,10,9,1,0,0,65,21,11,65.6,Norwich City,Crystal Palace,February-9-2022
0,0,0,650,20,11,18,1.0,1.0,0.6,21,4,448,546,82.1,33,407,8,7,5,546,82.1,7509,2433,208,238,87.4,192,223,86.1,38,59,64.4,2,0.6,0.7,8,28,5,2,33,546,505,41,10,2,5,11,22,3,448,0,7,20,9,7,12,1,7,19,36.8,12,18,5,13,11,31,11,0,650,66,206,323,121,14,650,7,5,71.4,2,28.6,407,1655,780,8,5,3,16,15,446,33,1,0,0,11,12,0,11,11,9,0,1,0,55,11,12,47.8,0,1,0,641,17,14,14,1.5,0.6,0.6,21,1,438,526,83.3,27,361,20,19,12,526,83.3,7832,2248,169,183,92.3,225,243,92.6,30,65,46.2,0,0.6,0.6,9,14,5,0,27,526,483,43,10,1,6,6,19,4,438,0,14,17,8,6,9,2,2,7,28.6,5,14,6,8,14,31,14,0,641,87,287,275,85,23,640,19,12,63.2,7,36.8,361,1986,921,20,12,9,18,13,437,27,1,0,0,12,11,0,6,14,8,1,0,0,55,12,11,52.2,Leicester City,Crystal Palace,April-10-2022
0,0,0,816,15,9,12,1.2,1.2,0.6,24,1,577,707,81.6,64,581,29,21,12,707,81.6,9554,2965,310,351,88.3,223,252,88.5,43,86,50.0,0,0.6,1.0,9,54,10,2,64,707,661,45,8,5,1,29,19,12,577,1,9,15,5,8,6,1,6,14,42.9,8,12,4,8,9,24,16,0,816,52,207,357,263,31,816,21,12,57.1,9,42.9,581,2847,1450,29,26,5,16,12,576,64,1,0,0,6,7,1,29,9,5,0,0,0,59,19,20,48.7,0,0,0,482,21,12,14,0.7,0.7,0.6,15,4,231,342,67.5,25,196,11,14,8,342,67.5,4644,2375,94,126,74.6,79,102,77.5,40,77,51.9,2,0.6,0.7,6,17,4,2,25,342,308,33,7,1,2,17,14,5,231,1,11,21,7,12,7,2,9,21,42.9,12,14,5,9,12,33,29,1,482,76,192,191,101,22,482,14,8,57.1,6,42.9,196,1096,501,11,8,2,21,9,231,25,1,0,0,7,5,1,17,12,7,0,0,0,66,20,19,51.3,Southampton,Newcastle Utd,March-10-2022
0,0,0,682,21,10,12,3.2,3.2,1.4,38,4,443,549,80.7,54,386,16,21,12,549,80.7,7417,2822,211,237,89.0,169,197,85.8,43,70,61.4,1,1.4,0.9,14,39,17,5,54,549,498,50,14,1,4,36,18,10,443,1,14,21,11,6,10,5,10,17,58.8,7,12,6,6,10,31,26,1,682,75,188,292,205,36,682,21,12,57.1,9,42.9,386,1796,965,16,11,4,14,15,441,54,3,0,0,17,9,1,36,10,11,0,0,0,52,21,7,75.0,0,0,0,530,24,12,21,0.6,0.6,0.4,24,0,275,377,72.9,24,294,9,17,7,377,72.9,4594,1766,140,158,88.6,94,119,79.0,29,69,42.0,0,0.4,0.8,9,18,6,1,24,377,321,53,17,1,3,17,19,5,275,3,7,24,15,17,7,0,9,21,42.9,12,21,10,11,12,36,26,0,530,77,220,200,119,23,530,17,7,41.2,10,58.8,294,1260,584,9,10,3,20,11,273,24,1,0,0,11,16,3,17,12,15,0,0,0,52,7,21,25.0,Liverpool,Crystal Palace,September-18-2021
1,1,0,665,25,14,8,1.6,0.9,0.7,33,2,429,535,80.2,50,383,28,26,21,535,80.2,7759,2212,171,199,85.9,200,229,87.3,44,72,61.1,0,0.7,0.6,13,34,8,2,50,535,495,39,13,2,6,21,14,6,429,1,10,25,15,7,12,6,10,21,47.6,11,8,2,6,14,39,11,1,665,38,159,323,190,36,664,26,21,80.8,5,19.2,383,2414,1451,28,16,7,17,11,424,50,2,0,0,15,12,1,21,14,15,1,0,0,65,12,12,50.0,0,0,0,459,16,12,12,0.9,0.9,0.2,11,1,224,334,67.1,13,215,9,21,11,334,67.1,4219,2001,99,132,75.0,79,101,78.2,39,74,52.7,0,0.2,0.2,4,11,3,1,13,334,274,59,14,1,0,5,27,3,224,1,6,16,7,11,4,1,5,26,19.2,21,12,4,8,12,28,29,1,459,80,208,188,67,11,459,21,11,52.4,10,47.6,215,1089,487,9,6,2,13,15,221,12,3,0,0,14,15,1,5,12,7,0,1,0,52,12,12,50.0,Leeds United,Wolves,October-23-2021
0,0,0,500,22,6,19,0.5,0.5,0.5,19,4,282,364,77.5,18,193,18,15,7,364,77.5,5221,1965,107,120,89.2,136,160,85.0,31,63,49.2,2,0.5,0.4,9,13,4,1,18,364,316,46,10,0,4,14,19,7,282,2,6,22,9,16,6,0,6,20,30.0,14,19,4,15,6,28,42,0,500,93,266,159,80,19,500,15,7,46.7,8,53.3,193,1502,776,18,10,3,13,14,279,18,4,0,0,12,9,2,14,6,9,0,0,0,49,17,8,68.0,0,0,0,733,22,6,7,1.7,1.7,1.5,34,2,528,633,83.4,45,452,31,20,14,633,83.4,8568,2879,277,297,93.3,204,231,88.3,36,67,53.7,1,1.5,0.8,10,35,9,2,45,633,572,59,13,1,3,34,28,10,528,2,21,22,14,8,9,5,8,15,53.3,7,7,3,4,6,28,12,0,733,44,186,309,242,30,733,20,14,70.0,6,30.0,452,2251,1315,31,19,9,13,16,526,43,4,0,0,9,11,2,34,6,14,0,0,0,56,8,17,32.0,Wolves,Leicester City,February-20-2022
0,0,1,483,16,5,12,0.7,0.7,0.6,16,2,265,375,70.7,22,223,12,20,8,375,70.7,4614,1955,122,142,85.9,99,125,79.2,30,74,40.5,1,0.6,0.5,6,21,3,1,22,375,326,47,11,0,0,15,21,3,265,2,6,16,8,8,6,2,9,16,56.3,7,12,8,4,5,21,14,0,483,45,148,218,122,16,483,20,8,40.0,12,60.0,223,1225,639,12,5,3,18,8,262,22,1,1,0,7,13,2,15,5,8,0,0,0,54,25,16,61.0,0,0,0,631,20,13,6,2.4,2.4,1.6,36,7,401,500,80.2,41,258,20,16,7,500,80.2,6924,2349,188,210,89.5,157,179,87.7,43,81,53.1,3,1.6,1.3,12,33,5,1,41,500,458,42,6,1,3,16,21,6,401,0,7,20,10,11,7,2,12,20,60.0,8,6,1,5,13,33,23,0,631,55,194,306,136,23,631,16,7,43.8,9,56.3,258,1552,888,20,13,7,17,7,400,40,2,0,0,13,7,0,16,13,10,0,0,0,59,16,25,39.0,Aston Villa,West Ham,October-31-2021
0,0,0,715,19,10,14,1.0,1.0,0.9,16,0,505,621,81.3,42,424,20,31,19,621,81.3,7394,2283,275,299,92.0,182,215,84.7,24,50,48.0,0,0.9,0.6,5,29,7,1,42,621,568,49,14,1,1,29,16,10,505,4,19,19,10,9,7,3,4,12,33.3,8,14,4,10,10,29,6,0,715,48,187,318,219,17,715,31,19,61.3,12,38.7,424,2227,1138,20,21,3,12,5,503,42,2,0,0,12,14,4,29,10,10,0,0,0,57,17,12,58.6,0,0,0,568,17,7,16,1.5,1.5,1.4,19,6,360,450,80.0,26,354,17,12,8,450,80.0,5956,2069,173,198,87.4,131,151,86.8,35,64,54.7,3,1.4,1.8,9,25,6,2,26,450,408,41,16,2,8,8,17,1,360,1,10,17,12,8,6,3,12,31,38.7,19,16,3,13,7,24,33,0,568,70,203,250,120,19,568,12,8,66.7,4,33.3,354,1721,787,17,6,5,14,15,359,26,3,0,0,14,12,1,8,7,12,0,0,0,52,12,17,41.4,Tottenham,Manchester Utd,October-30-2021
0,1,0,644,22,5,7,2.9,2.1,1.4,34,4,441,537,82.1,44,385,26,16,10,537,82.1,8207,2572,176,204,86.3,217,249,87.1,43,69,62.3,2,1.4,1.4,11,51,9,4,44,537,501,36,6,2,7,16,17,5,441,0,8,22,13,11,6,5,5,14,35.7,9,7,3,4,5,27,21,1,644,51,167,277,210,38,643,16,10,62.5,6,37.5,385,1823,1062,26,17,9,14,12,437,44,2,0,0,9,9,0,16,5,13,1,0,0,49,18,20,47.4,0,0,1,547,18,11,16,0.4,0.4,0.2,12,0,341,434,78.6,21,294,14,14,9,434,78.6,5960,1780,157,173,90.8,123,155,79.4,44,77,57.1,0,0.2,0.3,4,18,5,2,21,434,387,47,8,0,5,17,28,2,341,0,5,18,14,11,4,3,6,16,37.5,10,16,8,8,11,29,22,0,547,82,206,208,134,10,547,14,9,64.3,5,35.7,294,1261,467,14,9,1,17,17,336,20,2,1,1,9,9,0,17,11,14,0,1,0,43,20,18,52.6,Arsenal,West Ham,December-15-2021
0,0,0,488,12,7,16,1.6,1.6,1.3,26,2,228,358,63.7,30,259,21,20,12,358,63.7,3723,1670,119,153,77.8,83,127,65.4,21,56,37.5,1,1.3,0.5,10,22,12,3,30,358,313,45,11,0,0,18,20,6,228,0,10,12,9,5,6,1,2,8,25.0,6,16,5,11,7,19,17,0,488,50,139,190,165,31,488,20,12,60.0,8,40.0,259,1451,668,21,11,8,18,13,225,29,4,0,0,15,12,0,18,7,9,0,0,0,65,19,17,52.8,0,0,0,574,21,6,12,1.7,1.7,1.4,22,1,321,461,69.6,30,300,10,8,6,461,69.6,5879,2117,138,173,79.8,131,171,76.6,39,84,46.4,1,1.4,0.5,8,18,5,1,30,461,396,65,14,0,0,12,37,2,321,0,12,21,11,13,6,2,8,20,40.0,12,12,4,8,6,27,24,0,574,70,219,230,128,13,574,8,6,75.0,2,25.0,300,1281,572,10,10,0,14,10,320,30,2,0,0,12,15,0,12,6,11,0,0,0,57,17,19,47.2,Southampton,Brighton,December-4-2021
0,0,0,460,19,6,17,0.8,0.8,0.8,15,0,216,349,61.9,27,194,9,11,8,349,61.9,4663,2246,81,105,77.1,93,131,71.0,40,102,39.2,0,0.8,1.1,7,26,6,3,27,349,307,41,12,0,2,23,10,6,216,1,8,19,9,12,6,1,10,20,50.0,10,17,5,12,6,25,30,0,460,74,171,186,108,13,460,11,8,72.7,3,27.3,194,1005,483,9,6,1,10,7,213,26,2,0,0,13,10,1,23,6,9,0,0,0,52,24,29,45.3,0,0,0,621,10,4,9,0.8,0.8,0.6,29,0,376,529,71.1,42,341,29,20,10,529,71.1,5657,2228,201,240,83.8,103,138,74.6,33,89,37.1,0,0.6,0.5,13,28,8,1,42,529,465,63,14,0,3,32,23,14,376,1,14,10,6,2,5,3,3,11,27.3,8,9,3,6,4,14,15,0,621,47,174,250,200,36,621,20,10,50.0,10,50.0,341,1933,947,29,17,15,6,9,374,42,1,0,0,11,12,1,32,4,6,0,0,0,55,29,24,54.7,Burnley,West Ham,December-12-2021
1,1,0,557,14,9,12,1.6,0.8,0.8,16,2,344,447,77.0,29,292,12,15,11,447,77.0,5441,2271,147,175,84.0,139,160,86.9,30,61,49.2,0,0.8,0.3,6,23,9,2,29,447,402,45,7,1,2,9,27,1,344,0,10,14,4,8,5,1,7,13,53.8,6,12,5,7,9,23,16,2,557,71,268,205,95,15,556,15,11,73.3,4,26.7,292,1427,695,12,7,2,18,9,340,29,3,0,0,11,6,0,9,9,4,1,0,0,51,6,11,35.3,0,0,0,522,13,11,10,3.8,3.8,2.9,38,7,327,421,77.7,33,350,22,13,6,421,77.7,5987,2223,135,162,83.3,161,181,89.0,28,62,45.2,3,2.9,1.8,17,17,8,0,33,421,381,39,10,8,1,7,15,4,327,1,8,13,7,2,8,3,4,15,26.7,11,10,1,9,11,24,9,0,522,42,167,227,135,38,522,13,6,46.2,7,53.8,350,1861,1057,22,9,8,17,7,323,33,1,0,0,7,11,1,7,11,7,0,1,0,52,11,6,64.7,Leeds United,Arsenal,December-18-2021
0,0,0,561,16,4,12,1.2,1.2,1.0,26,2,357,451,79.2,40,303,20,15,5,451,79.2,6389,2095,152,173,87.9,163,186,87.6,35,75,46.7,1,1.0,0.6,11,20,11,1,40,451,410,39,6,2,6,13,15,5,357,2,3,16,9,6,8,2,11,18,61.1,7,12,5,7,4,20,16,0,561,76,234,199,132,25,561,15,5,33.3,10,66.7,303,1938,1098,20,13,5,13,5,353,39,3,0,0,10,5,2,13,4,9,0,0,1,45,18,19,48.6,0,0,0,500,15,7,8,1.7,1.7,1.3,35,2,300,399,75.2,34,272,27,18,7,399,75.2,5335,2362,129,145,89.0,132,160,82.5,34,72,47.2,1,1.3,1.0,15,23,0,0,34,399,353,46,10,2,1,21,22,7,300,0,9,15,9,7,6,2,10,15,66.7,5,8,6,2,7,22,13,1,500,60,170,206,129,23,500,18,7,38.9,11,61.1,272,1924,1035,27,11,9,8,5,295,34,2,0,0,6,10,0,21,7,9,0,0,0,44,19,18,51.4,Leeds United,West Ham,September-25-2021
0,0,1,565,15,8,15,1.2,1.2,1.1,26,4,361,453,79.7,31,286,9,31,14,453,79.7,6934,2456,152,178,85.4,140,161,87.0,59,92,64.1,2,1.1,1.1,12,24,8,3,31,453,398,54,17,1,5,11,23,2,361,1,8,15,9,9,5,1,7,16,43.8,9,15,3,12,8,23,14,3,565,64,232,220,116,24,565,31,14,45.2,17,54.8,286,1507,688,9,7,3,20,9,358,30,3,1,1,13,14,1,11,8,9,0,0,0,58,10,14,41.7,0,0,0,602,26,7,10,2.2,2.2,1.4,23,4,385,491,78.4,36,335,18,16,9,491,78.4,6819,2319,171,195,87.7,170,197,86.3,36,73,49.3,1,1.4,1.3,9,33,8,0,36,491,442,46,13,7,4,16,20,5,385,3,13,26,17,12,10,4,17,31,54.8,14,10,2,8,7,33,15,0,602,49,206,294,108,23,602,16,9,56.3,7,43.8,335,1425,794,18,6,4,13,8,380,36,5,0,0,14,13,3,16,7,17,0,0,0,64,14,10,58.3,Wolves,Leeds United,March-18-2022
0,0,0,730,19,8,18,1.3,1.3,0.7,23,4,522,624,83.7,43,366,19,8,7,624,83.7,8183,2626,268,289,92.7,202,231,87.4,29,59,49.2,2,0.7,0.4,10,26,6,0,43,624,587,36,7,3,5,20,13,7,522,1,9,19,11,12,4,3,7,13,53.8,6,18,4,14,8,27,18,0,730,78,281,295,159,28,730,8,7,87.5,1,12.5,366,1740,984,19,11,7,18,12,521,43,4,0,0,11,6,1,20,8,11,0,0,0,52,17,18,48.6,0,0,0,592,13,10,12,0.6,0.6,0.6,20,0,391,485,80.6,50,316,16,13,6,485,80.6,7182,2421,145,163,89.0,204,231,88.3,36,58,62.1,0,0.6,0.4,10,22,10,3,50,485,437,47,12,0,8,17,22,2,391,1,15,13,6,7,5,1,1,8,12.5,7,12,5,7,10,23,26,1,592,71,213,246,136,19,592,13,6,46.2,7,53.8,316,1532,782,16,10,5,13,12,386,49,0,0,0,6,11,1,17,10,6,0,0,0,42,18,17,51.4,Brighton,Watford,August-21-2021
0,0,0,623,8,5,7,2.5,2.5,1.3,34,3,404,535,75.5,43,342,23,9,6,535,75.5,6895,2217,209,239,87.4,146,173,84.4,39,83,47.0,1,1.3,1.2,13,25,13,5,43,535,483,50,13,2,6,26,20,7,404,2,13,8,5,4,3,1,4,5,80.0,1,7,3,4,5,13,18,0,623,45,199,268,162,29,623,9,6,66.7,3,33.3,342,2022,1083,23,14,8,9,11,402,43,0,0,0,5,10,2,26,5,5,0,0,0,43,21,25,45.7,0,0,0,518,14,8,14,1.1,1.1,1.0,16,2,295,398,74.1,27,294,15,5,1,398,74.1,5665,2049,144,167,86.2,96,118,81.4,50,89,56.2,0,1.0,1.2,8,28,6,2,27,398,358,36,7,2,9,23,12,5,295,4,8,14,6,4,6,4,3,9,33.3,6,14,3,11,8,22,24,0,518,55,138,275,111,17,518,5,1,20.0,4,80.0,294,1415,705,15,8,4,19,4,293,27,0,0,0,10,5,4,23,8,6,0,0,1,45,25,21,54.3,Manchester Utd,Burnley,December-30-2021
0,0,0,836,8,5,3,3.3,3.3,2.6,37,8,663,746,88.9,62,504,35,16,9,746,88.9,11140,3023,338,357,94.7,263,286,92.0,53,82,64.6,4,2.6,1.7,18,48,18,1,62,746,705,40,14,3,3,19,12,8,663,1,5,8,5,3,5,0,5,11,45.5,6,3,0,3,5,13,12,0,836,44,149,457,238,51,836,16,9,56.3,7,43.8,504,2592,1583,35,19,14,8,12,659,61,1,0,0,6,11,1,19,5,5,0,0,0,50,21,12,63.6,0,0,0,400,19,7,9,0.8,0.8,0.8,14,0,229,307,74.6,14,191,13,11,6,307,74.6,4397,1914,95,110,86.4,97,115,84.3,32,69,46.4,0,0.8,1.0,6,18,1,1,14,307,264,39,7,1,1,11,9,2,229,4,5,19,9,13,5,1,7,16,43.8,9,9,4,5,7,26,21,1,400,83,176,147,81,14,400,11,6,54.5,5,45.5,191,940,415,13,5,6,11,3,227,13,3,0,0,11,6,4,11,7,9,0,0,0,38,12,21,36.4,Manchester City,Newcastle Utd,May-8-2022
0,0,0,426,25,9,12,0.8,0.8,0.4,10,0,211,321,65.7,25,147,5,12,4,321,65.7,3449,1475,104,128,81.3,70,103,68.0,24,62,38.7,0,0.4,0.7,3,21,4,1,25,321,287,33,7,0,2,17,14,5,211,1,8,25,11,9,12,4,12,21,57.1,9,12,6,6,9,34,16,1,426,43,128,188,117,15,426,12,4,33.3,8,66.7,147,766,322,5,5,4,13,6,210,25,2,0,0,12,7,1,17,9,11,0,0,0,60,15,14,51.7,0,0,0,927,14,4,11,2.3,2.3,1.6,22,8,735,829,88.7,53,506,21,21,9,829,88.7,11540,3543,364,391,93.1,293,317,92.4,45,73,61.6,3,1.6,0.9,10,41,14,1,53,829,790,38,13,0,6,15,17,2,735,1,9,14,9,8,4,2,8,12,66.7,4,11,4,7,4,18,14,1,927,72,278,442,213,27,927,21,9,42.9,12,57.1,506,2611,1367,21,20,5,19,13,730,53,0,0,0,7,12,1,15,4,9,0,0,0,53,14,15,48.3,Burnley,Chelsea,March-5-2022
0,0,0,726,19,4,13,1.3,1.3,1.2,39,0,494,608,81.3,69,424,25,15,7,608,81.3,8799,3019,205,238,86.1,215,245,87.8,53,87,60.9,0,1.2,1.1,18,42,23,8,69,608,570,38,6,2,4,36,14,10,494,0,6,19,12,10,7,2,12,20,60.0,8,13,1,12,4,23,16,0,726,47,162,339,231,33,726,15,7,46.7,8,53.3,424,2442,1448,25,16,3,24,9,492,69,1,0,0,12,7,0,36,4,12,0,0,0,55,16,17,48.5,0,0,0,566,17,14,11,1.2,1.2,1.2,16,2,316,429,73.7,29,328,12,20,8,429,73.7,5577,2165,148,169,87.6,121,146,82.9,35,86,40.7,1,1.2,0.9,7,17,5,1,29,429,372,57,12,1,7,12,26,5,316,0,12,17,8,9,7,1,8,15,53.3,7,11,7,4,14,31,38,0,566,82,247,235,87,12,566,20,8,40.0,12,60.0,328,1540,747,12,7,5,12,7,314,29,2,0,0,7,12,0,12,14,8,0,0,0,40,17,16,51.5,Aston Villa,Watford,February-19-2022
0,0,0,646,9,6,9,0.6,0.6,0.4,20,0,467,572,81.6,52,411,39,27,20,572,81.6,8046,2383,217,241,90.0,196,234,83.8,45,68,66.2,0,0.4,0.6,8,44,6,2,52,572,521,49,8,3,3,23,25,4,467,2,13,9,4,6,2,1,6,14,42.9,8,9,1,8,6,15,9,2,646,42,147,303,199,22,646,27,20,74.1,7,25.9,411,2443,1343,39,23,11,16,8,462,52,4,0,0,10,6,2,23,6,4,0,1,0,51,12,14,46.2,1,1,1,457,15,10,13,2.5,1.7,1.3,17,4,256,353,72.5,18,207,11,14,8,353,72.5,4822,2152,104,121,86.0,118,146,80.8,26,61,42.6,1,1.3,0.9,6,24,1,0,18,353,310,41,11,5,1,7,16,2,256,2,8,15,9,9,4,2,7,27,25.9,20,13,3,10,10,25,30,0,457,79,214,166,80,11,456,14,8,57.1,6,42.9,207,1254,719,11,8,4,14,3,255,18,4,1,1,7,10,2,7,10,9,1,0,0,46,14,12,53.8,Wolves,Brentford,September-18-2021
0,0,0,468,25,7,18,0.4,0.4,0.3,15,2,220,330,66.7,23,175,7,12,7,330,66.7,3624,1756,106,132,80.3,74,101,73.3,23,65,35.4,1,0.3,0.3,4,16,6,2,23,330,282,46,10,0,1,14,23,2,220,2,7,25,14,13,9,3,11,15,73.3,4,18,12,6,7,32,28,0,468,70,169,204,99,13,468,12,7,58.3,5,41.7,175,943,451,7,13,2,25,10,218,22,2,0,0,11,10,2,14,7,14,0,0,0,45,11,22,33.3,0,0,0,690,15,1,7,1.8,1.8,1.2,38,2,453,574,78.9,56,390,27,15,4,574,78.9,7844,2553,214,260,82.3,171,202,84.7,53,83,63.9,1,1.2,1.5,18,31,13,2,56,574,515,58,12,2,4,23,28,10,453,1,6,15,11,6,7,2,5,12,41.7,7,7,1,6,1,16,16,0,690,44,142,331,220,39,690,15,4,26.7,11,73.3,390,2316,1220,27,23,11,17,14,448,56,1,0,0,10,10,1,23,1,11,0,0,0,53,22,11,66.7,Burnley,Manchester Utd,February-8-2022
0,0,0,713,17,2,7,3.1,3.1,2.5,38,10,566,631,89.7,43,439,23,11,6,631,89.7,9159,2557,267,278,96.0,236,266,88.7,37,54,68.5,4,2.5,1.4,17,29,10,3,43,631,602,29,10,2,6,14,10,2,566,0,3,17,10,7,9,1,8,15,53.3,7,7,4,3,2,19,18,0,713,67,229,341,147,29,713,11,6,54.5,5,45.5,439,2408,1255,23,19,8,6,8,564,43,2,0,0,10,7,0,14,2,10,0,0,0,39,10,16,38.5,0,0,0,498,13,7,7,0.5,0.5,0.3,14,2,341,414,82.4,35,319,16,15,7,414,82.4,6591,2344,130,151,86.1,173,198,87.4,36,55,65.5,0,0.3,0.4,4,25,5,1,35,414,372,38,9,0,6,16,9,3,341,4,3,13,9,3,7,3,5,11,45.5,6,7,4,3,7,20,17,0,498,66,167,222,115,14,498,15,7,46.7,8,53.3,319,1407,717,16,15,2,10,9,339,35,3,0,0,7,10,4,16,7,9,0,0,0,34,16,10,61.5,Tottenham,Newcastle Utd,April-3-2022
0,1,0,477,22,12,7,2.8,1.9,1.5,32,6,248,380,65.3,30,176,24,11,4,380,65.3,4712,2081,115,152,75.7,92,125,73.6,35,84,41.7,4,1.5,0.9,13,29,10,1,30,380,336,43,6,0,1,23,21,8,248,1,6,22,13,6,11,5,9,20,45.0,11,7,1,6,12,34,12,0,477,45,111,203,170,34,476,11,4,36.4,7,63.6,176,1035,569,24,9,9,9,6,245,30,2,0,0,7,5,1,23,12,13,1,0,0,65,15,20,42.9,0,0,1,687,13,7,13,1.4,1.4,1.3,16,2,465,590,78.8,37,362,19,20,11,590,78.8,7458,2633,256,293,87.4,156,193,80.8,40,69,58.0,1,1.3,1.5,8,25,9,3,37,590,541,45,8,3,7,12,19,3,465,4,6,13,8,11,1,1,7,11,63.6,4,13,7,6,7,20,18,2,687,79,312,299,86,19,687,20,11,55.0,9,45.0,362,1955,1059,19,7,6,12,13,461,37,3,1,1,5,7,4,12,7,8,0,1,0,62,20,15,57.1,Watford,Manchester Utd,November-20-2021
0,0,0,640,12,9,12,2.6,2.6,1.7,29,6,442,528,83.7,36,416,16,17,6,528,83.7,7463,2748,216,232,93.1,172,194,88.7,41,74,55.4,3,1.7,0.7,11,24,8,0,36,528,477,49,19,5,4,9,12,4,442,2,8,12,7,2,7,3,8,14,57.1,6,12,3,9,9,21,9,0,640,79,206,315,124,34,640,17,6,35.3,11,64.7,416,1683,839,16,8,8,18,3,438,36,0,0,0,5,17,2,9,9,7,0,0,0,49,11,8,57.9,0,0,0,670,14,9,13,1.2,1.2,1.1,33,4,467,555,84.1,40,389,21,14,6,555,84.1,7973,2589,239,258,92.6,170,189,89.9,49,75,65.3,2,1.1,0.8,16,39,7,2,40,555,513,39,7,3,7,17,12,3,467,3,11,14,8,5,7,2,11,17,64.7,6,13,5,8,9,23,12,1,670,77,201,293,179,19,670,14,6,42.9,8,57.1,389,1913,1123,21,18,6,17,4,462,40,3,0,0,17,5,3,17,9,8,0,0,0,59,8,11,42.1,Leicester City,Manchester Utd,October-16-2021
0,0,0,488,16,14,13,0.5,0.5,0.5,12,2,287,375,76.5,32,291,12,13,8,375,76.5,4978,2053,149,173,86.1,104,124,83.9,31,61,50.8,1,0.5,0.7,5,22,6,0,32,375,328,45,15,1,1,10,16,2,287,2,8,16,12,14,2,0,4,13,30.8,9,13,6,7,14,30,32,0,488,79,207,188,96,15,488,13,8,61.5,5,38.5,291,1292,641,12,8,3,14,7,284,31,0,0,0,9,10,2,10,14,12,0,0,0,43,15,12,55.6,0,0,0,774,12,9,8,1.9,1.9,1.8,38,1,584,680,85.9,70,468,30,13,9,680,85.9,9007,3080,326,348,93.7,192,224,85.7,42,66,63.6,1,1.8,1.6,18,55,20,4,70,680,633,44,11,4,12,26,20,9,584,3,9,12,6,2,7,3,5,13,38.5,8,8,2,6,9,21,15,0,774,37,155,345,281,41,774,13,9,69.2,4,30.8,468,2254,1156,30,20,9,14,12,582,70,1,0,0,12,9,3,26,9,6,0,0,0,58,12,15,44.4,Manchester Utd,Chelsea,April-28-2022
0,0,0,480,10,15,12,2.6,2.6,2.4,32,6,252,358,70.4,34,216,10,21,10,358,70.4,4533,2322,116,139,83.5,83,118,70.3,37,72,51.4,3,2.4,1.8,14,29,9,1,34,358,317,41,10,0,3,14,16,4,252,0,7,10,7,7,2,1,4,9,44.4,5,12,5,7,15,25,26,0,480,74,179,184,121,34,480,21,10,47.6,11,52.4,216,1016,506,10,6,8,11,6,249,34,0,0,0,12,9,0,14,15,7,0,0,0,51,15,14,51.7,0,0,0,628,17,8,10,1.4,1.4,0.9,36,0,399,520,76.7,41,365,17,9,5,520,76.7,6304,2362,208,242,86.0,156,186,83.9,24,57,42.1,0,0.9,0.9,13,34,10,5,41,520,475,43,10,0,1,30,13,7,399,2,7,17,5,10,7,0,11,21,52.4,10,10,5,5,8,25,17,0,628,66,174,266,195,29,628,9,5,55.6,4,44.4,365,1918,1005,17,19,5,11,6,392,41,1,0,0,9,12,2,30,8,5,0,0,0,60,14,15,48.3,Brentford,Southampton,May-7-2022
0,0,1,504,22,10,16,0.4,0.4,0.3,12,0,295,401,73.6,16,285,15,14,10,401,73.6,5083,1950,142,166,85.5,126,150,84.0,21,56,37.5,0,0.3,0.4,5,14,5,1,16,401,353,41,10,2,0,15,17,5,295,7,13,22,11,12,8,2,8,17,47.1,9,16,6,10,10,32,11,0,504,55,204,217,92,13,504,14,10,71.4,4,28.6,285,1702,929,15,11,1,11,8,294,15,4,1,1,13,11,7,15,10,11,0,0,0,53,11,12,47.8,0,0,0,739,12,13,9,0.8,0.8,0.7,28,2,541,630,85.9,40,478,26,17,9,630,85.9,9944,3300,224,248,90.3,250,275,90.9,58,82,70.7,1,0.7,0.5,11,44,3,1,40,630,586,44,20,0,4,12,14,2,541,0,9,12,8,3,8,1,4,14,28.6,10,9,0,9,13,25,23,0,739,55,223,367,154,16,739,17,9,52.9,8,47.1,478,2277,1332,26,18,8,14,14,538,39,1,0,0,11,12,0,12,13,8,0,0,0,54,12,11,52.2,Everton,Wolves,March-13-2022
0,0,0,577,13,17,12,1.9,1.9,1.0,27,1,328,443,74.0,44,249,14,14,5,443,74.0,5708,2357,161,180,89.4,126,158,79.7,33,76,43.4,1,1.0,0.8,10,30,13,5,44,443,398,45,7,2,1,22,24,6,328,0,9,13,11,6,4,3,9,21,42.9,12,12,4,8,17,30,21,0,577,45,182,229,169,23,577,14,5,35.7,9,64.3,249,1536,633,14,11,1,22,13,324,43,2,0,0,11,9,0,22,17,11,0,0,0,78,26,18,59.1,0,0,0,563,22,6,12,1.9,1.9,1.8,26,4,320,441,72.6,30,253,16,21,12,441,72.6,6076,2549,142,175,81.1,123,164,75.0,48,85,56.5,2,1.8,1.3,14,29,6,4,30,441,378,63,11,0,2,17,36,5,320,0,9,22,12,12,9,1,9,14,64.3,5,12,4,8,6,28,15,0,563,66,214,192,165,26,563,21,12,57.1,9,42.9,253,1441,832,16,13,2,22,4,319,30,1,0,0,9,11,0,17,6,12,0,0,0,64,18,26,40.9,Watford,Brentford,April-16-2022
1,1,0,791,9,4,2,2.2,1.4,1.3,39,1,600,705,85.1,54,551,21,14,9,705,85.1,10336,2966,278,304,91.4,233,267,87.3,64,89,71.9,0,1.3,1.3,17,47,14,3,54,705,660,44,9,1,9,34,20,8,600,1,13,9,6,4,1,4,4,7,57.1,3,2,1,1,4,13,17,0,791,46,177,387,231,33,790,14,9,64.3,5,35.7,551,2751,1464,21,17,6,12,12,594,54,3,0,0,12,7,1,34,4,6,0,0,0,48,24,21,53.3,0,0,0,443,17,8,13,0.7,0.7,0.6,16,0,240,334,71.9,22,235,6,7,3,334,71.9,4815,1945,97,111,87.4,90,119,75.6,43,82,52.4,0,0.6,0.9,6,21,6,1,22,334,291,41,13,1,6,13,15,2,240,2,2,17,7,9,7,1,5,14,35.7,9,13,7,6,8,25,32,0,443,63,141,216,89,16,443,7,3,42.9,4,57.1,235,1213,585,6,4,0,11,5,239,22,2,0,0,8,12,2,13,8,7,0,1,0,42,21,24,46.7,Tottenham,Burnley,May-15-2022
1,1,0,479,13,5,13,1.8,1.0,1.0,15,5,276,378,73.0,18,271,9,7,6,378,73.0,4954,2016,124,146,84.9,122,145,84.1,25,62,40.3,2,1.0,1.1,7,16,3,1,18,378,337,38,10,0,2,13,20,1,276,3,11,13,7,7,6,0,6,15,40.0,9,13,8,5,5,18,31,0,479,84,200,194,90,19,478,7,6,85.7,1,14.3,271,1445,496,9,5,2,13,5,275,18,1,0,0,10,9,3,13,5,7,1,0,0,44,17,14,54.8,0,0,0,727,6,6,10,1.1,1.1,0.8,35,4,534,643,83.0,58,485,47,15,9,643,83.0,8368,2544,269,303,88.8,204,230,88.7,36,64,56.3,2,0.8,1.1,15,37,14,3,58,643,592,50,13,0,2,33,16,9,534,1,9,6,5,0,5,1,1,7,14.3,6,10,1,9,6,12,11,1,727,51,143,330,259,44,727,15,9,60.0,6,40.0,485,2628,1477,47,28,17,13,7,533,58,3,0,0,10,10,1,33,6,5,0,1,0,44,14,17,45.2,West Ham,Chelsea,December-4-2021
0,0,0,651,12,4,16,3.1,3.1,2.8,46,2,446,551,80.9,62,417,25,27,18,551,80.9,7837,2607,211,238,88.7,192,219,87.7,39,73,53.4,1,2.8,2.1,21,39,19,1,62,551,506,43,10,4,4,18,20,5,446,2,6,12,6,5,5,2,6,15,40.0,9,16,0,16,4,16,9,2,651,31,141,323,196,47,651,27,18,66.7,9,33.3,417,2313,1278,25,12,12,11,12,443,61,1,0,0,8,8,2,18,4,6,0,0,0,67,11,12,47.8,0,0,0,558,21,16,15,1.0,1.0,0.6,9,1,328,441,74.4,15,336,13,15,9,441,74.4,5998,2043,143,166,86.1,143,161,88.8,39,91,42.9,0,0.6,0.3,4,14,3,2,15,441,395,44,9,1,3,9,14,4,328,2,15,21,15,15,6,0,9,27,33.3,18,15,9,6,16,37,23,0,558,93,281,214,70,8,558,15,9,60.0,6,40.0,336,1722,868,13,13,4,14,6,326,15,1,0,0,9,8,2,9,16,15,0,0,1,58,12,11,52.2,Arsenal,Wolves,February-24-2022
0,0,0,544,11,17,17,2.0,2.0,1.8,20,6,257,402,63.9,17,254,16,22,8,402,63.9,4463,2206,135,184,73.4,79,109,72.5,33,81,40.7,3,1.8,1.6,8,19,4,0,17,402,327,74,16,0,2,24,36,9,257,1,13,11,2,8,2,1,5,17,29.4,12,17,8,9,17,28,28,0,544,70,187,199,164,38,544,22,8,36.4,14,63.6,254,1060,495,16,9,8,17,5,255,17,2,0,0,11,15,1,24,17,2,0,2,0,45,30,21,58.8,2,2,0,507,19,9,9,2.4,0.8,0.7,25,4,230,377,61.0,31,250,20,17,12,377,61.0,3791,1629,126,172,73.3,59,92,64.1,29,78,37.2,0,0.7,0.8,11,20,10,2,31,377,324,53,10,1,0,28,25,6,230,0,10,19,11,12,6,1,14,22,63.6,8,9,3,6,9,28,41,1,507,60,157,152,206,33,505,17,12,70.6,5,29.4,250,1478,699,20,15,10,17,6,229,31,2,0,0,16,11,0,28,9,11,2,0,0,57,21,30,41.2,Burnley,Everton,April-6-2022
0,0,0,685,16,10,5,1.5,1.5,0.9,22,0,472,580,81.4,46,443,26,15,8,580,81.4,7264,2505,259,285,90.9,175,208,84.1,24,50,48.0,0,0.9,0.6,8,47,5,0,46,580,530,49,14,0,3,25,23,7,472,1,14,16,8,7,8,1,6,23,26.1,17,5,1,4,10,26,10,0,685,54,165,304,219,16,685,15,8,53.3,7,46.7,443,2286,1014,26,9,3,20,10,469,46,2,0,0,11,15,1,25,10,8,0,0,0,64,9,11,45.0,0,0,0,509,17,10,13,1.1,1.1,0.9,15,2,301,397,75.8,22,310,18,23,17,397,75.8,5453,1938,132,152,86.8,134,158,84.8,32,71,45.1,1,0.9,0.8,5,22,4,0,22,397,356,40,11,3,2,13,15,4,301,1,4,17,9,13,4,0,7,15,46.7,8,13,3,10,10,27,26,0,509,66,240,173,101,15,509,23,17,73.9,6,26.1,310,1569,820,18,12,4,16,10,295,21,0,0,0,15,11,1,13,10,9,0,0,0,63,11,9,55.0,Brighton,Wolves,December-15-2021
0,0,0,559,16,16,14,1.4,1.4,1.2,20,5,316,443,71.3,28,296,18,13,8,443,71.3,5175,1908,173,208,83.2,110,144,76.4,26,68,38.2,3,1.2,0.6,9,30,4,1,28,443,403,40,9,1,0,19,16,5,316,0,10,16,8,8,8,0,7,17,41.2,10,14,1,13,16,32,20,0,559,47,150,263,151,17,559,13,8,61.5,5,38.5,296,1499,645,18,14,6,15,10,312,28,0,0,0,9,8,0,19,16,8,0,0,0,62,17,20,45.9,0,0,0,586,15,7,10,0.5,0.5,0.4,8,2,345,475,72.6,35,334,9,17,10,475,72.6,5849,2149,156,201,77.6,143,170,84.1,31,67,46.3,1,0.4,0.5,4,30,9,4,35,475,425,49,9,3,2,13,27,2,345,1,13,15,6,4,9,2,5,13,38.5,8,10,2,8,7,22,16,1,586,67,210,262,118,17,586,17,10,58.8,7,41.2,334,1355,698,9,10,2,21,9,341,34,1,0,0,8,9,1,13,7,6,0,0,1,56,20,17,54.1,Southampton,Brentford,January-11-2022
0,0,0,517,11,4,11,1.6,1.6,1.2,20,1,275,410,67.1,30,187,13,21,8,410,67.1,4924,2150,123,157,78.3,104,135,77.0,35,80,43.8,0,1.2,1.3,8,23,9,4,30,410,343,62,8,0,2,23,35,8,275,5,13,11,7,6,3,2,1,4,25.0,3,11,0,11,4,15,12,2,517,45,127,222,175,21,517,21,8,38.1,13,61.9,187,927,442,13,9,1,13,9,271,30,1,0,0,8,9,5,23,4,7,0,1,0,54,19,19,50.0,1,1,0,492,22,8,16,1.8,1.0,1.0,10,3,263,372,70.7,23,224,16,4,3,372,70.7,4518,1822,132,159,83.0,92,112,82.1,27,78,34.6,1,1.0,0.6,5,23,4,0,23,372,326,46,12,0,4,9,22,2,263,0,11,22,12,12,8,2,13,21,61.9,8,16,4,12,8,30,28,0,492,61,215,192,94,16,491,4,3,75.0,1,25.0,224,1149,579,16,5,5,20,10,259,23,0,0,0,9,7,0,9,8,12,0,0,0,49,19,19,50.0,Burnley,Newcastle Utd,May-22-2022
0,0,0,708,17,8,5,1.3,1.3,1.1,20,4,511,613,83.4,36,504,14,24,10,613,83.4,9130,2992,246,267,92.1,201,227,88.5,57,91,62.6,2,1.1,0.9,8,39,12,2,36,613,568,40,11,2,4,17,20,4,511,5,5,17,6,10,5,2,5,9,55.6,4,5,0,5,8,25,12,0,708,84,287,287,140,30,708,24,10,41.7,14,58.3,504,2034,1013,14,10,5,11,4,507,35,1,0,0,9,10,5,17,8,6,0,0,0,66,9,9,50.0,0,0,0,612,18,8,7,1.3,1.3,1.3,11,4,399,497,80.3,39,292,10,9,4,497,80.3,7476,2803,167,188,88.8,190,220,86.4,40,74,54.1,2,1.3,1.3,5,28,8,1,39,497,452,43,14,6,4,5,15,1,399,2,6,18,12,10,7,1,14,24,58.3,10,7,3,4,8,26,19,0,612,94,244,260,112,18,612,9,4,44.4,5,55.6,292,1296,705,10,11,3,14,12,393,39,4,0,0,11,8,2,5,8,12,0,0,0,50,9,9,50.0,Manchester City,Liverpool,April-10-2022
0,0,0,801,9,6,17,1.4,1.4,1.1,34,2,609,698,87.2,46,560,24,17,10,698,87.2,9716,3080,331,362,91.4,206,227,90.7,54,80,67.5,1,1.1,1.5,17,49,14,2,46,698,644,54,7,2,0,33,22,12,609,0,5,9,7,5,2,2,2,5,40.0,3,17,6,11,6,15,13,2,801,59,196,320,289,33,801,17,10,58.8,7,41.2,560,2479,1219,24,35,5,16,12,608,46,0,0,0,11,7,0,33,6,7,0,0,0,52,13,19,40.6,0,0,0,418,19,8,7,1.8,1.8,1.4,28,7,210,295,71.2,25,213,10,5,3,295,71.2,3778,1981,98,115,85.2,76,91,83.5,27,62,43.5,3,1.4,1.1,10,19,8,2,25,295,251,44,10,1,0,17,13,7,210,0,11,19,10,9,8,2,7,17,41.2,10,7,4,3,8,27,35,0,418,86,177,137,108,23,418,5,3,60.0,2,40.0,213,1097,548,10,9,2,14,7,209,25,0,0,0,7,10,0,17,8,10,0,0,0,48,19,13,59.4,Chelsea,Brentford,April-2-2022
0,0,0,503,16,8,6,0.5,0.5,0.5,12,2,340,418,81.3,21,342,13,20,10,418,81.3,6433,2276,131,148,88.5,165,183,90.2,41,73,56.2,1,0.5,0.3,6,18,5,1,21,418,373,43,14,0,0,15,8,6,340,2,4,16,9,6,9,1,4,9,44.4,5,6,1,5,8,24,12,2,503,84,248,198,62,13,503,20,10,50.0,10,50.0,342,1561,677,13,8,6,10,12,340,21,0,0,0,2,9,2,15,8,9,0,0,0,40,4,11,26.7,0,0,0,905,22,8,4,2.5,2.5,1.2,24,8,739,819,90.2,52,583,26,9,5,819,90.2,12517,3773,373,402,92.8,293,316,92.7,65,81,80.2,2,1.2,1.1,11,38,10,0,52,819,794,22,4,5,3,12,12,2,739,3,5,22,10,12,9,1,10,20,50.0,10,4,1,3,8,30,10,0,905,48,233,498,179,28,905,9,5,55.6,4,44.4,583,2914,1442,26,16,10,4,12,737,52,1,0,0,11,2,3,12,8,10,0,0,0,58,11,4,73.3,Wolves,Manchester City,May-11-2022
0,0,0,489,18,11,22,0.5,0.5,0.3,15,0,236,357,66.1,27,237,14,20,12,357,66.1,3914,1633,118,149,79.2,87,119,73.1,23,66,34.8,0,0.3,0.3,6,22,4,2,27,357,315,41,9,0,1,18,20,4,236,1,6,18,13,8,9,1,10,19,52.6,9,22,4,18,11,29,22,0,489,57,184,202,116,16,489,20,12,60.0,8,40.0,237,1390,705,14,12,4,25,13,234,27,3,0,0,16,7,1,18,11,13,0,0,0,72,8,28,22.2,0,0,0,750,21,10,8,1.7,1.7,1.1,18,3,499,641,77.8,43,432,17,19,9,641,77.8,8750,2895,226,262,86.3,231,269,85.9,38,80,47.5,1,1.1,0.8,7,39,7,4,43,641,589,51,17,0,6,20,22,5,499,1,18,21,11,10,9,2,8,20,40.0,12,8,2,6,10,31,17,0,750,62,220,357,182,28,750,19,9,47.4,10,52.6,432,2049,946,17,15,4,16,8,498,43,2,0,0,9,16,1,20,10,11,0,0,0,72,28,8,77.8,Watford,Brighton,February-12-2022
1,1,0,645,23,12,13,1.4,0.6,0.3,25,1,398,512,77.7,50,390,15,18,4,512,77.7,7362,2764,153,186,82.3,214,249,85.9,31,64,48.4,0,0.3,0.6,8,40,4,0,50,512,465,45,14,0,2,18,13,7,398,2,6,23,9,9,12,2,8,26,30.8,18,13,4,9,12,35,17,0,645,62,217,290,144,17,644,18,4,22.2,14,77.8,390,2089,1184,15,6,5,20,7,397,50,5,0,0,15,14,2,18,12,9,0,0,0,62,12,9,57.1,0,0,0,472,21,13,14,1.2,1.2,0.8,17,0,219,328,66.8,20,241,18,26,18,328,66.8,4166,2029,92,109,84.4,99,138,71.7,27,68,39.7,0,0.8,1.0,5,13,5,0,20,328,275,53,16,2,1,16,22,4,219,0,9,21,9,11,7,3,14,18,77.8,4,14,8,6,13,34,18,0,472,73,212,174,96,19,472,26,18,69.2,8,30.8,241,1211,650,18,8,3,30,15,218,19,3,0,0,15,15,0,16,13,9,0,1,0,58,9,12,42.9,Leeds United,Crystal Palace,November-30-2021
0,0,0,516,20,8,5,0.2,0.2,0.1,11,0,335,418,80.1,29,322,19,24,14,418,80.1,6562,2499,113,132,85.6,170,193,88.1,42,64,65.6,0,0.1,0.2,3,29,4,1,29,418,363,54,15,1,5,18,20,6,335,1,12,20,11,13,7,0,11,30,36.7,19,5,3,2,8,28,23,0,516,78,224,198,97,15,516,24,14,58.3,10,41.7,322,1769,988,19,6,5,14,9,332,29,3,0,0,15,13,1,18,8,11,0,0,1,39,12,5,70.6,0,0,0,632,19,9,10,2.4,2.4,1.6,27,1,451,520,86.7,41,431,31,30,19,520,86.7,8059,2628,179,196,91.3,208,232,89.7,45,63,71.4,0,1.6,1.3,11,39,6,1,41,520,474,44,15,2,7,15,13,8,451,2,2,19,13,9,8,2,10,24,41.7,14,10,0,10,9,28,20,0,632,45,190,307,144,22,632,30,19,63.3,11,36.7,431,2352,1355,31,18,6,16,9,449,41,3,0,0,13,13,2,15,9,13,0,0,0,45,5,12,29.4,Watford,Wolves,September-11-2021
0,0,0,626,12,6,13,1.6,1.6,1.3,34,6,426,527,80.8,46,458,18,6,5,527,80.8,7074,2433,211,233,90.6,173,206,84.0,33,66,50.0,3,1.3,1.5,15,28,18,2,46,527,493,34,9,1,1,19,13,5,426,0,9,12,8,6,4,2,3,4,75.0,1,13,3,10,6,18,26,0,626,76,198,235,199,33,626,6,5,83.3,1,16.7,458,1997,1062,18,15,5,11,13,418,45,1,0,0,9,9,0,19,6,8,0,0,0,54,20,13,60.6,0,0,0,624,14,6,15,0.2,0.2,0.1,11,0,418,536,78.0,44,345,13,4,1,536,78.0,7821,2406,192,212,90.6,169,203,83.3,53,101,52.5,0,0.1,0.3,4,29,8,1,44,536,489,47,9,0,5,29,20,6,418,0,14,14,9,10,3,1,1,6,16.7,5,15,7,8,6,20,20,0,624,77,212,255,162,14,624,4,1,25.0,3,75.0,345,1624,903,13,12,2,9,9,411,43,1,0,0,9,8,0,29,6,9,0,0,0,48,13,20,39.4,Brighton,West Ham,May-22-2022
0,0,0,501,13,4,15,0.7,0.7,0.5,13,2,293,408,71.8,30,275,18,14,10,408,71.8,5471,2449,133,161,82.6,118,139,84.9,38,89,42.7,1,0.5,0.5,6,20,7,3,30,408,362,45,16,3,3,21,17,3,293,1,11,13,6,8,3,2,7,12,58.3,5,15,5,10,4,17,16,0,501,64,187,211,111,16,501,14,10,71.4,4,28.6,275,1366,605,18,6,1,17,12,291,30,3,0,0,15,14,1,21,4,6,0,0,0,52,21,20,51.2,0,0,0,566,16,6,9,0.9,0.9,0.9,17,2,358,472,75.8,29,317,9,12,5,472,75.8,6499,2605,143,165,86.7,164,192,85.4,38,82,46.3,1,0.9,1.1,9,17,6,0,29,472,425,45,16,3,4,7,21,2,358,2,10,16,12,5,9,2,4,14,28.6,10,9,0,9,6,22,24,0,566,91,270,211,88,20,566,12,5,41.7,7,58.3,317,1489,853,9,4,2,13,6,355,28,3,0,0,14,14,2,7,6,12,0,0,0,48,20,21,48.8,Aston Villa,Brentford,August-28-2021
0,0,0,601,15,13,13,0.5,0.5,0.5,13,0,362,481,75.3,35,235,15,16,8,481,75.3,6714,2409,161,184,87.5,147,176,83.5,51,98,52.0,0,0.5,0.4,6,21,9,1,35,481,423,57,11,0,4,12,31,3,362,1,11,15,7,5,7,3,4,13,30.8,9,13,4,9,13,28,18,0,601,68,225,273,104,10,601,16,8,50.0,8,50.0,235,1400,616,15,8,1,26,16,358,35,3,0,0,12,8,1,12,13,7,0,0,0,60,26,20,56.5,0,0,0,545,24,11,10,0.9,0.9,0.8,25,0,294,424,69.3,26,247,11,13,9,424,69.3,4872,1906,152,175,86.9,105,140,75.0,25,74,33.8,0,0.8,0.6,11,29,6,1,26,424,379,43,12,0,6,15,19,5,294,2,10,24,8,11,9,4,8,16,50.0,8,10,0,10,11,35,12,0,545,69,199,223,127,14,545,13,9,69.2,4,30.8,247,988,513,11,4,1,21,11,292,25,1,0,0,9,10,2,15,11,8,0,0,0,69,20,26,43.5,Crystal Palace,Brentford,August-21-2021
0,0,0,445,17,13,14,0.1,0.1,0.1,8,0,249,352,70.7,19,246,12,7,2,352,70.7,4591,1814,108,128,84.4,101,131,77.1,32,68,47.1,0,0.1,0.2,4,11,2,0,19,352,301,48,9,1,3,9,23,3,249,3,7,17,8,5,11,1,9,20,45.0,11,14,6,8,13,30,12,1,445,59,191,178,86,4,445,7,2,28.6,5,71.4,246,1435,684,12,14,2,13,8,244,18,1,0,0,13,7,3,9,13,8,0,1,0,51,10,22,31.3,1,1,0,712,13,8,6,2.6,1.8,0.8,26,9,516,621,83.1,48,405,15,20,11,621,83.1,9037,3077,210,240,87.5,252,277,91.0,39,70,55.7,3,0.8,0.8,10,43,9,0,48,621,577,42,14,2,4,9,20,4,516,2,8,13,11,6,6,1,5,7,71.4,2,6,1,5,8,21,10,0,712,39,202,342,174,20,711,20,11,55.0,9,45.0,405,1892,1011,15,10,4,16,8,514,48,2,0,0,7,13,2,9,8,11,1,0,0,60,22,10,68.8,Norwich City,Arsenal,December-26-2021
0,0,0,558,22,11,9,2.4,2.4,1.1,28,4,311,449,69.3,35,308,27,23,13,449,69.3,5524,2548,141,183,77.0,115,153,75.2,37,70,52.9,2,1.1,1.4,11,19,13,6,35,449,390,58,10,3,4,26,31,4,311,1,16,22,13,7,11,4,12,18,66.7,6,9,2,7,11,33,12,0,558,43,154,252,159,32,558,23,13,56.5,10,43.5,308,1754,890,27,20,6,15,14,308,35,3,0,0,6,9,1,26,11,13,0,0,0,73,23,17,57.5,0,0,0,625,24,10,16,2.2,2.2,2.0,34,5,355,486,73.0,22,317,16,18,6,486,73.0,5545,2124,163,196,83.2,130,165,78.8,28,67,41.8,3,2.0,0.7,15,18,9,1,22,486,439,46,5,2,2,16,24,3,355,1,9,24,14,17,3,4,10,23,43.5,13,16,4,12,10,34,24,0,625,76,276,223,132,30,625,18,6,33.3,12,66.7,317,1591,815,16,14,5,16,10,352,22,2,0,0,9,6,1,16,10,14,0,0,0,72,17,23,42.5,West Ham,Leeds United,January-16-2022
1,1,0,633,20,11,4,1.6,0.8,0.6,21,3,385,540,71.3,55,369,21,13,6,540,71.3,7434,2728,139,183,76.0,199,244,81.6,42,93,45.2,1,0.6,0.5,9,38,10,2,55,540,474,65,17,0,1,28,34,8,385,1,7,20,12,9,6,5,9,15,60.0,6,4,1,3,11,31,10,0,633,47,180,294,164,28,632,13,6,46.2,7,53.8,369,1816,1002,21,19,3,16,10,377,55,4,0,0,12,18,1,28,11,12,1,0,0,61,24,36,40.0,0,0,0,448,17,8,10,0.5,0.5,0.4,12,2,187,318,58.8,19,195,6,15,6,318,58.8,3048,1598,96,136,70.6,52,88,59.1,25,65,38.5,1,0.4,0.6,5,15,5,2,19,318,267,51,12,1,2,11,26,2,187,0,4,17,9,9,8,0,7,13,53.8,6,10,5,5,8,25,37,0,448,66,191,182,80,8,448,15,6,40.0,9,60.0,195,824,356,6,5,0,23,11,183,19,0,0,0,18,12,0,11,8,9,0,1,0,61,36,24,60.0,Brentford,Watford,December-10-2021
0,0,0,545,16,15,10,1.3,1.3,1.2,21,2,331,440,75.2,51,286,11,16,11,440,75.2,5936,2359,143,168,85.1,144,171,84.2,32,66,48.5,1,1.2,1.6,12,37,12,4,51,440,384,55,9,2,3,28,32,5,331,1,15,16,5,11,4,1,6,21,28.6,15,10,4,6,15,31,13,0,545,44,136,245,174,37,545,16,11,68.8,5,31.3,286,1557,629,11,7,5,16,8,330,51,1,0,0,10,5,1,28,15,5,0,0,0,47,15,29,34.1,0,0,0,641,13,15,18,1.1,1.1,1.0,18,4,412,504,81.7,35,309,17,21,15,504,81.7,7345,2529,184,208,88.5,184,208,88.5,37,68,54.4,1,1.0,1.0,7,18,7,2,35,504,458,44,11,1,3,13,18,3,412,2,6,13,8,5,5,3,5,16,31.3,11,18,7,11,15,28,36,1,641,96,259,278,106,20,641,21,15,71.4,6,28.6,309,1657,918,17,11,5,21,10,408,34,0,0,0,7,10,2,13,15,8,0,0,0,47,29,15,65.9,West Ham,Crystal Palace,August-28-2021
0,0,1,435,18,3,12,0.7,0.7,0.4,17,2,206,314,65.6,27,154,7,16,7,314,65.6,3917,1769,93,115,80.9,68,90,75.6,32,81,39.5,1,0.4,0.3,5,17,6,2,27,314,264,49,11,0,3,15,21,5,206,1,6,18,9,9,8,1,12,18,66.7,6,12,5,7,3,21,27,0,435,76,146,205,88,10,435,16,7,43.8,9,56.3,154,1101,503,7,9,1,22,6,204,27,2,1,0,13,11,1,15,3,9,0,0,0,51,30,35,46.2,0,0,0,611,15,2,10,0.9,0.9,0.7,31,0,377,498,75.7,42,294,19,18,6,498,75.7,6906,2503,177,210,84.3,136,162,84.0,51,96,53.1,0,0.7,0.5,11,31,9,2,42,498,442,55,13,0,4,19,27,7,377,1,7,15,11,8,6,1,9,16,56.3,7,10,3,7,2,17,10,0,611,39,186,278,150,26,611,18,6,33.3,12,66.7,294,1762,975,19,16,2,24,6,377,42,1,0,0,11,12,1,19,2,11,0,0,0,50,35,30,53.8,Everton,Newcastle Utd,March-17-2022
0,0,0,513,14,11,4,0.5,0.5,0.3,16,0,349,440,79.3,37,327,17,6,2,440,79.3,6813,1908,141,163,86.5,149,167,89.2,52,92,56.5,0,0.3,0.7,5,22,5,1,37,440,399,41,11,0,10,14,17,3,349,0,6,14,12,9,4,1,8,18,44.4,10,4,3,1,11,25,7,1,513,60,184,233,98,16,513,6,2,33.3,4,66.7,327,1638,757,17,6,4,11,4,347,37,3,0,0,13,6,0,14,11,12,0,0,0,40,6,10,37.5,0,0,0,735,8,9,9,3.4,3.4,3.2,32,9,574,644,89.1,48,574,15,18,10,644,89.1,9137,2748,283,305,92.8,227,248,91.5,42,61,68.9,4,3.2,1.7,16,37,14,2,48,644,600,40,13,1,1,6,16,2,574,4,1,8,5,4,3,1,4,6,66.7,2,9,4,5,9,17,13,1,735,50,215,390,134,28,735,18,10,55.6,8,44.4,574,2496,1186,15,13,7,12,6,570,48,1,0,0,7,13,4,6,9,5,0,0,0,52,10,6,62.5,Norwich City,Tottenham,May-22-2022
0,0,0,737,15,10,6,1.2,1.2,1.1,29,4,557,658,84.7,58,556,23,13,6,658,84.7,9219,3147,269,296,90.9,232,258,89.9,41,68,60.3,2,1.1,1.0,13,35,7,2,58,658,610,48,15,0,5,26,18,10,557,0,13,15,11,3,10,2,5,13,38.5,8,6,1,5,10,25,12,0,737,50,188,385,173,23,737,13,6,46.2,7,53.8,556,2336,1237,23,9,9,9,7,552,57,2,0,0,17,14,0,26,10,11,0,0,0,50,13,8,61.9,0,0,0,481,14,12,16,0.5,0.5,0.5,12,0,288,372,77.4,27,227,13,13,8,372,77.4,4832,1919,141,160,88.1,119,151,78.8,23,46,50.0,0,0.5,0.2,6,22,2,0,27,372,318,53,17,5,1,5,21,3,288,1,5,14,7,5,8,1,7,13,53.8,6,16,3,13,12,26,26,0,481,69,204,219,68,7,481,13,8,61.5,5,38.5,227,1425,819,13,13,1,16,10,285,27,1,0,0,14,17,1,5,12,7,0,0,0,45,8,13,38.1,Chelsea,Tottenham,January-23-2022
0,0,0,659,11,11,10,2.3,2.3,1.9,36,0,408,539,75.7,63,390,26,31,16,539,75.7,7496,2789,152,184,82.6,205,247,83.0,40,72,55.6,0,1.9,1.1,15,36,15,2,63,539,486,51,15,7,5,19,20,6,408,2,9,11,8,7,4,0,5,12,41.7,7,10,2,8,11,22,14,2,659,63,202,298,173,35,659,31,16,51.6,15,48.4,390,2352,1347,26,15,5,22,13,402,62,1,0,0,12,14,2,19,11,8,0,0,0,78,17,13,56.7,0,0,0,548,28,15,11,0.7,0.7,0.4,17,0,284,413,68.8,32,245,17,12,7,413,68.8,4896,1874,130,152,85.5,123,156,78.8,24,80,30.0,0,0.4,0.3,8,18,3,0,32,413,371,41,13,0,4,11,14,1,284,1,9,28,14,10,16,2,15,31,48.4,16,11,2,9,15,43,18,1,548,87,209,245,103,19,548,12,7,58.3,5,41.7,245,1477,805,17,8,4,25,6,278,31,3,0,0,14,12,1,11,15,14,0,0,0,73,13,17,43.3,Brighton,Leeds United,November-27-2021
0,0,0,743,15,14,17,1.2,1.2,0.9,29,0,506,621,81.5,48,503,34,17,10,621,81.5,8240,2564,256,298,85.9,189,223,84.8,41,56,73.2,0,0.9,1.3,12,33,11,2,48,621,574,44,12,7,3,23,21,7,506,3,12,15,11,4,8,3,7,13,53.8,6,17,3,14,14,29,9,1,743,38,150,390,207,31,743,17,10,58.8,7,41.2,503,2793,1439,34,23,7,15,8,500,46,3,0,0,13,13,3,23,14,11,0,0,0,61,21,11,65.6,0,0,0,571,15,12,14,1.4,1.4,0.6,16,2,338,448,75.4,23,272,15,13,6,448,75.4,6286,1946,145,164,88.4,136,170,80.0,48,87,55.2,0,0.6,0.5,6,15,3,0,23,448,395,52,16,2,3,6,25,3,338,1,12,15,7,7,7,1,7,17,41.2,10,14,5,9,12,27,34,0,571,84,231,264,82,12,571,13,6,46.2,7,53.8,272,1472,781,15,10,3,16,8,334,22,1,0,0,13,12,1,6,12,7,0,0,0,65,11,21,34.4,Tottenham,Wolves,February-13-2022
0,0,0,491,21,13,11,0.4,0.4,0.4,14,0,272,381,71.4,21,239,14,9,8,381,71.4,4194,2079,151,179,84.4,77,110,70.0,23,48,47.9,0,0.4,0.3,7,20,7,2,21,381,336,45,14,0,1,20,22,1,272,0,12,21,17,14,6,1,9,18,50.0,9,11,1,10,13,34,20,0,491,59,216,174,104,14,491,9,8,88.9,1,11.1,239,1296,563,14,8,3,20,15,267,21,3,0,0,9,12,0,20,13,17,0,0,0,48,15,11,57.7,0,0,0,636,16,12,8,0.3,0.3,0.3,8,2,422,542,77.9,40,408,8,18,9,542,77.9,7407,2320,191,211,90.5,161,193,83.4,51,97,52.6,1,0.3,0.4,4,30,7,0,40,542,488,52,9,1,2,11,30,5,422,2,13,16,11,5,7,4,1,9,11.1,8,8,0,8,12,28,15,0,636,58,178,279,183,14,636,18,9,50.0,9,50.0,408,1469,556,8,11,3,13,12,420,40,2,0,0,12,9,2,11,12,11,0,0,0,50,11,15,42.3,Brentford,Brighton,September-11-2021
0,0,0,469,17,7,14,0.8,0.8,0.3,22,1,240,358,67.0,21,205,14,23,14,358,67.0,4706,1797,93,114,81.6,104,130,80.0,37,93,39.8,1,0.3,0.4,6,17,3,1,21,358,303,55,20,2,2,18,24,5,240,0,8,17,8,10,7,0,9,22,40.9,13,14,6,8,7,24,8,1,469,47,182,175,119,10,469,23,14,60.9,9,39.1,205,1551,855,14,10,2,13,12,234,21,1,0,0,14,23,0,18,7,8,0,0,0,52,20,21,48.8,0,0,0,514,21,7,10,0.7,0.7,0.7,22,3,287,387,74.2,27,222,12,22,13,387,74.2,4905,2097,126,154,81.8,115,137,83.9,27,63,42.9,2,0.7,0.8,12,18,6,1,27,387,339,48,13,4,3,7,24,0,287,0,8,21,10,9,9,3,9,23,39.1,14,10,4,6,7,28,22,0,514,58,202,218,100,18,514,22,13,59.1,9,40.9,222,1505,699,12,7,7,21,8,282,27,4,0,0,23,14,0,7,7,10,0,0,0,51,21,20,51.2,Norwich City,Leeds United,October-31-2021
0,0,0,465,13,2,6,1.0,1.0,0.6,31,2,231,361,64.0,32,220,14,11,9,361,64.0,4481,2077,107,131,81.7,88,121,72.7,33,89,37.1,1,0.6,0.6,11,21,5,0,32,361,308,53,10,2,3,20,19,10,231,0,11,13,9,10,3,0,6,13,46.2,7,6,4,2,2,15,24,0,465,58,183,163,128,26,465,11,9,81.8,2,18.2,220,1449,635,14,10,5,17,13,229,31,1,0,0,11,9,0,20,2,9,0,0,0,49,27,31,46.6,0,0,0,509,15,10,20,0.6,0.6,0.5,18,0,277,396,69.9,31,254,8,13,7,396,69.9,5294,2294,115,140,82.1,99,126,78.6,46,102,45.1,0,0.5,0.5,7,31,8,1,31,396,353,42,9,1,4,16,22,3,277,1,3,15,8,7,6,2,2,11,18.2,9,20,11,9,10,25,21,1,509,61,159,254,102,13,509,13,7,53.8,6,46.2,254,1274,475,8,7,0,20,7,274,30,1,0,0,9,11,1,16,10,8,0,0,0,58,31,27,53.4,Newcastle Utd,Burnley,December-4-2021
0,0,0,654,15,5,7,2.3,2.3,2.2,35,7,469,567,82.7,50,413,16,12,10,567,82.7,8733,2967,195,220,88.6,207,239,86.6,65,94,69.1,4,2.2,1.7,16,38,9,5,50,567,519,46,8,0,8,34,23,10,469,2,8,15,11,10,5,0,7,12,58.3,5,7,2,5,5,20,7,0,654,34,180,296,187,27,654,12,10,83.3,2,16.7,413,1997,900,16,19,3,10,11,464,50,0,0,0,8,8,2,34,5,11,0,0,0,53,21,10,67.7,0,0,1,626,13,14,7,0.6,0.6,0.2,9,1,442,528,83.7,29,417,13,12,5,528,83.7,6955,2117,200,219,91.3,193,217,88.9,24,54,44.4,0,0.2,0.2,3,12,3,0,29,528,487,41,10,1,1,3,15,0,442,0,5,13,7,7,5,1,2,12,16.7,10,7,2,5,14,27,27,1,626,77,258,306,65,10,626,12,5,41.7,7,58.3,417,1934,924,13,12,3,8,8,437,29,1,1,0,8,8,0,3,14,7,0,0,0,47,10,21,32.3,West Ham,Leicester City,August-23-2021
0,0,0,629,20,10,12,1.2,1.2,0.7,15,3,369,505,73.1,40,314,12,22,11,505,73.1,6923,2444,131,167,78.4,169,203,83.3,49,92,53.3,1,0.7,0.4,5,18,9,3,40,505,435,69,23,1,2,20,32,4,369,1,9,20,10,11,8,1,4,11,36.4,7,12,4,8,10,30,32,0,629,102,277,233,121,19,629,22,11,50.0,11,50.0,314,1513,695,12,8,4,15,13,366,40,2,0,0,16,20,1,20,10,10,0,0,0,63,24,22,52.2,0,0,0,496,24,11,7,0.6,0.6,0.4,24,3,213,344,61.9,26,170,25,11,7,344,61.9,3997,1917,84,114,73.7,92,140,65.7,30,66,45.5,1,0.4,0.5,9,19,3,1,26,344,288,53,16,1,1,19,23,6,213,3,10,24,20,9,13,2,11,22,50.0,11,7,1,6,11,35,27,0,496,58,153,217,141,26,496,11,7,63.6,4,36.4,170,1346,691,25,14,8,18,16,209,25,4,0,0,20,14,3,19,11,20,0,0,0,70,22,24,47.8,Crystal Palace,Southampton,December-15-2021
1,1,0,729,17,10,8,2.2,1.4,0.8,33,2,486,607,80.1,85,427,28,19,10,607,80.1,9403,3236,196,227,86.3,216,247,87.4,69,96,71.9,0,0.8,1.6,14,50,23,5,85,607,561,44,6,3,11,28,23,11,486,2,20,17,8,10,5,2,6,19,31.6,13,8,2,6,10,27,21,0,729,41,162,332,239,61,728,19,10,52.6,9,47.4,427,2197,1156,28,16,12,19,12,483,85,1,0,0,13,6,2,28,10,8,1,0,0,54,21,7,75.0,0,0,0,502,21,7,25,0.2,0.2,0.2,8,0,256,378,67.7,29,236,6,19,13,378,67.7,4259,1826,130,161,80.7,100,127,78.7,22,70,31.4,0,0.2,0.2,3,21,5,1,29,378,323,54,14,2,1,15,25,3,256,1,8,21,9,15,4,2,9,19,47.4,10,25,7,18,7,28,25,1,502,104,227,172,104,13,502,19,13,68.4,6,31.6,236,1138,462,6,4,1,14,11,254,29,2,0,0,6,13,1,15,7,9,0,1,0,39,7,21,25.0,Liverpool,Aston Villa,December-11-2021
0,0,0,518,24,7,12,1.6,1.6,1.4,24,0,269,403,66.7,32,238,6,25,12,403,66.7,5712,2409,88,118,74.6,112,146,76.7,51,96,53.1,0,1.4,1.0,11,25,6,5,32,403,333,67,15,0,3,25,35,9,269,3,11,24,16,12,9,3,10,24,41.7,14,12,1,11,7,31,7,0,518,46,160,219,142,21,518,25,12,48.0,13,52.0,238,1335,500,6,11,4,13,13,263,31,5,0,0,14,16,3,25,7,16,0,0,0,58,29,30,49.2,0,0,0,531,26,10,14,0.8,0.8,0.6,15,2,280,399,70.2,36,237,13,24,14,399,70.2,4721,2131,134,172,77.9,105,135,77.8,26,60,43.3,1,0.6,0.6,5,16,7,1,36,399,342,56,15,1,2,7,27,2,280,1,11,26,18,8,15,3,13,25,52.0,12,14,8,6,10,36,20,0,531,60,187,268,87,12,531,24,14,58.3,10,41.7,237,1347,688,13,18,1,24,14,277,36,4,0,0,16,13,1,7,10,18,0,0,0,54,30,29,50.8,Everton,Aston Villa,January-22-2022
0,0,0,778,14,3,5,2.7,2.7,2.1,45,4,584,683,85.5,68,538,34,20,15,683,85.5,9166,2826,310,334,92.8,227,252,90.1,36,61,59.0,2,2.1,1.5,19,60,13,1,68,683,646,37,14,4,5,18,15,4,584,0,13,14,8,2,6,6,7,16,43.8,9,5,2,3,3,17,12,0,778,54,159,373,252,32,778,20,15,75.0,5,25.0,538,3175,1780,34,25,6,10,8,580,68,1,0,0,6,12,0,18,3,8,0,0,0,53,11,5,68.8,0,0,0,462,13,11,17,0.3,0.3,0.1,13,0,276,358,77.1,16,294,14,16,9,358,77.1,4683,1751,131,147,89.1,112,134,83.6,23,58,39.7,0,0.1,0.6,5,20,3,0,16,358,326,29,5,1,2,14,5,4,276,3,3,13,9,8,5,0,5,20,25.0,15,17,6,11,11,24,21,0,462,82,249,133,91,13,462,16,9,56.3,7,43.8,294,1749,845,14,16,3,17,7,276,16,3,0,0,12,5,3,14,11,9,0,0,0,39,5,11,31.3,Arsenal,Newcastle Utd,November-27-2021
0,0,0,655,13,11,11,1.1,1.1,1.0,30,0,438,550,79.6,43,329,23,14,7,550,79.6,7123,2460,220,244,90.2,170,201,84.6,35,74,47.3,0,1.0,0.7,15,33,6,0,43,550,508,39,8,1,2,26,21,5,438,3,9,13,9,5,6,2,6,14,42.9,8,11,2,9,11,24,10,0,655,47,166,278,217,24,655,14,7,50.0,7,50.0,329,2044,1050,23,21,6,18,5,435,42,0,0,0,12,8,3,26,11,9,0,0,0,64,14,15,48.3,0,0,0,534,12,6,13,1.0,1.0,0.9,8,2,310,416,74.5,27,227,15,14,8,416,74.5,5997,2365,131,159,82.4,123,146,84.2,48,86,55.8,1,0.9,0.2,4,34,4,0,27,416,369,46,15,0,2,6,19,5,310,1,9,12,6,9,2,1,7,14,50.0,7,13,6,7,6,18,37,2,534,86,221,201,116,16,534,14,8,57.1,6,42.9,227,1258,708,15,7,4,18,7,307,25,0,0,0,8,11,1,6,6,6,0,0,0,55,15,14,51.7,Southampton,Wolves,September-26-2021
0,0,0,452,9,8,14,1.2,1.2,0.6,29,0,235,344,68.3,17,183,14,16,11,344,68.3,4370,1893,96,123,78.0,104,138,75.4,27,59,45.8,0,0.6,0.7,10,20,6,1,17,344,290,54,13,2,3,22,23,8,235,0,11,9,8,4,2,3,4,10,40.0,6,14,4,10,8,17,20,0,452,65,175,162,118,16,452,16,11,68.8,5,31.3,183,1115,588,14,4,5,15,14,230,17,3,0,0,5,14,0,22,8,8,0,0,0,47,14,21,40.0,0,0,0,742,19,8,18,0.8,0.8,0.7,20,0,510,616,82.8,50,452,13,10,6,616,82.8,9101,3014,233,262,88.9,220,251,87.6,50,78,64.1,0,0.7,1.9,9,45,13,4,50,616,576,40,5,1,4,18,23,4,510,0,13,19,12,13,4,2,5,16,31.3,11,18,8,10,8,27,23,1,742,63,216,324,209,29,742,10,6,60.0,4,40.0,452,2017,1035,13,14,3,14,5,508,50,5,0,0,14,5,0,18,8,12,0,0,0,54,21,14,60.0,Norwich City,Brighton,October-16-2021
0,0,0,635,12,18,15,1.4,1.4,1.2,32,2,369,495,74.5,52,375,19,30,11,495,74.5,6650,2701,165,190,86.8,152,187,81.3,39,83,47.0,0,1.2,0.6,11,32,7,1,52,495,441,53,6,1,4,31,25,10,369,1,10,12,9,5,5,2,7,12,58.3,5,15,0,15,18,30,13,1,635,57,213,234,192,26,635,30,11,36.7,19,63.3,375,1783,804,19,8,6,20,14,368,52,1,0,0,12,5,1,31,18,9,0,0,0,74,7,15,31.8,0,0,0,523,33,9,11,0.7,0.7,0.4,12,2,267,385,69.4,27,248,7,12,5,385,69.4,4421,2147,137,163,84.0,104,130,80.0,21,63,33.3,1,0.4,0.4,5,20,6,0,27,385,338,45,13,2,1,10,11,5,267,2,15,33,18,19,10,4,19,30,63.3,11,11,4,7,9,42,36,0,523,94,240,186,100,17,523,12,5,41.7,7,58.3,248,1187,604,7,5,3,19,5,265,27,1,0,0,5,12,2,10,9,18,0,0,0,65,15,7,68.2,Leeds United,Leicester City,November-7-2021
0,0,0,856,18,19,13,1.8,1.8,0.7,38,3,591,719,82.2,76,490,23,32,18,719,82.2,10374,3360,252,286,88.1,265,302,87.7,62,89,69.7,1,0.7,1.3,14,58,15,1,76,719,675,41,11,0,8,28,19,7,591,3,8,18,11,3,7,8,6,14,42.9,8,13,1,12,19,37,15,0,856,42,185,398,287,48,856,32,18,56.3,14,43.8,490,2690,1386,23,23,11,20,9,586,76,1,0,0,11,6,3,28,19,11,0,0,0,71,24,10,70.6,0,0,0,556,23,12,10,0.5,0.5,0.5,8,0,282,406,69.5,29,268,16,14,8,406,69.5,4561,2063,162,191,84.8,86,126,68.3,24,55,43.6,0,0.5,0.6,4,16,5,0,29,406,345,57,12,2,0,9,27,6,282,4,13,23,9,16,6,1,14,32,43.8,18,10,4,6,12,35,36,1,556,104,259,216,92,10,556,14,8,57.1,6,42.9,268,1283,588,16,10,2,25,12,282,29,0,0,0,7,11,4,9,12,9,0,0,0,63,10,24,29.4,Liverpool,Leicester City,February-10-2022
0,0,0,449,31,5,11,1.0,1.0,0.6,17,3,223,331,67.4,17,200,16,13,10,331,67.4,4435,1907,96,121,79.3,81,104,77.9,41,79,51.9,1,0.6,0.5,7,18,4,1,17,331,289,37,5,1,2,17,12,4,223,5,11,31,18,15,11,5,12,27,44.4,15,11,9,2,5,36,17,1,449,64,175,181,100,17,449,13,10,76.9,3,23.1,200,1275,665,16,11,7,18,12,221,17,3,0,0,11,5,5,17,5,18,0,1,0,63,16,14,53.3,1,1,0,678,15,2,10,3.7,2.9,2.5,40,3,469,571,82.1,51,394,42,27,15,571,82.1,6886,2313,284,309,91.9,154,193,79.8,20,44,45.5,0,2.5,1.8,18,42,9,2,51,571,524,47,14,4,1,21,19,4,469,0,4,15,10,8,3,4,3,13,23.1,10,10,1,9,2,17,13,0,678,51,142,334,214,31,677,27,15,55.6,12,44.4,394,2695,1640,42,33,8,13,19,464,51,3,0,0,6,10,0,21,2,10,1,0,0,63,14,16,46.7,Newcastle Utd,Southampton,August-28-2021
0,0,0,774,16,10,9,2.0,2.0,1.8,40,6,581,664,87.5,54,522,32,32,18,664,87.5,8684,2684,323,349,92.6,181,205,88.3,41,58,70.7,2,1.8,1.3,17,49,14,1,54,664,622,39,5,5,7,13,18,6,581,3,3,16,11,6,7,3,10,20,50.0,10,9,4,5,10,26,11,0,774,55,162,350,268,46,774,32,18,56.3,14,43.8,522,3018,1812,32,34,11,9,6,579,54,0,0,0,8,6,3,13,10,11,0,0,0,56,7,8,46.7,0,0,0,526,20,6,8,1.5,1.5,1.4,27,4,337,427,78.9,35,333,22,20,10,427,78.9,6183,2569,143,164,87.2,149,173,86.1,39,70,55.7,2,1.4,1.6,11,21,8,0,35,427,388,39,10,4,3,18,12,7,337,0,5,20,11,11,6,3,14,32,43.8,18,8,6,2,6,26,19,1,526,82,209,219,107,21,526,20,10,50.0,10,50.0,333,1993,1132,22,13,6,11,6,334,35,0,0,0,6,8,0,18,6,11,0,0,0,50,8,7,53.3,Manchester Utd,Norwich City,April-16-2022
0,0,0,485,18,8,11,1.7,1.7,1.4,27,1,289,387,74.7,26,266,16,18,13,387,74.7,5135,1868,122,142,85.9,111,133,83.5,35,73,47.9,0,1.4,1.0,12,28,8,3,26,387,334,47,9,2,1,31,21,12,289,6,7,18,13,6,10,2,8,12,66.7,4,11,5,6,8,26,20,0,485,37,128,194,164,30,485,18,13,72.2,5,27.8,266,1384,535,16,7,3,11,10,288,26,0,0,0,11,8,6,31,8,13,0,0,0,40,18,9,66.7,0,0,0,464,15,4,9,0.6,0.6,0.5,17,0,280,365,76.7,33,205,14,12,4,365,76.7,4856,1692,127,135,94.1,119,140,85.0,25,64,39.1,0,0.5,0.6,8,26,3,1,33,365,313,51,17,1,3,15,13,8,280,1,10,15,8,10,4,1,5,18,27.8,13,9,5,4,4,19,29,0,464,67,167,195,104,16,464,12,4,33.3,8,66.7,205,1094,531,14,6,2,15,10,278,32,3,0,0,8,11,1,15,4,8,0,0,1,29,9,18,33.3,Newcastle Utd,Arsenal,May-16-2022
1,1,0,544,20,6,12,2.6,1.8,1.6,15,7,335,431,77.7,27,294,8,8,4,431,77.7,5435,1966,186,212,87.7,108,128,84.4,33,66,50.0,3,1.6,0.7,5,20,5,1,27,431,382,49,15,2,0,9,21,4,335,0,5,20,13,8,10,2,8,19,42.1,11,12,6,6,6,26,26,0,544,62,169,274,103,14,543,8,4,50.0,4,50.0,294,1169,605,8,4,1,17,22,333,26,2,0,0,9,15,0,9,6,13,1,0,0,49,14,16,46.7,0,0,0,587,26,4,5,1.0,1.0,0.7,22,0,372,477,78.0,36,297,21,19,11,477,78.0,7006,2016,154,182,84.6,159,184,86.4,51,91,56.0,0,0.7,0.6,7,27,7,0,36,477,428,48,9,1,9,23,19,6,372,1,7,26,16,9,11,6,4,8,50.0,4,5,1,4,4,30,13,0,587,45,184,239,167,33,587,19,11,57.9,8,42.1,297,1989,866,21,17,9,16,12,370,35,3,0,0,16,9,1,23,4,16,0,1,0,50,16,14,53.3,Leicester City,Newcastle Utd,December-12-2021
0,0,1,564,16,10,24,1.2,1.2,1.0,16,0,355,449,79.1,29,392,21,11,7,449,79.1,6265,2393,159,183,86.9,159,175,90.9,31,66,47.0,0,1.0,0.9,7,20,7,2,29,449,407,40,12,2,2,19,13,2,355,2,8,16,8,13,2,1,9,18,50.0,9,24,15,9,10,26,20,0,564,108,287,189,95,20,564,11,7,63.6,4,36.4,392,1850,1127,21,7,6,25,4,352,29,2,1,0,9,7,2,19,10,8,0,0,0,45,7,8,46.7,0,0,0,684,8,8,8,4.5,4.5,4.1,56,5,478,575,83.1,47,480,29,18,9,575,83.1,8826,3368,183,213,85.9,246,271,90.8,45,71,63.4,2,4.1,2.3,26,43,9,1,47,575,523,48,10,8,2,21,21,11,478,4,12,8,5,5,3,0,4,11,36.4,7,8,1,7,8,16,16,0,684,58,197,299,197,46,684,18,9,50.0,9,50.0,480,2647,1455,29,15,12,19,7,475,47,1,0,0,8,9,4,21,8,5,0,0,0,59,8,7,53.3,Leeds United,Liverpool,September-12-2021
0,0,0,863,14,7,8,3.6,3.6,3.5,50,5,642,750,85.6,89,498,43,30,18,750,85.6,10967,3422,287,314,91.4,281,312,90.1,58,90,64.4,3,3.5,1.8,25,78,18,1,89,750,710,39,13,4,0,37,11,8,642,1,10,14,5,5,6,3,6,15,40.0,9,8,1,7,7,21,12,0,863,49,174,404,293,57,863,30,18,60.0,12,40.0,498,2935,1725,43,19,16,11,7,639,88,0,0,0,7,8,1,37,7,5,0,0,0,67,17,13,56.7,0,0,0,466,19,13,15,0.6,0.6,0.6,9,2,232,342,67.8,21,214,19,15,9,342,67.8,4076,1834,118,138,85.5,75,109,68.8,32,69,46.4,1,0.6,0.6,5,15,5,1,21,342,297,40,8,3,0,12,11,4,232,5,8,19,9,16,3,0,12,30,40.0,18,15,8,7,13,32,41,1,466,114,267,131,74,15,466,15,9,60.0,6,40.0,214,1478,736,19,11,5,14,8,231,20,1,0,0,8,6,5,12,13,9,0,0,0,50,13,17,43.3,Liverpool,Norwich City,February-19-2022
0,0,0,660,19,10,15,1.2,1.2,0.8,17,0,361,510,70.8,59,225,20,8,4,510,70.8,6182,2825,167,218,76.6,139,180,77.2,40,75,53.3,0,0.8,0.6,8,26,16,1,59,510,471,39,7,0,3,11,22,4,361,0,12,19,11,8,10,1,13,27,48.1,14,15,4,11,10,29,35,0,660,77,232,288,146,36,660,8,4,50.0,4,50.0,225,1410,780,20,15,6,25,5,358,59,1,0,0,14,7,0,11,10,11,0,0,0,77,31,18,63.3,0,0,0,540,9,13,18,1.6,1.6,1.1,24,2,250,403,62.0,35,179,16,27,14,403,62.0,4604,2066,111,143,77.6,84,130,64.6,41,88,46.6,0,1.1,1.0,11,22,10,3,35,403,354,49,13,0,5,23,17,7,250,0,12,9,4,5,2,2,4,8,50.0,4,18,6,12,13,22,25,2,540,67,168,213,169,35,540,27,14,51.9,13,48.1,179,1148,532,16,10,2,26,6,247,34,1,0,0,7,14,0,23,13,4,0,0,0,70,18,31,36.7,Leeds United,Southampton,April-2-2022
0,0,0,615,14,12,11,1.3,1.3,1.0,32,2,370,475,77.9,26,281,18,25,16,475,77.9,5989,2371,183,213,85.9,132,160,82.5,30,60,50.0,1,1.0,0.6,11,24,11,1,26,475,423,52,13,2,1,11,22,5,370,0,8,14,8,6,8,0,10,14,71.4,4,11,5,6,12,26,37,0,615,87,222,272,129,27,615,25,16,64.0,9,36.0,281,1549,827,18,11,7,16,12,366,26,2,0,0,11,14,0,11,12,8,0,0,0,52,21,22,48.8,0,0,0,487,21,12,12,1.2,1.2,0.9,23,2,247,370,66.8,36,239,11,14,4,370,66.8,4757,1917,94,117,80.3,111,141,78.7,39,95,41.1,1,0.9,1.1,7,19,9,0,36,370,322,47,11,1,3,27,18,8,247,1,6,21,12,4,15,2,9,25,36.0,16,12,4,8,12,33,6,0,487,59,168,181,145,36,487,14,4,28.6,10,71.4,239,1240,648,11,10,4,21,4,245,35,1,0,0,14,11,1,27,12,12,0,0,1,60,22,21,51.2,Tottenham,Aston Villa,October-3-2021
0,0,0,456,12,15,17,2.1,2.1,1.2,17,3,208,334,62.3,19,223,15,9,2,334,62.3,4097,2029,88,122,72.1,82,105,78.1,33,78,42.3,1,1.2,0.5,7,14,4,1,19,334,292,42,14,1,1,15,14,4,208,0,9,12,8,7,4,1,7,19,36.8,12,17,7,10,15,27,30,2,456,79,197,175,90,15,456,9,2,22.2,7,77.8,223,1107,561,15,13,4,21,4,205,19,1,0,0,8,9,0,15,15,8,0,0,0,61,22,33,40.0,0,0,0,800,11,12,12,1.5,1.5,1.4,25,2,554,694,79.8,77,443,20,19,12,694,79.8,10426,3358,225,255,88.2,255,298,85.6,63,102,61.8,1,1.4,1.2,12,67,14,2,77,694,645,45,8,2,9,28,23,7,554,4,11,11,6,6,4,1,7,9,77.8,2,12,2,10,12,23,8,1,800,39,161,385,260,31,800,19,12,63.2,7,36.8,443,1748,871,20,14,1,17,5,553,77,1,0,0,10,8,4,28,12,6,0,0,0,68,33,22,60.0,Newcastle Utd,Brighton,March-5-2022
1,1,0,622,15,11,9,3.2,2.4,1.4,37,3,434,512,84.8,39,361,24,17,6,512,84.8,8102,2607,160,179,89.4,241,260,92.7,29,59,49.2,1,1.4,1.3,16,34,6,1,39,512,482,28,9,3,5,12,14,2,434,2,8,15,9,10,3,2,4,4,100.0,0,9,2,7,11,26,15,0,622,63,225,263,140,33,621,17,6,35.3,11,64.7,361,1709,1009,24,6,10,13,6,433,39,0,0,0,8,9,2,12,11,9,0,0,0,51,6,8,42.9,0,0,0,701,17,10,14,0.4,0.4,0.3,11,0,519,605,85.8,34,490,12,4,0,605,85.8,8454,2659,272,290,93.8,175,199,87.9,51,77,66.2,0,0.3,0.5,5,33,8,1,34,605,555,50,10,2,7,14,23,6,519,0,8,17,10,5,9,3,11,17,64.7,6,14,9,5,10,27,13,0,701,79,228,344,131,16,701,4,0,0.0,4,100.0,490,2435,919,12,11,1,17,11,517,34,3,0,0,10,7,0,14,10,10,0,1,0,42,8,6,57.1,Arsenal,Leicester City,March-13-2022
1,1,0,572,18,9,14,2.0,1.2,1.1,19,3,366,470,77.9,35,265,27,11,4,470,77.9,6409,2231,158,185,85.4,156,180,86.7,37,72,51.4,1,1.1,0.6,9,28,5,0,35,470,421,48,8,1,2,24,22,6,366,1,14,18,8,7,7,4,12,24,50.0,12,14,3,11,9,27,16,0,572,57,161,256,161,21,571,11,4,36.4,7,63.6,265,1644,907,27,19,5,11,5,365,35,2,0,0,12,9,1,24,9,8,1,0,0,53,8,14,36.4,0,0,0,649,12,17,14,0.5,0.5,0.4,20,0,441,534,82.6,45,382,15,24,12,534,82.6,7976,2652,190,214,88.8,194,212,91.5,47,82,57.3,0,0.4,0.5,8,27,5,0,45,534,485,49,12,0,7,14,25,4,441,0,12,12,5,5,7,0,7,11,63.6,4,14,4,10,17,29,21,0,649,60,250,267,134,13,649,24,12,50.0,12,50.0,382,1910,1013,15,16,4,15,6,437,44,3,0,0,9,11,0,14,17,5,0,1,0,44,14,8,63.6,Everton,Norwich City,September-25-2021
0,0,1,807,16,6,6,0.7,0.7,0.6,25,0,602,724,83.1,68,416,34,18,9,724,83.1,10379,3023,282,314,89.8,245,274,89.4,58,93,62.4,0,0.6,0.9,11,46,14,2,68,724,657,65,16,1,3,32,34,7,602,2,19,16,10,4,9,3,7,13,53.8,6,6,1,5,6,22,3,1,807,37,163,383,263,43,807,18,9,50.0,9,50.0,416,2712,1522,34,24,11,12,12,600,68,2,1,0,11,10,2,32,6,10,0,0,0,51,13,14,48.1,0,0,0,477,21,11,23,0.7,0.7,0.7,14,3,251,348,72.1,18,243,11,13,6,348,72.1,4614,2071,93,114,81.6,113,132,85.6,28,69,40.6,2,0.7,0.5,8,15,5,0,18,348,301,42,13,0,0,4,13,1,251,5,4,21,13,13,7,1,9,18,50.0,9,23,7,16,11,32,32,0,477,116,261,166,57,11,477,13,6,46.2,7,53.8,243,1058,508,11,5,2,11,9,249,17,3,0,0,11,11,5,4,11,13,0,0,0,56,14,13,51.9,Manchester City,Crystal Palace,October-30-2021
0,0,0,509,14,13,22,1.8,1.8,1.7,24,2,288,397,72.5,27,251,15,14,10,397,72.5,5615,2161,130,164,79.3,119,143,83.2,39,74,52.7,1,1.7,1.6,12,24,6,2,27,397,344,53,18,0,1,16,23,5,288,0,11,14,9,8,6,0,8,14,57.1,6,22,7,15,13,27,13,0,509,69,188,184,143,23,509,14,10,71.4,4,28.6,251,1439,648,15,8,2,15,7,287,26,4,0,0,8,17,0,16,13,9,0,0,0,52,21,18,53.8,0,0,0,762,11,4,10,0.9,0.9,0.6,20,1,542,670,80.9,38,304,17,14,6,670,80.9,8854,2795,268,302,88.7,231,269,85.9,34,68,50.0,0,0.6,0.7,8,30,7,1,38,670,621,48,8,0,4,13,23,4,542,1,16,11,5,7,1,3,4,14,28.6,10,10,2,8,4,15,18,0,762,70,260,367,139,23,762,14,6,42.9,8,57.1,304,1801,1009,17,10,4,10,6,539,38,2,0,0,17,8,1,13,4,5,0,0,0,51,18,21,46.2,Everton,Leicester City,April-20-2022
0,0,0,432,26,16,13,1.8,1.8,0.7,26,3,195,301,64.8,23,179,14,20,12,301,64.8,3505,1722,95,126,75.4,66,92,71.7,27,63,42.9,0,0.7,0.5,11,26,5,2,23,301,255,45,9,0,2,9,25,3,195,1,7,26,14,11,12,3,13,19,68.4,6,13,4,9,16,42,19,0,432,58,139,184,118,21,432,20,12,60.0,8,40.0,179,1213,555,14,9,2,15,14,191,22,2,0,0,10,10,1,9,16,14,0,0,0,52,20,13,60.6,0,0,0,745,22,7,7,0.6,0.6,0.6,15,2,517,630,82.1,43,391,19,19,6,630,82.1,9097,2903,253,281,90.0,215,248,86.7,44,79,55.7,1,0.6,1.2,8,41,6,1,43,630,574,56,11,0,5,14,27,5,517,0,10,22,17,6,11,5,8,20,40.0,12,7,0,7,7,29,12,0,745,53,205,390,156,21,745,19,6,31.6,13,68.4,391,2172,1169,19,16,3,22,13,514,43,2,0,0,10,10,0,14,7,17,0,0,0,42,13,20,39.4,Newcastle Utd,Leicester City,April-17-2022
1,1,0,645,20,8,6,1.7,0.9,0.7,29,3,450,538,83.6,41,362,24,16,8,538,83.6,7611,2519,202,228,88.6,201,221,91.0,34,66,51.5,1,0.7,0.7,12,37,11,3,41,538,488,48,9,4,2,20,18,9,450,2,5,20,10,7,10,3,5,18,27.8,13,6,1,5,8,28,17,0,645,53,167,313,173,32,644,16,8,50.0,8,50.0,362,2109,1242,24,18,8,12,10,445,41,1,0,0,7,11,2,20,8,10,1,0,0,47,15,10,60.0,0,0,0,488,18,12,9,2.0,2.0,1.6,21,4,287,372,77.2,23,250,11,18,13,372,77.2,4918,1933,136,157,86.6,110,135,81.5,32,62,51.6,2,1.6,0.8,9,13,5,2,23,372,332,39,9,2,4,18,15,3,287,1,6,18,11,13,4,1,8,16,50.0,8,9,5,4,12,30,29,2,488,81,226,183,85,14,488,18,13,72.2,5,27.8,250,1455,741,11,14,3,16,15,283,22,3,0,0,11,7,1,18,12,11,0,1,0,47,10,15,40.0,Chelsea,Wolves,May-7-2022
0,0,0,600,16,10,7,1.1,1.1,0.8,19,2,365,509,71.7,44,288,13,14,11,509,71.7,6496,2497,153,182,84.1,171,228,75.0,32,67,47.8,1,0.8,1.3,7,31,7,4,44,509,455,54,11,2,1,22,29,6,365,0,12,16,9,9,5,2,7,23,30.4,16,7,1,6,10,26,14,0,600,47,218,229,161,25,600,14,11,78.6,3,21.4,288,1279,693,13,11,2,12,19,358,40,2,0,0,6,7,0,22,10,9,0,0,0,56,25,14,64.1,0,0,0,640,22,9,15,0.2,0.2,0.2,14,4,383,513,74.7,29,301,15,23,16,513,74.7,6188,1883,185,220,84.1,143,173,82.7,34,78,43.6,2,0.2,0.3,5,31,5,1,29,513,472,37,6,2,3,7,20,3,383,4,6,22,12,11,10,1,3,14,21.4,11,15,5,10,9,31,36,0,640,76,193,327,128,11,640,23,16,69.6,7,30.4,301,1420,731,15,17,2,18,9,381,29,3,0,0,7,6,4,7,9,12,0,0,0,64,14,25,35.9,Brentford,Wolves,January-22-2022
0,0,0,446,23,8,13,1.1,1.1,1.0,19,1,214,332,64.5,19,214,13,13,8,332,64.5,4259,2239,96,117,82.1,74,112,66.1,37,83,44.6,1,1.0,0.4,10,25,3,1,19,332,285,45,11,1,0,20,18,5,214,2,10,23,16,12,9,2,10,17,58.8,7,13,5,8,8,31,30,0,446,60,158,178,116,16,446,13,8,61.5,5,38.5,214,1050,456,13,9,4,16,12,210,19,4,0,0,13,9,2,20,8,16,0,0,0,68,32,18,64.0,0,0,0,690,17,8,10,1.3,1.3,0.5,22,1,459,580,79.1,51,347,31,17,7,580,79.1,8877,3151,177,203,87.2,218,243,89.7,60,109,55.0,0,0.5,0.8,9,31,9,1,51,580,529,49,15,2,7,27,20,5,459,2,13,17,10,11,5,1,5,13,38.5,8,10,3,7,8,25,17,0,690,69,236,317,139,24,690,17,7,41.2,10,58.8,347,2005,1178,31,13,3,21,13,454,50,3,0,0,9,12,2,27,8,10,0,0,0,65,18,32,36.0,Burnley,Leeds United,August-29-2021
0,0,0,483,12,12,13,1.6,1.6,0.8,17,1,286,384,74.5,27,275,8,18,12,384,74.5,5271,2245,137,168,81.5,109,127,85.8,35,71,49.3,0,0.8,0.6,7,17,9,3,27,384,330,51,13,2,4,11,24,2,286,3,8,12,7,9,2,1,10,27,37.0,17,13,4,9,12,24,17,1,483,72,181,197,111,17,483,18,12,66.7,6,33.3,275,1187,507,8,6,5,18,9,282,27,0,0,0,10,12,3,11,12,7,0,0,0,50,12,10,54.5,0,0,0,668,15,8,7,2.0,2.0,0.8,27,3,468,575,81.4,49,385,31,27,17,575,81.4,8439,3164,208,238,87.4,178,201,88.6,63,92,68.5,1,0.8,1.4,11,38,11,2,49,575,531,42,11,2,12,17,20,3,468,2,11,15,10,4,9,2,6,18,33.3,12,7,0,7,8,23,14,0,668,51,188,314,170,35,668,27,17,63.0,10,37.0,385,2358,1261,31,16,8,13,2,462,49,0,0,0,12,9,2,17,8,10,0,0,0,58,10,12,45.5,Aston Villa,Liverpool,May-10-2022
0,0,1,525,5,11,9,1.6,1.6,1.6,24,0,354,453,78.1,31,224,16,15,12,453,78.1,6224,2165,153,173,88.4,157,183,85.8,35,64,54.7,0,1.6,1.2,12,23,6,0,31,453,404,42,9,1,4,21,13,6,354,7,12,5,3,3,2,0,2,4,50.0,2,9,6,3,11,16,13,1,525,65,194,221,115,20,525,15,12,80.0,3,20.0,224,1333,610,16,9,4,8,8,351,30,6,1,0,10,8,7,21,11,3,0,0,0,53,13,9,59.1,0,0,0,845,11,11,12,3.4,3.4,3.3,32,9,666,754,88.3,54,533,22,4,2,754,88.3,11238,3696,329,354,92.9,272,298,91.3,57,84,67.9,5,3.3,2.0,17,67,7,1,54,754,716,38,17,4,3,9,10,3,666,0,3,11,7,2,6,3,3,15,20.0,12,12,3,9,11,22,23,0,845,47,157,524,173,24,845,4,2,50.0,2,50.0,533,1853,877,22,8,8,12,3,666,54,0,0,0,8,10,0,9,11,7,0,0,0,54,9,13,40.9,Manchester Utd,Liverpool,October-24-2021
0,0,0,682,21,16,13,2.5,2.5,2.4,32,4,417,541,77.1,61,343,24,24,13,541,77.1,7527,3068,178,218,81.7,192,226,85.0,42,74,56.8,2,2.4,1.5,17,37,10,1,61,541,505,32,10,2,2,14,11,4,417,4,6,21,10,6,12,3,9,17,52.9,8,13,4,9,16,37,13,1,682,54,189,337,167,26,682,24,13,54.2,11,45.8,343,1936,1023,24,20,8,27,9,417,61,0,0,0,6,9,4,14,16,10,0,0,0,85,24,13,64.9,0,0,0,564,20,12,7,0.3,0.3,0.1,11,0,304,443,68.6,28,272,8,17,8,443,68.6,5349,2665,150,190,78.9,88,126,69.8,43,75,57.3,0,0.1,0.4,4,34,7,0,28,443,393,48,10,2,1,14,25,4,304,2,9,20,11,8,7,5,11,24,45.8,13,7,3,4,12,32,17,0,564,59,164,237,167,17,564,17,8,47.1,9,52.9,272,1251,505,8,5,1,21,12,298,26,2,0,0,9,6,2,14,12,11,0,0,0,69,13,24,35.1,Southampton,Everton,February-19-2022
0,0,0,591,19,5,14,0.7,0.7,0.5,18,0,394,499,79.0,33,371,24,24,13,499,79.0,6797,2544,182,206,88.3,173,206,84.0,34,72,47.2,0,0.5,0.5,8,27,3,1,33,499,461,37,4,2,2,20,16,7,394,1,5,19,13,12,5,2,11,25,44.0,14,14,4,10,5,24,10,0,591,67,254,239,103,20,591,24,13,54.2,11,45.8,371,1996,1054,24,13,7,9,11,390,33,2,0,0,6,4,1,20,5,13,0,2,0,62,8,6,57.1,1,2,0,630,22,9,9,2.6,1.1,1.0,30,6,423,518,81.7,27,425,29,25,14,518,81.7,6784,2210,206,232,88.8,149,172,86.6,39,68,57.4,1,1.0,0.7,13,19,4,1,27,518,481,36,5,0,2,12,19,3,423,1,10,22,18,11,7,4,11,24,45.8,13,9,5,4,9,31,12,0,630,59,182,276,180,26,628,25,14,56.0,11,44.0,425,2509,1230,29,29,8,14,8,418,27,1,0,0,4,5,1,12,9,18,1,0,0,62,6,8,42.9,Wolves,Brighton,April-30-2022
0,0,0,849,20,6,9,2.8,2.8,2.7,41,0,615,740,83.1,80,498,30,19,10,740,83.1,10603,3287,296,323,91.6,238,280,85.0,61,88,69.3,0,2.7,2.0,20,61,23,12,80,740,691,47,8,7,5,31,29,4,615,2,19,20,12,10,8,2,9,22,40.9,13,9,3,6,6,26,5,1,849,35,174,382,300,46,849,19,10,52.6,9,47.4,498,2762,1652,30,30,6,19,13,611,79,0,0,0,2,7,2,31,6,12,0,0,0,72,21,10,67.7,0,0,0,503,22,22,20,0.6,0.6,0.5,15,0,251,359,69.9,20,214,11,22,13,359,69.9,4570,2081,129,152,84.9,84,105,80.0,32,85,37.6,0,0.5,0.4,6,20,6,2,20,359,319,38,4,0,0,7,13,3,251,2,5,22,12,15,5,2,9,19,47.4,10,20,5,15,22,44,31,1,503,92,236,186,91,9,503,22,13,59.1,9,40.9,214,1165,533,11,10,2,20,11,249,20,0,0,0,7,2,2,7,22,12,0,0,0,59,10,21,32.3,Manchester Utd,Watford,February-26-2022
0,0,0,573,16,4,6,1.5,1.5,0.9,25,0,340,469,72.5,36,276,12,18,11,469,72.5,5810,2579,181,212,85.4,118,159,74.2,35,71,49.3,0,0.9,1.8,7,28,15,7,36,469,415,53,12,0,1,26,29,5,340,1,12,16,7,7,7,2,8,19,42.1,11,6,1,5,4,20,13,0,573,79,203,210,163,39,573,18,11,61.1,7,38.9,276,1131,580,12,7,1,18,13,339,36,1,0,0,13,8,1,26,4,7,0,0,0,49,35,17,67.3,0,0,0,719,20,10,17,0.3,0.3,0.1,9,2,471,576,81.8,44,400,24,19,11,576,81.8,7073,2293,267,293,91.1,178,205,86.8,17,54,31.5,0,0.1,0.4,2,36,8,0,44,576,542,30,12,5,0,16,11,5,471,4,6,20,7,11,8,1,7,18,38.9,11,17,8,9,10,30,44,0,719,79,239,300,184,17,719,19,11,57.9,8,42.1,400,2019,1099,24,22,5,10,8,469,44,1,0,0,8,13,4,16,10,7,0,0,0,61,17,35,32.7,Brentford,Chelsea,October-16-2021
0,0,0,603,13,9,8,1.6,1.6,1.6,19,3,385,511,75.3,48,254,21,14,8,511,75.3,7171,2566,153,174,87.9,172,207,83.1,51,102,50.0,2,1.6,1.8,10,43,7,3,48,511,463,46,10,0,1,36,20,10,385,2,8,13,10,8,5,0,3,12,25.0,9,8,3,5,9,22,11,0,603,28,157,265,188,29,603,14,8,57.1,6,42.9,254,1657,810,21,13,8,16,13,381,47,3,0,0,10,9,2,36,9,10,0,1,0,64,19,21,47.5,1,1,0,537,19,13,11,1.2,0.4,0.3,21,6,309,407,75.9,21,210,23,12,9,407,75.9,5218,2028,150,176,85.2,111,130,85.4,28,70,40.0,2,0.3,0.2,9,24,3,1,21,407,355,51,11,0,1,8,18,2,309,1,5,19,10,9,8,2,6,14,42.9,8,11,4,7,13,32,36,0,537,78,200,242,102,11,536,12,9,75.0,3,25.0,210,1606,875,23,17,4,18,10,306,21,3,0,0,9,10,1,8,13,10,1,0,0,47,21,19,52.5,West Ham,Southampton,December-26-2021
0,0,0,739,13,5,12,0.6,0.6,0.5,20,0,522,640,81.6,43,343,22,8,3,640,81.6,9196,2482,223,257,86.8,217,245,88.6,56,89,62.9,0,0.5,0.5,8,38,8,3,43,640,590,49,15,1,7,34,22,4,522,1,13,13,8,3,9,1,5,11,45.5,6,12,4,8,5,18,23,0,739,52,223,334,186,19,739,8,3,37.5,5,62.5,343,2204,1133,22,15,2,13,12,518,43,1,0,0,12,12,1,34,5,8,0,0,0,57,12,13,48.0,0,0,0,385,17,11,14,0.7,0.7,0.7,17,6,177,295,60.0,24,166,9,11,6,295,60.0,3139,1471,84,106,79.2,62,87,71.3,23,71,32.4,3,0.7,0.2,9,15,3,0,24,295,254,38,12,0,3,14,14,4,177,3,8,17,12,3,9,5,5,8,62.5,3,14,4,10,11,28,20,0,385,50,136,162,94,16,385,11,6,54.5,5,45.5,166,888,425,9,8,3,6,8,174,23,4,0,0,12,12,3,14,11,12,0,0,0,51,13,12,52.0,Brighton,Burnley,February-19-2022
0,0,0,709,16,5,13,3.5,3.5,3.1,35,4,502,597,84.1,52,297,27,24,19,597,84.1,8649,3007,241,266,90.6,196,228,86.0,51,73,69.9,2,3.1,1.6,15,28,14,1,52,597,540,56,13,0,3,18,30,7,502,1,8,16,10,7,9,0,7,19,36.8,12,13,1,12,5,21,11,0,709,51,210,352,154,34,709,24,19,79.2,5,20.8,297,1864,1134,27,16,9,18,19,501,52,1,0,0,11,13,1,18,5,10,0,1,0,53,14,4,77.8,1,1,1,485,24,10,10,1.3,0.6,0.5,12,2,274,371,73.9,34,260,17,19,12,371,73.9,4266,1791,144,163,88.3,92,111,82.9,20,57,35.1,0,0.5,0.5,4,21,6,0,34,371,327,44,11,1,1,7,18,2,274,0,12,24,9,10,11,3,5,24,20.8,19,10,4,6,10,34,14,1,485,57,173,220,101,16,484,19,12,63.2,7,36.8,260,1530,682,17,15,5,24,9,273,34,3,1,0,13,11,0,7,10,9,1,0,0,62,4,14,22.2,Chelsea,Southampton,October-2-2021
0,0,0,864,7,6,10,1.0,1.0,1.0,25,2,647,763,84.8,70,479,28,24,11,763,84.8,11057,3314,301,331,90.9,267,296,90.2,54,80,67.5,1,1.0,1.1,13,59,18,4,70,763,700,61,10,1,6,28,32,10,647,2,16,7,3,4,3,0,5,11,45.5,6,10,4,6,6,13,15,0,864,42,189,365,313,27,864,24,11,45.8,13,54.2,479,2985,1658,28,23,2,10,7,645,70,1,0,0,10,9,2,28,6,3,0,0,0,46,13,18,41.9,0,0,0,419,20,9,14,1.3,1.3,1.3,23,2,198,303,65.3,34,172,17,11,6,303,65.3,3623,1713,79,97,81.4,81,109,74.3,28,67,41.8,1,1.3,0.7,12,13,7,3,34,303,263,38,12,2,0,15,15,1,198,2,8,20,13,15,3,2,13,24,54.2,11,14,1,13,9,29,32,0,419,61,170,167,93,17,419,11,6,54.5,5,45.5,172,1141,562,17,10,4,10,2,196,34,1,0,0,9,10,2,15,9,13,0,0,0,47,18,13,58.1,Manchester Utd,Everton,October-2-2021
0,0,0,655,17,17,11,0.9,0.9,0.8,11,4,457,554,82.5,34,382,15,14,10,554,82.5,8612,2742,162,175,92.6,242,272,89.0,44,79,55.7,2,0.8,0.4,5,33,8,1,34,554,492,60,16,2,3,19,28,3,457,2,9,17,12,5,10,2,5,19,26.3,14,11,5,6,17,34,15,0,655,96,254,277,128,15,655,14,10,71.4,4,28.6,382,2181,1248,15,17,2,20,7,453,33,3,0,0,10,12,2,19,17,12,0,0,0,49,9,9,50.0,0,0,0,670,11,8,9,1.2,1.2,1.1,23,4,476,581,81.9,37,451,29,19,14,581,81.9,8284,2788,235,264,89.0,165,191,86.4,59,86,68.6,1,1.1,0.9,9,30,13,2,37,581,536,40,11,6,8,14,20,4,476,5,8,11,9,8,3,0,4,14,28.6,10,9,3,6,8,19,18,0,670,75,233,312,133,26,670,19,14,73.7,5,26.3,451,2276,1263,29,14,7,16,12,473,37,3,0,0,12,10,5,14,8,9,0,0,0,55,9,9,50.0,Liverpool,Manchester City,October-3-2021
0,0,0,539,22,10,11,0.5,0.5,0.5,12,0,318,415,76.6,25,298,12,18,8,415,76.6,5743,2245,135,155,87.1,142,168,84.5,30,63,47.6,0,0.5,0.2,6,24,4,1,25,415,359,55,23,1,1,20,19,4,318,1,7,22,14,8,12,2,9,19,47.4,10,11,3,8,10,32,18,0,539,69,228,195,123,14,539,18,8,44.4,10,55.6,298,1551,689,12,11,2,24,7,314,24,1,0,0,4,19,1,20,10,14,0,0,0,60,9,9,50.0,0,0,0,660,17,8,9,0.9,0.9,0.6,17,2,458,564,81.2,44,307,18,19,10,564,81.2,7659,2541,221,256,86.3,179,201,89.1,42,73,57.5,1,0.6,0.7,6,34,6,2,44,564,516,45,4,2,3,13,28,4,458,3,8,17,8,5,9,3,10,18,55.6,8,9,2,7,8,25,16,1,660,58,192,320,151,17,660,19,10,52.6,9,47.4,307,1752,1032,18,16,4,17,13,455,44,3,0,0,20,4,3,13,8,8,0,0,0,55,9,9,50.0,Crystal Palace,Chelsea,February-19-2022
1,1,0,677,16,13,6,2.8,2.0,1.9,28,3,521,589,88.5,30,404,7,6,5,589,88.5,8578,2277,219,232,94.4,236,250,94.4,38,66,57.6,1,1.9,1.1,12,34,8,1,30,589,560,28,13,0,3,11,7,2,521,1,4,16,6,7,6,3,12,20,60.0,8,6,2,4,13,29,12,0,677,59,171,370,140,28,676,6,5,83.3,1,16.7,404,1778,1018,7,9,1,15,5,518,30,1,0,0,8,15,1,11,13,6,1,0,0,31,9,9,50.0,0,0,1,524,6,9,8,0.5,0.5,0.5,18,0,368,443,83.1,20,275,10,20,8,443,83.1,6076,1560,176,193,91.2,168,188,89.4,18,47,38.3,0,0.5,0.3,9,23,2,0,20,443,405,38,9,0,1,13,16,2,368,0,5,6,2,6,0,0,1,6,16.7,5,8,4,4,9,15,11,0,524,64,180,203,144,16,524,20,8,40.0,12,60.0,275,1570,780,10,11,6,10,4,364,20,5,1,1,15,8,0,13,9,2,0,1,0,30,9,9,50.0,Tottenham,Arsenal,May-12-2022
0,0,0,970,15,4,14,1.9,1.9,1.6,33,3,739,859,86.0,84,582,21,18,6,859,86.0,13151,4089,318,345,92.2,351,386,90.9,65,98,66.3,2,1.6,1.4,13,75,21,6,84,859,798,60,8,0,3,36,29,13,739,1,13,15,10,8,5,2,12,20,60.0,8,14,4,10,4,19,6,0,970,43,165,465,341,40,970,18,6,33.3,12,66.7,582,2713,1530,21,36,8,20,8,736,84,2,0,0,8,7,1,36,4,10,0,0,0,39,13,11,54.2,0,0,0,356,20,14,14,0.4,0.4,0.2,13,0,104,193,53.9,13,113,6,20,8,193,53.9,2213,1269,54,74,73.0,31,49,63.3,19,55,34.5,0,0.2,0.2,5,17,2,0,13,193,156,37,8,3,0,4,16,1,104,0,10,20,10,15,4,1,12,18,66.7,6,14,3,11,14,34,37,0,356,77,180,118,63,12,356,20,8,40.0,12,60.0,113,826,361,6,6,6,24,3,104,13,5,0,0,8,7,0,4,14,10,0,0,0,46,11,13,45.8,Liverpool,Everton,April-24-2022
0,0,0,735,20,9,6,1.0,1.0,0.9,14,2,534,639,83.6,56,460,23,20,8,639,83.6,9890,3295,220,238,92.4,238,275,86.5,63,87,72.4,1,0.9,1.2,7,43,8,4,56,639,585,53,10,2,10,30,28,7,534,1,19,20,15,11,4,5,1,9,11.1,8,6,2,4,9,29,7,0,735,43,234,294,210,27,735,20,8,40.0,12,60.0,460,1974,1093,23,13,5,12,12,530,54,3,0,0,12,10,1,30,9,15,0,0,0,61,13,12,52.0,0,0,0,487,24,6,12,0.5,0.5,0.3,19,4,284,362,78.5,23,279,16,9,8,362,78.5,4899,2120,139,159,87.4,110,127,86.6,28,58,48.3,2,0.3,0.4,7,25,4,1,23,362,330,32,11,1,2,9,10,3,284,0,5,24,18,16,7,1,12,20,60.0,8,12,1,11,6,30,33,0,487,67,202,180,111,16,487,9,8,88.9,1,11.1,279,1570,657,16,5,5,18,19,282,23,3,0,0,10,11,0,9,6,18,0,0,0,63,12,13,48.0,Crystal Palace,Aston Villa,November-27-2021
0,0,0,665,14,10,15,1.0,1.0,0.8,23,4,458,548,83.6,35,378,15,13,9,548,83.6,7520,2664,213,231,92.2,196,217,90.3,33,59,55.9,1,0.8,0.6,9,34,5,1,35,548,511,35,12,0,1,13,12,2,458,2,13,14,8,6,6,2,5,16,31.3,11,15,6,9,10,24,25,0,665,103,268,264,137,15,665,13,9,69.2,4,30.8,378,2018,1043,15,14,3,17,4,454,35,1,0,0,10,10,2,13,10,8,0,0,0,59,15,17,46.9,0,0,0,596,8,11,14,1.4,1.4,1.2,25,1,401,502,79.9,51,292,17,16,11,502,79.9,7173,2681,192,217,88.5,159,185,85.9,43,74,58.1,1,1.2,1.7,11,33,10,2,51,502,449,50,12,0,4,21,22,5,401,3,10,8,3,4,3,1,4,13,30.8,9,14,2,12,11,19,10,0,596,67,221,226,155,35,596,16,11,68.8,5,31.3,292,1677,1002,17,12,4,17,9,399,51,2,0,0,10,10,3,21,11,3,0,0,0,55,17,15,53.1,Leicester City,Brentford,March-20-2022
0,0,0,812,16,11,6,1.3,1.3,0.8,30,4,610,706,86.4,67,550,20,14,4,706,86.4,11252,3551,249,282,88.3,299,329,90.9,55,78,70.5,2,0.8,1.0,13,62,12,1,67,706,669,36,9,0,4,15,16,7,610,1,12,16,11,8,6,2,10,17,58.8,7,6,0,6,11,27,16,0,812,57,217,362,240,31,812,14,4,28.6,10,71.4,550,2634,1451,20,12,7,15,10,602,66,0,0,0,12,7,1,15,11,11,0,0,0,58,14,11,56.0,0,0,0,488,20,5,18,0.2,0.2,0.1,4,0,276,385,71.7,24,263,13,17,7,385,71.7,5219,1914,109,134,81.3,128,155,82.6,30,67,44.8,0,0.1,0.2,1,15,3,0,24,385,340,43,12,1,2,11,14,4,276,2,8,20,10,11,2,7,10,14,71.4,4,18,8,10,5,25,16,1,488,88,223,182,89,7,488,17,7,41.2,10,58.8,263,1185,665,13,6,2,15,6,274,24,3,0,0,7,12,2,11,5,10,0,0,0,53,11,14,44.0,Manchester City,Brighton,April-20-2022
0,0,0,583,13,14,13,1.0,1.0,1.0,20,6,405,481,84.2,30,341,16,17,12,481,84.2,6794,2131,201,214,93.9,145,160,90.6,41,70,58.6,3,1.0,0.5,9,32,5,1,30,481,446,35,9,0,3,10,9,4,405,0,10,13,9,9,3,1,5,19,26.3,14,13,6,7,14,27,18,1,583,59,171,298,120,15,583,17,12,70.6,5,29.4,341,1925,946,16,15,5,11,11,404,30,2,0,0,8,6,0,10,14,9,0,1,1,56,10,10,50.0,1,1,0,712,16,4,10,1.6,0.8,0.7,17,1,544,633,85.9,48,511,27,19,14,633,85.9,8915,2414,265,284,93.3,230,249,92.4,34,63,54.0,0,0.7,0.8,7,39,7,0,48,633,595,36,6,1,9,24,17,5,544,2,11,16,9,7,6,3,5,17,29.4,12,10,1,9,4,20,4,0,712,49,172,377,166,25,711,19,14,73.7,5,26.3,511,2974,1590,27,15,6,10,8,543,48,1,0,0,7,7,2,24,4,9,0,0,0,51,10,10,50.0,Manchester Utd,Tottenham,March-12-2022
0,0,1,584,22,15,10,0.6,0.6,0.4,18,0,373,471,79.2,36,342,14,22,13,471,79.2,6958,2208,170,191,89.0,149,173,86.1,48,86,55.8,0,0.4,0.8,8,42,8,1,36,471,422,48,18,1,2,15,22,4,373,1,8,22,13,9,8,5,7,18,38.9,11,10,4,6,15,37,16,0,584,45,168,257,164,20,584,22,13,59.1,8,36.4,342,1730,759,14,6,3,11,8,369,35,2,1,0,13,17,1,15,15,13,0,0,0,51,5,19,20.8,0,0,0,681,16,8,13,0.7,0.7,0.6,15,0,488,582,83.8,43,330,22,18,11,582,83.8,8420,2796,217,248,87.5,231,259,89.2,33,53,62.3,0,0.6,0.4,7,31,6,3,43,582,526,54,14,1,4,12,27,2,488,2,9,16,10,10,4,2,8,21,38.1,13,13,6,7,8,24,19,1,681,65,255,300,130,17,681,18,11,61.1,7,38.9,330,1911,1060,22,11,6,16,15,485,42,4,0,0,17,13,2,12,8,10,0,0,0,48,19,5,79.2,Everton,Tottenham,November-7-2021
0,0,0,938,11,2,9,2.9,2.9,2.1,42,2,746,839,88.9,78,561,26,24,13,839,88.9,11853,3527,385,416,92.5,314,335,93.7,37,60,61.7,1,2.1,2.0,16,70,16,2,78,839,786,53,11,2,0,22,31,7,746,0,5,11,8,4,5,2,4,13,30.8,9,9,1,8,2,13,6,0,938,41,172,492,281,30,938,24,13,54.2,11,45.8,561,2926,1755,26,24,3,24,8,737,78,2,0,0,11,10,0,22,2,8,0,0,0,54,18,14,56.3,0,0,0,323,19,9,7,0.6,0.6,0.5,8,2,116,214,54.2,15,106,11,13,9,214,54.2,2255,1241,56,76,73.7,27,46,58.7,26,68,38.2,1,0.5,0.3,3,16,1,0,15,214,175,37,10,0,2,5,11,1,116,2,8,19,8,10,6,3,11,24,45.8,13,7,3,4,9,28,23,1,323,62,151,114,65,11,323,13,9,69.2,4,30.8,106,890,512,11,5,3,18,7,116,15,3,0,0,11,11,2,5,9,8,0,0,0,51,14,18,43.8,Chelsea,Everton,December-16-2021
1,1,0,761,16,12,7,2.7,1.9,0.9,40,2,537,647,83.0,55,538,35,19,8,647,83.0,8734,2800,277,299,92.6,189,222,85.1,47,80,58.8,0,0.9,1.0,13,33,12,3,55,647,595,50,14,0,3,37,17,15,537,2,12,16,11,8,6,2,10,19,52.6,9,7,0,7,12,28,7,2,761,46,188,336,245,44,760,19,8,42.1,11,57.9,538,2540,1333,35,25,10,21,10,533,55,2,0,0,13,14,2,37,12,11,1,0,0,69,11,11,50.0,0,0,0,483,21,9,20,0.9,0.9,0.0,4,2,251,346,72.5,13,197,8,19,9,346,72.5,4039,1427,128,155,82.6,93,110,84.5,20,61,32.8,0,0.0,0.3,1,12,0,0,13,346,295,50,15,2,2,8,17,2,251,1,8,21,15,13,6,2,11,19,57.9,8,20,8,12,9,30,38,1,483,98,224,185,79,7,483,19,9,47.4,10,52.6,197,1137,548,8,6,4,20,6,250,13,5,0,0,14,13,1,8,9,15,0,1,0,56,11,11,50.0,Chelsea,Manchester Utd,November-28-2021
0,0,0,570,27,10,15,1.2,1.2,0.7,21,2,341,463,73.7,26,294,17,15,11,463,73.7,6055,2063,150,182,82.4,140,177,79.1,38,77,49.4,0,0.7,1.0,7,15,4,2,26,463,407,55,14,0,5,21,29,4,341,1,3,27,18,7,19,1,10,22,45.5,12,15,7,8,10,37,10,1,570,43,146,297,133,22,570,15,11,73.3,4,26.7,294,1628,803,17,18,7,19,15,340,26,3,0,0,13,12,1,21,10,18,0,0,0,44,31,26,54.4,0,0,0,555,19,17,6,1.4,1.4,1.2,31,2,324,420,77.1,40,224,17,22,12,420,77.1,6027,2408,136,161,84.5,148,169,87.6,37,80,46.3,1,1.2,0.6,13,20,8,3,40,420,370,49,12,1,1,15,20,6,324,1,8,19,11,13,6,0,4,15,26.7,11,6,3,3,17,36,27,0,555,66,233,234,93,23,555,22,12,54.5,10,45.5,224,1291,618,17,16,5,15,17,322,40,2,0,0,13,13,1,15,17,11,0,0,0,53,26,31,45.6,Newcastle Utd,Watford,January-15-2022
1,1,0,695,21,14,8,1.4,0.6,0.5,23,2,474,585,81.0,27,415,22,16,9,585,81.0,7032,2275,271,300,90.3,165,195,84.6,25,66,37.9,1,0.5,0.7,10,28,6,1,27,585,546,39,8,1,4,15,19,5,474,0,7,21,8,13,7,1,10,17,58.8,7,8,2,6,14,35,21,0,695,57,237,348,118,19,694,16,9,56.3,7,43.8,415,2123,1065,22,10,7,11,7,472,26,1,0,0,10,8,0,15,14,8,0,0,0,56,10,23,30.3,0,0,0,572,14,5,11,1.1,1.1,0.9,14,4,361,472,76.5,39,352,16,17,7,472,76.5,6226,2499,168,201,83.6,152,179,84.9,31,62,50.0,2,0.9,0.7,4,25,6,0,39,472,428,44,10,1,0,17,17,4,361,0,9,14,8,8,3,3,7,16,43.8,9,11,4,7,5,19,14,0,572,50,171,278,128,22,572,17,7,41.2,10,58.8,352,1874,833,16,12,5,16,11,357,36,2,0,0,9,10,0,17,5,8,0,1,0,49,23,10,69.7,Leicester City,West Ham,February-13-2022
0,1,0,657,22,7,9,1.6,0.8,0.5,27,2,434,536,81.0,55,398,30,24,15,536,81.0,8723,2778,112,140,80.0,279,312,89.4,40,72,55.6,0,0.5,1.2,8,36,8,2,55,536,486,47,20,6,3,25,16,4,434,3,5,22,12,12,7,3,9,17,52.9,8,9,4,5,7,29,23,2,657,58,239,272,152,26,656,24,15,62.5,9,37.5,398,2308,1470,30,15,4,22,6,431,54,4,0,0,6,19,3,25,7,12,1,0,0,49,17,9,65.4,0,0,1,472,15,11,7,0.5,0.5,0.4,13,0,254,361,70.4,27,237,11,17,8,361,70.4,5055,1899,103,125,82.4,106,132,80.3,39,82,47.6,0,0.4,0.2,6,21,5,4,27,361,318,40,9,0,0,15,23,2,254,3,6,15,10,8,4,3,9,24,37.5,15,7,3,4,11,26,23,0,472,68,183,193,102,13,472,17,8,47.1,9,52.9,237,1462,574,11,10,3,18,13,249,27,4,1,1,19,6,3,15,11,10,0,1,0,52,9,17,34.6,Arsenal,Watford,November-7-2021
0,0,0,762,11,5,4,3.4,3.4,3.2,46,5,568,670,84.8,78,519,37,20,15,670,84.8,10243,3050,240,262,91.6,231,265,87.2,66,95,69.5,3,3.2,2.9,22,51,20,4,78,670,608,61,12,6,11,35,30,13,568,1,7,11,5,5,4,2,4,6,66.7,2,4,1,3,5,16,9,0,762,29,113,347,305,52,762,20,15,75.0,5,25.0,519,2659,1534,37,25,14,17,12,565,76,0,0,0,5,11,1,35,5,5,0,0,0,56,23,18,56.1,0,0,0,388,17,11,14,0.2,0.2,0.2,6,4,180,271,66.4,11,179,7,6,2,271,66.4,3628,1688,72,93,77.4,74,97,76.3,27,66,40.9,2,0.2,0.2,3,7,3,1,11,271,224,45,6,0,1,5,14,1,180,2,3,17,9,10,6,1,5,20,25.0,15,14,9,5,11,28,31,1,388,115,227,107,55,11,388,6,2,33.3,4,66.7,179,820,381,7,8,4,13,7,178,11,2,0,0,11,5,2,5,11,9,0,0,0,39,18,23,43.9,Manchester City,Aston Villa,May-22-2022
0,0,0,1004,15,8,11,2.5,2.5,1.9,27,3,830,906,91.6,82,602,27,15,8,906,91.6,13497,3518,418,433,96.5,342,364,94.0,49,70,70.0,1,1.9,2.2,11,80,21,2,82,906,877,29,8,5,7,25,13,7,830,0,10,15,7,8,4,3,8,18,44.4,10,11,3,8,8,23,8,0,1004,43,134,576,301,34,1004,15,8,53.3,7,46.7,602,3072,1595,27,20,5,22,11,823,82,1,0,0,5,7,0,25,8,7,0,0,0,46,15,5,75.0,0,0,0,376,18,6,11,0.2,0.2,0.1,7,0,186,273,68.1,14,180,7,18,10,273,68.1,3080,1293,103,113,91.2,57,78,73.1,20,61,32.8,0,0.1,0.3,2,12,6,3,14,273,240,31,4,0,1,13,9,1,186,2,9,18,7,15,2,1,7,15,46.7,8,11,4,7,6,24,19,1,376,86,198,102,81,10,376,18,10,55.6,8,44.4,180,915,375,7,7,2,15,7,182,13,1,0,0,7,5,2,13,6,7,0,0,0,41,5,15,25.0,Manchester City,Everton,November-21-2021
0,0,0,537,17,15,8,1.0,1.0,0.9,18,2,332,424,78.3,44,295,14,14,9,424,78.3,6273,2523,138,159,86.8,156,186,83.9,35,68,51.5,1,0.9,1.0,9,32,12,2,44,424,374,49,13,2,6,19,24,4,332,1,6,17,11,7,8,2,8,21,38.1,13,8,1,7,15,32,19,0,537,58,186,232,123,26,537,14,9,64.3,5,35.7,295,1669,881,14,11,2,23,6,331,44,1,0,0,10,14,1,19,15,11,0,0,0,55,17,15,53.1,0,0,0,544,11,9,9,2.6,2.6,2.3,20,5,340,444,76.6,34,280,26,21,13,444,76.6,6732,2552,132,152,86.8,141,173,81.5,53,93,57.0,2,2.3,0.9,11,26,9,2,34,444,393,51,11,3,9,21,24,8,340,0,8,11,6,6,5,0,5,14,35.7,9,9,4,5,9,20,15,1,544,56,168,245,137,24,544,21,13,61.9,8,38.1,280,1564,929,26,12,6,18,9,336,31,1,0,0,14,9,0,21,9,6,0,0,0,57,15,17,46.9,Norwich City,Watford,September-18-2021
0,0,1,518,16,10,8,0.4,0.4,0.4,9,0,325,412,78.9,17,287,6,10,4,412,78.9,5259,1843,157,180,87.2,128,150,85.3,24,57,42.1,0,0.4,0.3,3,10,3,3,17,412,363,49,17,3,3,8,17,1,325,0,4,16,10,9,7,0,7,22,31.8,15,8,3,5,10,26,18,1,518,81,230,235,55,8,518,10,4,40.0,6,60.0,287,1382,564,6,7,0,19,11,322,16,1,1,0,10,13,0,8,10,10,0,0,0,44,10,12,45.5,0,0,0,936,17,8,5,1.3,1.3,1.2,31,6,759,850,89.3,67,594,27,22,15,850,89.3,12180,3824,385,410,93.9,291,322,90.4,60,77,77.9,3,1.2,1.3,15,55,12,3,67,850,818,29,10,2,2,16,11,4,759,3,5,17,9,6,10,1,6,10,60.0,4,5,1,4,8,25,11,0,936,42,189,530,219,29,936,22,15,68.2,7,31.8,594,2443,1278,27,26,6,11,9,752,67,0,0,0,14,9,3,16,8,9,0,0,0,64,12,10,54.5,Leeds United,Chelsea,May-11-2022
0,0,0,447,17,9,13,1.4,1.4,1.1,29,2,227,325,69.8,30,247,15,15,7,325,69.8,4422,2203,102,127,80.3,87,111,78.4,30,65,46.2,1,1.1,0.8,13,17,6,1,30,325,287,37,11,0,6,8,10,4,227,1,5,17,10,9,8,0,9,20,45.0,11,13,4,9,9,26,29,0,447,66,175,175,105,30,447,15,7,46.7,8,53.3,247,1422,704,15,12,10,14,11,222,28,2,0,0,9,11,1,8,9,10,0,0,0,52,14,9,60.9,0,0,0,708,19,6,7,1.6,1.6,1.4,38,2,498,600,83.0,62,423,21,20,11,600,83.0,8290,3190,250,276,90.6,191,213,89.7,45,79,57.0,1,1.4,1.1,18,40,10,2,62,600,547,52,10,2,5,23,26,5,498,1,10,19,9,9,8,2,8,15,53.3,7,7,2,5,6,25,14,1,708,73,180,372,166,35,708,20,11,55.0,9,45.0,423,2485,1487,21,15,7,14,8,493,60,2,0,0,11,9,1,23,6,9,0,0,0,46,9,14,39.1,Newcastle Utd,Leeds United,September-17-2021
0,0,0,481,25,11,14,0.8,0.8,0.8,18,2,293,370,79.2,21,245,13,10,5,370,79.2,5048,2021,137,155,88.4,105,122,86.1,36,66,54.5,1,0.8,0.8,9,15,5,1,21,370,326,43,12,4,2,14,15,4,293,1,5,25,14,17,7,1,11,22,50.0,11,14,5,9,11,36,20,0,481,96,207,191,89,17,481,10,5,50.0,5,50.0,245,1318,662,13,9,2,12,6,292,21,0,0,0,8,11,1,14,11,14,0,0,0,43,15,10,60.0,0,0,0,735,11,9,7,1.0,1.0,0.7,30,4,565,645,87.6,57,520,32,22,11,645,87.6,9624,2650,274,287,95.5,224,249,90.0,47,64,73.4,2,0.7,0.6,11,41,11,1,57,645,605,40,8,1,9,18,16,10,565,0,11,11,9,3,6,2,5,10,50.0,5,7,3,4,9,20,14,0,735,54,169,320,249,35,735,22,11,50.0,11,50.0,520,2568,1358,32,21,16,8,14,560,56,0,0,0,12,8,0,18,9,9,0,0,0,54,10,15,40.0,Aston Villa,Manchester City,December-1-2021
0,0,0,563,16,8,13,1.9,1.9,1.5,25,2,358,466,76.8,39,333,14,12,8,466,76.8,6918,2661,153,176,86.9,142,174,81.6,53,87,60.9,1,1.5,0.6,11,25,5,1,39,466,423,42,13,2,13,15,18,4,358,1,11,16,6,7,6,3,10,16,62.5,6,13,3,10,8,24,10,1,563,40,157,301,110,19,563,12,8,66.7,4,33.3,333,1751,839,14,10,3,14,9,354,39,1,0,0,13,11,1,15,8,6,0,0,0,59,15,17,46.9,0,0,0,601,13,6,11,2.1,2.1,1.6,22,6,383,488,78.5,37,322,19,16,6,488,78.5,6846,2845,177,200,88.5,160,187,85.6,39,81,48.1,3,1.6,1.0,10,32,7,3,37,488,434,52,13,2,4,13,21,5,383,2,10,13,6,6,5,2,4,12,33.3,8,11,1,10,6,19,17,1,601,71,221,258,126,20,601,16,6,37.5,10,62.5,322,1448,781,19,10,9,17,6,380,37,2,0,0,11,13,2,13,6,6,0,0,0,56,17,15,53.1,Burnley,Aston Villa,May-7-2022
0,0,0,611,13,13,7,1.0,1.0,0.8,25,2,385,512,75.2,22,400,13,8,3,512,75.2,6411,1980,191,226,84.5,149,181,82.3,35,80,43.8,1,0.8,0.3,10,23,8,3,22,512,446,65,21,1,6,21,31,5,385,1,8,13,9,7,6,0,7,14,50.0,7,7,3,4,13,26,10,0,611,50,175,288,152,18,611,8,3,37.5,5,62.5,400,1648,656,13,12,1,12,10,382,22,2,0,0,13,16,1,21,13,9,0,2,0,46,14,21,40.0,2,2,0,477,15,9,11,2.0,0.4,0.3,18,6,238,344,69.2,26,188,5,14,7,344,69.2,4102,1791,112,141,79.4,82,106,77.4,29,60,48.3,1,0.3,0.3,5,25,5,1,26,344,301,40,12,1,3,12,16,5,238,3,3,15,10,6,6,3,5,8,62.5,3,11,5,6,9,24,37,0,477,74,189,168,124,13,475,14,7,50.0,7,50.0,188,1000,432,5,9,1,18,6,234,24,5,0,0,18,12,3,12,9,10,2,0,0,57,21,14,60.0,Norwich City,Brentford,March-5-2022
0,0,0,527,22,10,11,1.9,1.9,0.8,32,2,305,412,74.0,33,278,19,26,17,412,74.0,4998,2269,144,174,82.8,126,151,83.4,22,58,37.9,1,0.8,1.0,13,24,9,4,33,412,357,54,14,1,1,18,27,8,305,1,10,22,15,8,10,4,8,19,42.1,11,11,1,10,10,32,10,1,527,30,129,250,158,25,527,26,17,65.4,9,34.6,278,1843,794,19,20,8,19,12,301,32,2,0,0,16,14,1,18,10,15,0,0,0,67,20,14,58.8,0,0,0,595,21,15,11,0.2,0.2,0.1,3,0,377,492,76.6,29,296,10,19,11,492,76.6,6656,2437,164,193,85.0,169,198,85.4,35,76,46.1,0,0.1,0.2,2,21,3,1,29,492,431,59,15,1,5,9,26,1,377,2,11,21,14,11,8,2,9,26,34.6,17,11,3,8,15,36,17,1,595,87,277,244,78,9,595,19,11,57.9,8,42.1,296,1788,872,10,7,4,20,14,373,28,3,0,0,14,16,2,9,15,14,0,0,0,57,14,20,41.2,Southampton,Leeds United,October-16-2021
0,0,0,660,18,8,8,1.7,1.7,1.5,32,3,436,551,79.1,24,314,27,24,18,551,79.1,7298,2238,222,252,88.1,157,190,82.6,43,69,62.3,2,1.5,1.1,15,32,5,2,24,551,507,43,9,3,5,21,13,10,436,1,15,18,10,7,5,6,9,14,64.3,5,8,1,7,8,26,16,0,660,57,221,215,229,32,660,24,18,75.0,6,25.0,314,1987,1132,27,14,11,13,11,435,24,3,0,0,8,9,1,21,8,10,0,0,0,62,14,6,70.0,0,0,1,699,17,22,21,0.7,0.7,0.7,17,0,461,559,82.5,38,346,12,14,5,559,82.5,7767,2444,205,227,90.3,193,219,88.1,41,75,54.7,0,0.7,0.7,8,32,11,4,38,559,518,40,9,2,6,16,21,2,461,1,9,17,7,5,8,4,6,24,25.0,18,21,8,13,22,39,19,2,699,76,253,289,163,15,699,14,5,35.7,9,64.3,346,1837,927,12,10,2,19,9,458,37,1,1,0,10,8,1,16,22,7,0,0,0,65,6,14,30.0,Manchester Utd,Brighton,February-15-2022
0,0,0,570,10,4,12,0.5,0.5,0.2,15,0,404,496,81.5,36,378,20,11,6,496,81.5,6644,2404,200,219,91.3,166,191,86.9,26,64,40.6,0,0.2,0.4,4,33,9,4,36,496,448,47,13,0,2,27,20,6,404,1,3,10,6,8,2,0,4,7,57.1,3,12,4,8,4,14,15,0,570,78,212,228,136,18,570,11,6,54.5,5,45.5,378,2174,1075,20,14,3,12,8,401,35,3,0,0,13,14,1,27,4,6,0,0,0,39,5,6,45.5,0,0,0,641,13,5,4,1.3,1.3,1.2,20,2,469,557,84.2,51,401,21,7,3,557,84.2,8159,2524,193,210,91.9,218,238,91.6,41,78,52.6,0,1.2,0.9,8,41,5,1,51,557,505,51,14,1,4,14,20,5,469,1,10,13,10,7,5,1,5,11,45.5,6,4,1,3,5,18,24,0,641,59,175,318,155,24,641,7,3,42.9,4,57.1,401,2097,1088,21,9,8,13,6,467,50,3,0,0,14,12,1,14,5,10,0,0,0,38,6,5,54.5,Aston Villa,Arsenal,March-19-2022
0,0,0,596,23,8,8,1.7,1.7,1.5,25,0,390,483,80.7,50,359,23,24,11,483,80.7,7118,2369,167,193,86.5,183,211,86.7,38,68,55.9,0,1.5,1.1,11,34,10,1,50,483,448,34,9,3,4,22,13,4,390,1,8,23,17,9,10,4,11,20,55.0,9,8,0,8,8,31,13,1,596,42,145,272,187,23,596,24,11,45.8,13,54.2,359,2102,1155,23,12,5,8,8,383,48,2,0,0,11,10,1,22,8,17,0,0,0,61,8,11,42.1,0,0,0,734,21,10,10,0.3,0.3,0.2,6,0,537,634,84.7,38,381,11,20,9,634,84.7,9759,2725,222,237,93.7,248,279,88.9,57,91,62.6,0,0.2,0.4,3,40,4,1,38,634,594,40,12,1,5,9,16,3,537,0,9,21,7,14,6,1,13,24,54.2,11,10,3,7,10,31,16,0,734,68,268,358,113,16,734,20,9,45.0,11,55.0,381,2023,1050,11,10,4,12,12,536,37,2,0,0,10,11,0,9,10,7,0,0,0,51,11,8,57.9,Norwich City,Wolves,November-27-2021
0,0,0,537,10,9,13,0.8,0.8,0.6,27,4,332,429,77.4,48,340,16,26,13,429,77.4,6509,2598,116,137,84.7,158,181,87.3,46,81,56.8,2,0.6,0.7,10,36,9,3,48,429,385,44,11,1,6,24,15,5,332,0,11,10,7,2,5,3,5,11,45.5,6,13,5,8,9,19,11,0,537,62,139,257,146,26,537,26,13,50.0,13,50.0,340,1669,865,16,12,5,13,9,331,48,1,0,0,7,10,0,24,9,7,0,0,0,44,23,16,59.0,0,0,0,457,22,6,11,0.7,0.7,0.6,21,0,247,355,69.6,28,197,15,11,6,355,69.6,4491,1891,112,137,81.8,95,128,74.2,30,62,48.4,0,0.6,0.5,9,18,3,1,28,355,305,48,6,2,2,18,22,4,247,2,10,22,10,11,7,4,13,26,50.0,13,11,6,5,6,28,23,0,457,56,189,177,98,17,457,11,6,54.5,5,45.5,197,1240,630,15,13,6,17,5,242,28,1,0,0,10,7,2,18,6,10,0,0,1,44,16,23,41.0,Aston Villa,Everton,September-18-2021
0,0,0,647,13,11,16,0.8,0.8,0.5,26,4,396,506,78.3,47,355,17,16,9,506,78.3,6406,2462,199,226,88.1,145,168,86.3,33,68,48.5,2,0.5,0.7,9,39,9,2,47,506,469,35,9,5,4,16,15,6,396,2,10,13,7,5,6,2,3,18,16.7,15,16,5,11,11,24,25,1,647,70,213,258,186,21,647,16,9,56.3,7,43.8,355,1669,833,17,11,5,23,9,391,46,1,0,0,8,9,2,16,11,7,0,0,0,66,20,14,58.8,0,0,0,617,16,12,13,0.7,0.7,0.6,26,0,374,503,74.4,35,319,17,18,15,503,74.4,6701,2570,163,204,79.9,180,214,84.1,29,64,45.3,0,0.6,0.6,13,20,8,3,35,503,449,51,10,0,2,24,19,9,374,3,14,16,9,12,2,2,7,16,43.8,9,13,3,10,12,28,21,0,617,79,243,253,127,30,617,18,15,83.3,3,16.7,319,1828,1021,17,8,4,15,10,370,35,3,0,0,10,8,3,24,12,9,0,0,0,53,14,20,41.2,Brighton,Brentford,December-26-2021
0,0,0,553,12,10,10,0.9,0.9,0.6,26,0,321,440,73.0,30,303,10,8,2,440,73.0,6449,2458,128,158,81.0,135,166,81.3,50,88,56.8,0,0.6,1.1,11,27,4,3,30,440,391,48,7,1,1,26,19,12,321,1,13,12,6,5,6,1,3,12,25.0,9,10,5,5,10,22,25,0,553,78,192,222,141,34,553,8,2,25.0,6,75.0,303,1297,625,10,6,2,8,5,319,30,2,0,0,8,6,1,26,10,6,0,0,0,50,15,16,48.4,0,0,0,683,11,13,19,0.6,0.6,0.5,16,0,454,554,81.9,49,385,29,12,9,554,81.9,7476,2376,231,259,89.2,187,211,88.6,26,54,48.1,0,0.5,0.9,7,41,13,4,49,554,511,42,9,0,1,26,18,8,454,1,6,11,8,4,5,2,6,8,75.0,2,19,8,11,13,24,34,0,683,72,189,308,194,26,683,12,9,75.0,3,25.0,385,2181,1191,29,22,5,24,9,453,49,1,0,0,7,8,1,26,13,8,0,0,0,53,16,15,51.6,Brentford,Tottenham,April-23-2022
0,0,0,568,6,8,11,1.5,1.5,1.5,27,10,363,465,78.1,40,299,20,24,12,465,78.1,6148,2591,166,197,84.3,146,172,84.9,38,65,58.5,5,1.5,1.0,14,29,9,0,40,465,406,57,11,10,5,11,27,5,363,2,10,6,4,1,5,0,3,12,25.0,9,11,1,10,8,14,16,0,568,60,166,283,126,20,568,24,12,50.0,12,50.0,299,2093,1206,20,14,7,20,11,359,39,1,0,0,11,9,2,11,8,4,0,0,0,51,11,9,55.0,0,0,0,584,23,14,13,0.5,0.5,0.5,18,2,372,482,77.2,32,342,6,12,9,482,77.2,6789,2426,148,168,88.1,173,199,86.9,38,83,45.8,1,0.5,0.3,7,19,7,3,32,482,429,50,13,1,6,14,17,4,372,3,11,23,13,10,11,2,12,24,50.0,12,13,3,10,14,37,12,0,584,75,256,240,93,11,584,12,9,75.0,3,25.0,342,1527,707,6,6,0,20,3,371,32,2,0,0,9,10,3,14,14,13,0,0,0,53,9,11,45.0,Manchester Utd,Leeds United,August-14-2021
0,0,0,618,20,12,14,1.0,1.0,0.8,19,2,411,505,81.4,33,384,16,7,4,505,81.4,6892,2665,212,232,91.4,154,186,82.8,35,59,59.3,1,0.8,0.7,9,29,5,2,33,505,457,47,15,2,6,11,22,1,411,1,10,20,12,13,6,1,10,20,50.0,10,14,6,8,12,32,18,0,618,65,200,298,124,15,618,7,4,57.1,3,42.9,384,1631,880,16,14,6,17,9,408,33,1,0,0,11,15,1,11,12,12,0,0,0,49,9,18,33.3,0,0,0,642,12,13,13,1.4,1.4,1.4,28,1,442,535,82.6,28,437,16,20,10,535,82.6,7580,2915,214,240,89.2,162,183,88.5,45,76,59.2,1,1.4,0.8,15,27,4,1,28,535,488,47,12,0,8,21,22,5,442,0,7,12,4,4,5,3,3,7,42.9,4,13,4,9,13,25,15,0,642,59,235,262,151,23,642,20,10,50.0,10,50.0,437,2115,1061,16,10,2,16,10,441,28,3,0,0,15,9,0,21,13,4,0,0,0,52,18,9,66.7,Aston Villa,Crystal Palace,May-15-2022
0,0,0,567,16,7,8,2.1,2.1,0.9,25,0,368,468,78.6,28,243,23,18,14,468,78.6,6331,2361,176,199,88.4,137,160,85.6,40,69,58.0,0,0.9,0.8,10,29,8,1,28,468,428,35,13,1,4,18,11,5,368,5,11,16,9,6,5,5,3,7,42.9,4,8,2,6,7,23,21,1,567,57,195,246,132,20,567,18,14,77.8,4,22.2,243,1593,947,23,12,2,11,4,362,27,3,0,0,7,9,5,18,7,9,0,0,0,61,15,11,57.7,0,0,0,679,8,13,11,0.6,0.6,0.6,17,1,498,592,84.1,47,384,24,7,4,592,84.1,8422,2656,235,259,90.7,198,221,89.6,45,76,59.2,1,0.6,0.7,7,32,8,0,47,592,547,41,11,5,7,18,14,7,498,4,7,8,5,4,3,1,4,18,22.2,14,11,4,7,13,21,18,1,679,56,182,356,144,23,679,7,4,57.1,3,42.9,384,2123,1162,24,17,4,11,13,495,47,4,0,0,9,7,4,18,13,5,0,0,0,54,11,15,42.3,Wolves,Manchester Utd,August-29-2021
0,0,1,452,22,9,12,1.6,1.6,1.4,21,6,251,341,73.6,27,254,16,11,9,341,73.6,4374,1964,115,133,86.5,103,130,79.2,28,57,49.1,3,1.4,0.8,10,24,3,2,27,341,291,49,11,1,0,15,20,6,251,1,8,22,13,7,9,6,16,20,80.0,4,12,4,8,9,31,26,1,452,59,167,180,111,19,452,11,9,81.8,2,18.2,254,1431,776,16,10,7,18,1,248,27,3,1,1,11,9,1,15,9,13,0,0,0,44,15,6,71.4,0,0,0,613,3,10,10,1.9,1.9,0.7,29,5,410,513,79.9,54,351,13,20,4,513,79.9,7462,2453,163,188,86.7,204,235,86.8,35,60,58.3,1,0.7,0.5,11,27,10,1,54,513,456,55,12,0,5,26,21,11,410,2,10,3,2,1,2,0,2,11,18.2,9,10,2,8,10,13,13,0,613,51,177,306,137,22,613,20,4,20.0,16,80.0,351,2060,1129,13,10,1,12,6,408,54,3,0,0,9,11,2,26,10,2,0,0,0,46,6,15,28.6,Aston Villa,Leeds United,February-9-2022
0,0,0,578,15,8,16,3.0,3.0,1.9,20,4,340,451,75.4,27,291,20,20,9,451,75.4,6113,2602,141,171,82.5,140,170,82.4,42,70,60.0,1,1.9,2.1,8,26,10,1,27,451,399,49,12,12,0,13,18,6,340,3,12,15,11,10,4,1,6,12,50.0,6,16,6,10,8,23,27,1,578,87,246,235,105,23,578,20,9,45.0,10,50.0,291,1833,827,20,6,5,23,15,340,27,4,0,0,12,11,3,13,8,11,0,0,0,63,15,11,57.7,0,0,1,701,25,11,13,1.1,1.1,1.0,34,4,456,576,79.2,50,394,26,12,6,576,79.2,8111,2717,202,234,86.3,177,207,85.5,56,91,61.5,2,1.0,2.0,13,38,13,3,50,576,528,47,15,2,5,27,21,4,456,1,11,25,13,11,7,7,10,19,52.6,9,13,2,11,11,36,15,1,701,55,161,306,245,33,701,12,6,50.0,6,50.0,394,1721,875,26,14,8,23,9,454,50,4,1,0,11,11,1,27,11,13,0,0,0,64,11,15,42.3,Tottenham,Liverpool,December-19-2021
0,0,0,537,17,31,15,0.4,0.4,0.4,12,2,277,384,72.1,25,203,10,15,8,384,72.1,4743,2095,136,166,81.9,87,118,73.7,37,69,53.6,1,0.4,0.3,6,15,3,1,25,384,339,42,11,0,1,4,15,1,277,3,5,17,9,14,2,1,8,19,42.1,11,15,5,10,31,48,39,0,537,114,277,192,72,14,537,15,8,53.3,7,46.7,203,977,438,10,7,5,15,8,275,25,0,0,0,8,10,3,4,31,9,0,1,0,52,20,17,54.1,0,1,0,757,15,15,8,2.3,1.4,1.1,32,0,517,661,78.2,79,517,36,19,11,661,78.2,9688,3369,219,261,83.9,234,286,81.8,61,98,62.2,0,1.1,1.7,13,72,28,3,79,661,608,52,10,1,8,42,26,12,517,1,12,15,10,3,10,2,7,15,46.7,8,8,3,5,15,30,6,0,757,35,116,328,320,60,756,19,11,57.9,8,42.1,517,3070,1541,36,27,6,18,9,511,77,1,0,0,11,8,1,42,15,10,1,0,0,63,17,20,45.9,Leicester City,Liverpool,December-28-2021
2,2,0,821,8,12,3,5.9,4.3,2.8,40,9,614,715,85.9,60,606,27,32,20,715,85.9,11247,4183,246,266,92.5,301,333,90.4,59,88,67.0,3,2.8,1.8,17,48,12,1,60,715,672,42,15,6,4,15,20,4,614,1,13,8,3,3,2,3,1,12,8.3,11,3,0,3,12,20,8,0,821,56,222,416,189,40,819,32,20,62.5,12,37.5,606,2971,1631,27,19,11,17,9,611,60,0,0,0,5,10,1,15,12,3,1,0,0,73,9,1,90.0,0,0,0,511,21,15,16,0.2,0.2,0.2,5,0,302,413,73.1,19,328,9,12,11,413,73.1,5276,1857,138,153,90.2,130,167,77.8,28,73,38.4,0,0.2,0.2,2,14,2,0,19,413,374,33,6,1,4,6,11,0,302,6,3,21,10,12,8,1,12,32,37.5,20,16,3,13,15,36,9,0,511,98,268,200,50,4,511,12,11,91.7,1,8.3,328,1414,723,9,11,0,18,7,300,18,3,0,0,11,5,6,6,15,10,0,2,0,67,1,9,10.0,Liverpool,Leeds United,February-23-2022
0,0,0,592,17,12,11,0.4,0.4,0.4,12,0,400,482,83.0,38,380,19,19,9,482,83.0,6589,2430,196,214,91.6,167,191,87.4,28,45,62.2,0,0.4,0.5,6,26,7,0,38,482,437,43,12,5,1,12,18,2,400,2,6,17,9,13,4,0,6,16,37.5,10,11,3,8,12,29,23,0,592,77,212,264,125,17,592,19,9,47.4,10,52.6,380,2189,1047,19,17,5,13,7,398,38,3,0,0,8,11,2,12,12,9,0,2,0,46,7,8,46.7,2,2,0,766,17,16,9,2.6,1.1,1.0,20,6,570,661,86.2,71,408,16,16,10,661,86.2,10491,3121,254,278,91.4,251,270,93.0,59,86,68.6,1,1.0,1.0,7,59,17,3,71,661,620,39,7,0,7,21,23,5,570,2,10,17,10,6,6,5,10,19,52.6,9,9,4,5,16,33,19,0,766,55,200,354,217,27,764,16,10,62.5,6,37.5,408,1897,1026,16,15,6,9,11,568,69,1,0,0,11,8,2,21,16,10,2,0,1,49,8,7,53.3,Aston Villa,Chelsea,December-26-2021
1,1,0,436,18,10,11,1.5,0.7,0.6,12,6,222,320,69.4,15,248,7,15,9,320,69.4,4324,1830,96,118,81.4,91,113,80.5,33,77,42.9,2,0.6,0.1,4,11,2,1,15,320,275,43,16,0,2,6,17,0,222,2,3,18,8,11,5,2,7,15,46.7,8,11,1,10,10,28,17,0,436,49,193,173,79,9,435,15,9,60.0,6,40.0,248,1251,461,7,8,1,24,10,221,15,0,0,0,11,14,2,6,10,8,1,0,0,55,11,10,52.4,0,0,0,791,16,8,3,0.8,0.8,0.7,20,0,591,693,85.3,59,476,13,15,8,693,85.3,8767,2633,318,343,92.7,220,246,89.4,28,53,52.8,0,0.7,1.0,10,46,11,1,59,693,635,54,13,0,2,9,30,2,591,4,11,16,9,7,3,6,6,15,40.0,9,3,0,3,8,24,5,0,791,41,187,401,209,21,791,15,8,53.3,7,46.7,476,2802,1549,13,13,1,23,11,586,58,2,0,0,15,10,4,9,8,9,0,1,0,61,10,11,47.6,Crystal Palace,Arsenal,April-4-2022
0,0,0,708,14,6,12,1.1,1.1,1.1,15,2,509,607,83.9,42,437,21,9,6,607,83.9,8227,2509,246,267,92.1,226,256,88.3,27,54,50.0,1,1.1,0.9,6,41,8,1,42,607,554,50,22,2,2,16,15,7,509,3,8,14,8,9,3,2,10,17,58.8,7,12,0,12,6,20,14,0,708,53,226,305,185,16,708,9,6,66.7,3,33.3,437,2159,1189,21,19,6,25,13,505,42,4,0,0,17,17,3,16,6,8,0,0,0,52,11,15,42.3,0,0,0,362,16,3,7,0.3,0.3,0.2,11,0,149,248,60.1,9,141,5,17,7,248,60.1,3270,1739,61,88,69.3,54,75,72.0,32,66,48.5,0,0.2,0.4,4,10,1,1,9,248,188,54,19,0,3,9,22,2,149,6,12,16,6,11,4,1,3,9,33.3,6,7,1,6,3,19,24,0,362,49,138,130,97,14,362,17,7,41.2,10,58.8,141,640,316,5,4,3,18,4,145,9,3,0,0,17,16,6,9,3,6,0,0,0,42,15,11,57.7,Chelsea,Newcastle Utd,March-13-2022
0,0,0,641,21,7,14,0.7,0.7,0.4,20,0,409,528,77.5,56,410,34,25,13,528,77.5,6878,2468,207,243,85.2,157,184,85.3,35,77,45.5,0,0.4,0.6,6,36,12,2,56,528,482,46,9,3,3,22,24,6,409,0,8,21,13,13,6,2,11,20,55.0,9,14,8,6,7,28,20,0,641,74,206,248,195,35,641,25,13,52.0,12,48.0,410,2633,1693,34,23,11,15,6,406,55,4,0,0,9,8,0,22,7,13,0,0,0,66,14,30,31.8,0,0,0,459,18,16,13,1.0,1.0,0.7,24,2,212,318,66.7,27,214,16,20,9,318,66.7,4323,2523,87,115,75.7,86,119,72.3,35,72,48.6,0,0.7,0.8,9,19,6,1,27,318,271,47,8,1,0,14,22,7,212,0,7,18,9,13,4,1,12,25,48.0,13,13,5,8,16,34,28,0,459,77,184,154,127,29,459,20,9,45.0,11,55.0,214,1204,546,16,9,7,14,10,209,27,2,0,0,9,9,0,14,16,9,0,0,0,61,30,14,68.2,Leeds United,Newcastle Utd,January-22-2022
0,0,0,755,12,9,13,3.2,3.2,2.4,51,10,577,640,90.2,59,549,35,31,17,640,90.2,9769,2921,257,278,92.4,277,296,93.6,35,48,72.9,5,2.4,1.7,24,39,19,2,59,640,613,26,7,8,2,17,8,6,577,1,9,12,5,3,5,4,3,11,27.3,8,13,1,12,9,21,12,0,755,50,150,371,244,42,755,31,17,54.8,14,45.2,549,3575,2242,35,33,12,9,1,569,59,1,0,0,5,9,1,17,9,5,0,0,0,49,8,3,72.7,0,0,0,455,15,7,14,0.3,0.3,0.2,12,0,296,368,80.4,18,255,13,11,8,368,80.4,4942,1782,130,142,91.5,124,135,91.9,26,56,46.4,0,0.2,0.1,4,12,2,0,18,368,325,43,5,0,2,6,16,2,296,0,11,15,8,9,6,0,14,31,45.2,17,14,7,7,7,22,15,3,455,92,253,143,63,9,455,11,8,72.7,3,27.3,255,1543,777,13,10,3,9,9,295,18,1,0,0,9,5,0,6,7,8,0,0,0,29,3,8,27.3,Manchester City,Leeds United,December-14-2021
0,0,0,455,20,9,8,1.2,1.2,0.8,13,1,217,343,63.3,22,165,9,11,7,343,63.3,4166,1935,94,123,76.4,83,107,77.6,34,82,41.5,1,0.8,0.5,6,20,8,1,22,343,295,47,9,1,0,9,19,2,217,1,11,20,12,10,8,2,11,20,55.0,9,8,4,4,9,29,22,0,455,75,202,167,90,18,455,11,7,63.6,4,36.4,165,1010,450,9,10,4,16,5,216,22,0,0,0,12,7,1,9,9,12,0,0,0,44,17,20,45.9,0,0,0,742,9,7,10,1.3,1.3,1.1,43,0,522,620,84.2,62,455,21,20,9,620,84.2,8683,2519,264,290,91.0,208,235,88.5,40,69,58.0,0,1.1,1.4,19,36,19,8,62,620,565,54,12,4,3,22,26,5,522,1,6,9,3,3,3,3,4,11,36.4,7,10,0,10,7,16,15,0,742,52,160,347,240,40,742,20,9,45.0,11,55.0,455,2435,1319,21,22,8,24,9,520,62,0,0,0,8,12,1,22,7,3,0,0,0,48,20,17,54.1,Brentford,Arsenal,August-13-2021
0,0,0,667,29,14,8,1.8,1.8,1.8,46,0,434,539,80.5,62,349,38,23,19,539,80.5,8719,2756,165,186,88.7,194,230,84.3,68,97,70.1,0,1.8,1.3,23,33,9,4,62,539,491,46,7,5,10,35,28,5,434,2,11,29,18,9,16,4,13,22,59.1,9,8,2,6,14,43,7,1,667,41,156,279,238,37,667,23,19,82.6,4,17.4,349,2026,1135,38,22,10,16,14,429,61,1,0,0,9,7,2,35,14,18,0,1,0,52,17,12,58.6,1,1,0,527,18,8,19,1.8,1.0,0.8,12,2,303,391,77.5,15,231,13,22,9,391,77.5,4596,2003,171,190,90.0,87,108,80.6,23,55,41.8,0,0.8,0.8,5,21,4,0,15,391,340,51,10,2,1,8,20,4,303,0,6,18,6,10,7,1,4,23,17.4,19,19,10,9,8,26,33,0,527,85,219,235,80,17,526,22,9,40.9,13,59.1,231,1280,654,13,4,4,19,16,300,15,4,0,0,7,9,0,8,8,6,1,0,0,41,12,17,41.4,Wolves,Tottenham,August-22-2021
0,0,0,659,23,10,20,0.4,0.4,0.3,12,2,400,516,77.5,30,295,22,29,15,516,77.5,6378,2371,188,207,90.8,163,192,84.9,27,60,45.0,1,0.3,0.3,6,25,4,0,30,516,466,48,12,1,2,15,22,5,400,2,18,23,12,15,5,3,14,26,53.8,12,20,6,14,10,33,26,2,659,74,277,241,151,17,659,29,15,51.7,14,48.3,295,1663,927,22,13,5,19,7,399,29,1,0,0,9,12,2,15,10,12,0,0,0,66,19,11,63.3,0,0,0,650,21,7,18,1.7,1.7,1.3,32,0,397,504,78.8,50,309,21,26,12,504,78.8,7185,2671,175,196,89.3,160,191,83.8,48,83,57.8,0,1.3,1.4,15,47,13,3,50,504,447,57,11,3,6,26,32,10,397,0,16,21,8,12,5,4,14,29,48.3,15,18,3,15,7,28,23,0,650,67,222,259,175,30,650,26,12,46.2,14,53.8,309,1857,1014,21,10,3,18,9,394,49,2,0,0,12,9,0,26,7,8,0,0,0,56,11,19,36.7,Leicester City,Leeds United,March-5-2022
0,0,0,678,17,8,7,1.4,1.4,1.3,23,2,425,568,74.8,54,329,30,14,7,568,74.8,7737,2647,171,220,77.7,203,238,85.3,43,80,53.8,1,1.3,1.4,10,42,10,2,54,568,504,64,11,0,6,33,32,11,425,0,14,17,9,6,10,1,10,18,55.6,8,7,1,6,8,25,12,2,678,52,167,324,190,24,678,14,7,50.0,7,50.0,329,2073,1245,30,18,4,18,11,421,54,3,0,0,8,11,0,33,8,9,0,0,0,63,23,26,46.9,0,0,0,481,18,20,14,1.7,1.7,1.2,14,2,220,337,65.3,26,181,17,18,8,337,65.3,4679,2038,76,101,75.2,86,120,71.7,47,95,49.5,1,1.2,0.5,7,29,7,1,26,337,300,37,9,1,3,12,16,3,220,0,6,18,15,9,9,0,7,14,50.0,7,14,2,12,20,38,33,0,481,67,182,189,120,22,481,18,8,44.4,10,55.6,181,1183,525,17,10,7,21,7,217,26,2,0,0,12,7,0,12,20,15,0,0,0,58,26,23,53.1,Southampton,Watford,March-13-2022
0,0,0,875,9,9,7,2.8,2.8,1.8,43,6,619,775,79.9,44,378,27,20,9,775,79.9,9564,3144,306,351,87.2,214,249,85.9,49,93,52.7,3,1.8,1.8,18,58,14,1,44,775,720,53,13,2,7,32,26,9,619,2,20,9,7,5,3,1,6,12,50.0,6,7,2,5,9,18,5,0,875,35,166,407,304,37,875,20,9,45.0,11,55.0,378,1754,873,27,20,5,13,10,613,44,0,0,0,6,5,2,32,9,7,0,0,0,75,24,19,55.8,0,0,0,497,21,15,22,0.7,0.7,0.7,10,0,227,366,62.0,21,184,6,12,6,366,62.0,3669,1560,116,152,76.3,76,109,69.7,19,65,29.2,0,0.7,0.7,5,13,5,0,21,366,326,33,8,4,0,4,12,0,227,7,5,21,9,11,7,3,11,20,55.0,9,22,6,16,15,36,36,1,497,109,230,199,71,8,497,12,6,50.0,6,50.0,184,962,386,6,10,1,11,3,226,21,1,0,0,6,6,7,4,15,9,0,0,0,73,19,24,44.2,Liverpool,Brentford,January-16-2022
0,0,0,689,19,9,14,2.2,2.2,1.7,22,0,466,563,82.8,29,431,16,18,10,563,82.8,7899,2686,220,236,93.2,183,207,88.4,48,88,54.5,0,1.7,0.8,11,23,6,3,29,563,515,46,14,3,6,19,17,3,466,2,11,19,13,12,7,0,13,20,65.0,7,14,6,8,9,28,36,0,689,105,322,274,97,14,689,18,10,55.6,8,44.4,431,2000,936,16,10,5,15,8,464,29,1,0,0,4,14,2,19,9,13,0,0,0,51,8,14,36.4,0,0,0,666,16,5,12,1.7,1.7,1.4,32,5,459,560,82.0,47,392,25,20,7,560,82.0,8091,2818,202,216,93.5,205,244,84.0,42,71,59.2,2,1.4,1.7,13,29,12,4,47,560,516,44,5,10,3,25,19,11,459,0,8,16,8,3,8,5,8,18,44.4,10,12,2,10,5,21,17,2,666,53,155,335,183,37,666,20,7,35.0,13,65.0,392,1912,1061,25,16,9,15,6,455,45,1,0,0,14,3,0,25,5,8,0,0,0,52,14,8,63.6,Norwich City,Liverpool,August-14-2021
1,1,0,880,23,7,7,2.2,1.4,1.3,33,4,648,774,83.7,69,532,21,19,6,774,83.7,11790,3449,270,305,88.5,296,340,87.1,66,92,71.7,1,1.3,1.4,15,57,7,3,69,774,725,48,10,1,5,22,26,9,648,1,9,23,13,5,10,8,9,14,64.3,5,7,1,6,7,30,4,0,880,35,165,469,251,25,879,19,6,31.6,12,63.2,532,2539,1403,21,18,5,13,11,643,69,1,0,0,9,8,1,22,7,13,1,0,0,60,21,12,63.6,0,0,0,419,23,14,16,0.6,0.6,0.6,10,0,180,293,61.4,12,153,9,14,5,293,61.4,3085,1226,74,100,74.0,73,97,75.3,20,66,30.3,0,0.6,0.2,5,13,3,1,12,293,244,46,10,1,2,9,15,3,180,3,7,23,8,15,6,2,12,18,66.7,6,16,7,9,14,37,23,1,419,72,184,176,67,6,419,14,5,35.7,9,64.3,153,959,457,9,6,1,15,14,178,12,1,0,0,8,9,3,9,14,8,0,1,0,54,12,21,36.4,Liverpool,Watford,April-2-2022
0,0,0,527,8,12,8,0.7,0.7,0.6,18,0,329,423,77.8,40,353,26,9,5,423,77.8,5593,2083,153,175,87.4,147,178,82.6,24,53,45.3,0,0.6,0.4,8,24,6,1,40,423,386,37,14,0,2,13,14,5,329,0,7,8,4,7,1,0,5,11,45.5,6,8,6,2,12,20,24,0,527,60,203,227,105,20,527,9,5,55.6,4,44.4,353,2236,1346,26,14,5,20,10,327,40,3,0,0,10,12,0,13,12,4,0,0,0,50,16,16,50.0,0,0,1,691,14,15,9,0.7,0.7,0.5,20,0,485,581,83.5,45,435,17,11,6,581,83.5,8574,3086,228,248,91.9,202,238,84.9,47,76,61.8,0,0.5,0.7,7,46,5,3,45,581,548,31,9,1,3,22,10,4,485,2,3,14,5,6,5,3,4,9,44.4,5,9,4,5,15,29,19,0,691,56,180,328,191,14,691,11,6,54.5,5,45.5,435,2249,1119,17,17,4,20,3,483,44,3,1,1,12,10,2,22,15,5,0,0,0,57,16,16,50.0,Southampton,West Ham,September-11-2021
0,0,0,345,11,7,18,0.1,0.1,0.1,5,0,171,258,66.3,14,150,4,4,3,258,66.3,3547,1655,77,95,81.1,59,78,75.6,34,63,54.0,0,0.1,0.1,3,11,1,1,14,258,222,31,6,0,2,7,9,1,171,5,10,11,10,4,7,0,4,7,57.1,3,18,3,15,7,18,24,0,345,62,158,141,51,4,345,4,3,75.0,1,25.0,150,650,312,4,2,2,15,6,171,14,1,0,0,11,5,5,7,7,10,0,0,0,31,18,13,58.1,0,0,0,872,7,4,8,1.8,1.8,1.5,34,4,718,821,87.5,61,667,29,7,3,821,87.5,13553,3809,279,296,94.3,365,393,92.9,72,104,69.2,2,1.5,1.2,15,56,12,1,61,821,774,47,16,1,8,20,20,8,718,0,17,7,4,2,5,0,1,4,25.0,3,8,0,8,4,11,7,0,872,57,245,428,207,35,872,7,3,42.9,4,57.1,667,3040,1540,29,11,12,4,7,714,61,0,0,0,6,11,0,20,4,4,0,0,0,47,13,18,41.9,Burnley,Manchester City,April-2-2022
0,0,0,693,8,7,8,2.5,2.5,2.3,24,4,494,605,81.7,49,379,26,19,11,605,81.7,8714,2599,234,260,90.0,206,234,88.0,48,84,57.1,2,2.3,1.7,12,43,10,2,49,605,547,54,11,2,4,22,26,11,494,4,8,8,3,2,4,2,4,11,36.4,7,8,1,7,7,15,14,0,693,40,113,369,216,26,693,19,11,57.9,8,42.1,379,2241,1187,26,12,8,10,7,494,49,0,0,0,9,8,4,22,7,3,0,0,0,49,16,12,57.1,0,0,0,467,15,12,8,0.3,0.3,0.3,12,0,266,373,71.3,17,294,16,11,7,373,71.3,5019,1968,105,127,82.7,127,154,82.5,31,71,43.7,0,0.3,0.4,6,15,6,3,17,373,332,38,13,0,0,16,12,2,266,3,8,15,12,13,2,0,8,19,42.1,11,8,3,5,12,27,16,0,467,77,220,176,74,17,467,11,7,63.6,4,36.4,294,1668,655,16,8,6,9,4,261,15,0,0,0,8,9,3,16,12,12,0,0,0,47,12,16,42.9,West Ham,Norwich City,January-12-2022
0,0,0,792,10,16,9,1.5,1.5,1.4,23,4,585,694,84.3,54,387,23,14,10,694,84.3,10499,3586,257,280,91.8,262,297,88.2,61,94,64.9,2,1.4,0.9,10,38,11,1,54,694,652,41,10,3,5,20,20,5,585,1,8,10,5,5,2,3,2,13,15.4,11,9,0,9,16,26,19,0,792,58,227,382,189,30,792,14,10,71.4,4,28.6,387,2156,1141,23,17,13,12,16,581,53,2,0,0,8,5,1,20,16,5,0,0,0,58,11,11,50.0,0,0,0,614,20,16,13,1.0,1.0,1.0,17,4,384,503,76.3,30,289,15,13,11,503,76.3,6912,2533,176,205,85.9,158,192,82.3,46,85,54.1,2,1.0,0.7,8,22,5,0,30,503,457,41,9,2,4,11,19,3,384,5,11,20,10,8,10,2,4,14,28.6,10,13,5,8,16,36,17,0,614,91,257,242,120,20,614,13,11,84.6,2,15.4,289,1442,801,15,11,6,14,8,380,28,2,0,0,5,7,5,11,16,10,0,0,0,65,11,11,50.0,Liverpool,Brighton,October-30-2021
0,1,0,603,13,7,12,2.7,1.8,1.4,37,5,394,492,80.1,42,371,32,12,4,492,80.1,6785,2452,185,210,88.1,159,189,84.1,39,65,60.0,2,1.4,1.2,15,32,8,1,42,492,455,36,8,3,5,15,14,7,394,1,7,13,10,4,6,3,6,15,40.0,9,12,3,9,7,20,20,1,603,52,195,267,148,32,602,12,4,33.3,8,66.7,371,2206,1372,32,20,8,13,6,391,42,2,0,0,17,10,1,15,7,10,1,0,0,60,11,15,42.3,0,0,0,534,14,11,12,1.4,1.4,1.4,19,2,332,429,77.4,28,341,23,15,9,429,77.4,6106,2637,146,172,84.9,143,168,85.1,40,74,54.1,1,1.4,0.6,8,24,5,1,28,429,377,52,17,4,2,12,19,4,332,0,8,14,8,5,4,5,8,12,66.7,4,12,5,7,11,25,18,1,534,76,204,229,104,16,534,15,9,60.0,6,40.0,341,1876,1043,23,9,4,16,7,326,27,5,0,0,10,17,0,12,11,8,0,1,0,49,15,11,57.7,Arsenal,Aston Villa,October-22-2021
0,0,0,526,18,6,10,1.0,1.0,0.2,7,0,342,429,79.7,18,231,6,10,4,429,79.7,5909,1765,161,180,89.4,141,163,86.5,32,57,56.1,0,0.2,0.2,3,20,1,1,18,429,383,42,13,0,5,9,14,1,342,4,13,18,11,13,5,0,8,19,42.1,11,10,3,7,6,24,23,1,526,73,226,220,85,4,526,10,4,40.0,6,60.0,231,1369,587,6,11,0,10,6,341,18,1,0,0,9,12,4,9,6,11,0,0,1,42,9,10,47.4,0,0,0,938,12,6,12,1.7,1.7,1.3,29,2,775,862,89.9,68,651,23,19,11,862,89.9,13710,3923,353,379,93.1,335,362,92.5,75,96,78.1,1,1.3,1.6,13,81,7,2,68,862,824,37,12,1,9,19,10,9,775,1,8,12,6,3,7,2,6,10,60.0,4,12,1,11,6,18,7,0,938,47,166,476,299,30,938,19,11,57.9,8,42.1,651,2808,1351,23,21,12,13,10,773,68,2,0,0,12,9,1,19,6,6,0,0,0,50,10,9,52.6,Manchester Utd,Manchester City,November-6-2021
0,0,0,664,12,17,13,0.8,0.8,0.6,30,0,435,556,78.2,56,436,30,24,10,556,78.2,8155,2749,162,180,90.0,223,272,82.0,47,87,54.0,0,0.6,1.5,10,44,8,6,56,556,502,53,12,2,6,42,29,7,435,1,11,12,5,4,8,0,4,9,44.4,5,13,7,6,17,29,17,0,664,52,205,273,192,31,664,24,10,41.7,14,58.3,436,2320,1259,30,20,7,15,3,429,56,2,0,0,12,13,1,42,17,5,0,0,0,60,17,14,54.8,0,0,1,519,17,7,13,2.1,2.1,2.0,19,1,296,395,74.9,40,284,10,9,5,395,74.9,5227,1927,134,158,84.8,131,154,85.1,26,66,39.4,1,2.0,0.9,9,22,9,3,40,395,348,45,13,2,2,13,17,4,296,2,11,17,10,10,5,2,14,24,58.3,10,13,4,9,7,24,35,0,519,78,195,201,130,26,519,9,5,55.6,4,44.4,284,1601,771,10,7,3,21,8,294,40,5,1,1,13,12,2,13,7,10,0,0,0,48,14,17,45.2,Wolves,Arsenal,February-10-2022
0,0,0,565,24,17,12,1.8,1.8,1.7,30,3,345,446,77.4,40,364,30,19,8,446,77.4,5780,2310,161,180,89.4,154,187,82.4,24,56,42.9,2,1.7,0.8,14,27,6,2,40,446,395,47,21,1,4,10,14,3,345,4,9,24,12,10,9,5,10,25,40.0,15,12,4,8,17,41,16,1,565,63,223,237,117,17,565,19,8,42.1,11,57.9,364,2209,1175,30,10,8,22,8,342,39,6,0,0,13,18,4,10,17,12,0,0,0,71,4,7,36.4,0,0,0,486,19,10,12,2.2,2.2,2.1,29,8,275,380,72.4,29,229,22,25,15,380,72.4,4336,1888,137,161,85.1,89,106,84.0,28,65,43.1,4,2.1,1.5,12,19,11,1,29,380,328,50,17,1,1,13,20,3,275,2,8,19,10,8,8,3,11,19,57.9,8,12,4,8,10,29,13,0,486,47,155,212,128,23,486,25,15,60.0,10,40.0,229,1468,914,22,12,5,19,14,274,29,3,0,0,19,13,2,13,10,10,0,0,0,64,7,4,63.6,Leeds United,Manchester Utd,February-20-2022
0,0,0,727,14,8,7,1.8,1.8,1.0,36,3,515,636,81.0,59,433,25,12,7,636,81.0,9012,2788,251,285,88.1,204,237,86.1,52,90,57.8,2,1.0,0.7,14,54,13,6,59,636,586,49,6,1,6,43,25,14,515,1,12,14,11,2,11,1,5,11,45.5,6,7,3,4,8,22,7,0,727,47,145,272,314,43,727,12,7,58.3,5,41.7,433,2133,1027,25,13,7,15,9,511,59,1,0,0,10,4,1,43,8,11,0,0,0,46,10,17,37.0,0,0,0,466,14,12,16,0.7,0.7,0.6,9,1,234,326,71.8,18,256,7,11,6,326,71.8,3919,1842,125,148,84.5,78,103,75.7,24,58,41.4,1,0.6,0.3,4,16,4,1,18,326,287,37,11,1,0,8,15,0,234,2,4,14,6,9,4,1,5,12,41.7,7,16,9,7,12,26,49,1,466,113,247,165,56,9,466,11,6,54.5,5,45.5,256,1069,495,7,2,2,10,9,231,17,1,0,0,5,9,2,8,12,6,0,0,0,46,17,10,63.0,Arsenal,Brentford,February-19-2022
0,0,0,879,14,4,3,4.4,4.4,3.8,49,10,721,813,88.7,69,559,32,14,7,813,88.7,10729,3207,373,391,95.4,288,319,90.3,32,64,50.0,4,3.8,3.6,21,52,21,6,69,813,760,52,10,8,1,30,23,14,721,1,5,14,10,2,8,4,6,8,75.0,2,3,0,3,4,18,3,0,879,34,145,387,350,45,879,14,7,50.0,7,50.0,559,2749,1574,32,27,13,8,2,710,69,1,0,0,5,7,1,30,4,10,0,0,0,45,13,9,59.1,0,0,1,304,9,12,14,0.2,0.2,0.2,2,0,141,207,68.1,11,142,2,8,2,207,68.1,2877,1310,56,73,76.7,62,74,83.8,22,52,42.3,0,0.2,0.2,1,14,2,1,11,207,169,35,6,0,2,3,12,0,141,3,3,9,6,6,2,1,7,14,50.0,7,14,9,5,12,21,30,1,304,87,172,97,37,6,304,8,2,25.0,6,75.0,142,666,274,2,4,3,9,8,141,11,2,1,0,7,5,3,3,12,6,0,0,0,34,9,13,40.9,Manchester City,Arsenal,August-28-2021
0,0,0,407,16,8,16,0.6,0.6,0.5,9,0,190,295,64.4,13,210,9,17,14,295,64.4,3372,1530,96,117,82.1,72,98,73.5,19,64,29.7,0,0.5,0.5,5,10,2,0,13,295,246,47,14,1,3,3,15,2,190,2,7,16,9,12,4,0,9,24,37.5,15,16,6,10,8,24,34,0,407,106,231,131,54,13,407,17,14,82.4,3,17.6,210,1146,609,9,5,4,9,10,188,12,3,0,0,6,11,2,3,8,9,0,0,0,45,8,22,26.7,0,0,0,914,13,9,9,2.9,2.9,2.0,35,0,697,815,85.5,82,684,40,24,15,815,85.5,12195,3410,337,369,91.3,295,330,89.4,56,85,65.9,0,2.0,1.5,14,69,16,2,82,815,763,49,8,3,6,19,27,6,697,3,12,13,9,4,4,5,3,17,17.6,14,9,1,8,9,22,8,2,914,49,194,414,310,46,914,24,15,62.5,9,37.5,684,3777,2215,40,33,13,18,7,693,81,1,0,0,11,6,3,19,9,9,0,0,0,58,22,8,73.3,Crystal Palace,Manchester City,March-14-2022
0,0,0,463,23,20,13,0.7,0.7,0.6,13,0,216,329,65.7,19,167,15,19,9,329,65.7,3753,1377,93,109,85.3,103,134,76.9,13,60,21.7,0,0.6,0.4,5,14,2,0,19,329,280,49,10,1,0,17,19,7,216,0,7,23,13,11,5,7,4,15,26.7,11,13,5,8,20,43,21,0,463,57,140,218,110,13,463,19,9,47.4,10,52.6,167,1157,500,15,13,4,18,9,215,19,2,0,0,12,10,0,17,20,13,0,0,0,58,11,15,42.3,0,0,0,665,19,6,7,2.1,2.1,1.5,28,2,442,562,78.6,47,353,15,15,11,562,78.6,6808,2275,231,267,86.5,156,189,82.5,31,57,54.4,1,1.5,1.4,11,27,11,2,47,562,517,43,11,1,3,19,18,7,442,2,9,19,10,11,7,1,10,19,52.6,9,7,1,6,6,25,12,1,665,43,195,314,162,26,665,15,11,73.3,4,26.7,353,1890,986,15,19,3,12,19,437,47,3,0,0,10,12,2,19,6,10,0,0,1,61,15,11,57.7,Southampton,Manchester Utd,August-22-2021
0,0,0,559,14,6,8,0.6,0.6,0.4,19,0,299,455,65.7,20,241,9,21,11,455,65.7,5302,2192,120,147,81.6,116,170,68.2,40,90,44.4,0,0.4,0.3,7,22,7,3,20,455,390,62,8,0,5,14,43,4,299,3,9,14,6,7,5,2,8,16,50.0,8,8,2,6,6,20,23,0,559,46,160,276,129,16,559,21,11,52.4,10,47.6,241,1175,619,9,8,1,17,6,296,20,1,0,0,16,8,3,14,6,6,0,0,0,60,24,22,52.2,0,0,0,547,16,19,13,0.8,0.8,0.8,18,0,269,403,66.7,31,304,15,16,8,403,66.7,4842,2167,135,172,78.5,95,119,79.8,32,95,33.7,0,0.8,1.1,11,21,8,2,31,403,349,54,19,1,3,22,20,7,269,0,8,16,11,7,8,1,10,21,47.6,11,13,4,9,19,35,28,0,547,61,172,266,115,23,547,16,8,50.0,8,50.0,304,1753,743,15,13,3,23,6,266,30,2,0,0,9,16,0,22,19,11,0,0,0,66,22,24,47.8,Burnley,Watford,February-5-2022
1,1,1,797,15,6,7,1.5,0.7,0.7,25,1,624,699,89.3,47,546,13,8,1,699,89.3,11136,2769,277,293,94.5,291,308,94.5,53,80,66.3,0,0.7,0.7,12,47,8,2,47,699,660,38,10,0,2,17,21,2,624,1,7,15,12,3,12,0,5,9,55.6,4,7,1,6,6,21,25,0,797,71,206,438,153,21,796,8,1,12.5,7,87.5,546,2052,1074,13,14,8,8,16,619,47,3,1,0,16,9,1,17,6,12,1,0,0,36,11,9,55.0,0,0,0,462,23,9,9,0.3,0.3,0.3,9,2,287,374,76.7,17,262,8,9,4,374,76.7,5146,1786,125,141,88.7,113,130,86.9,38,72,52.8,1,0.3,0.2,4,16,2,1,17,374,323,50,17,0,3,18,20,5,287,1,8,23,15,11,7,5,7,8,87.5,1,9,3,6,9,32,10,0,462,62,220,163,84,16,462,9,4,44.4,5,55.6,262,1228,584,8,4,2,15,10,285,17,4,0,0,10,15,1,18,9,15,0,1,0,33,9,11,45.0,Brighton,Newcastle Utd,November-6-2021
0,0,0,546,26,13,9,1.8,1.8,1.5,36,3,347,443,78.3,33,347,36,15,9,443,78.3,5505,2258,194,225,86.2,112,142,78.9,30,53,56.6,2,1.5,1.2,17,26,8,2,33,443,394,46,8,2,3,12,25,2,347,3,6,26,19,11,12,3,8,18,44.4,10,9,0,9,13,39,12,0,546,46,149,245,157,37,546,15,9,60.0,6,40.0,347,2177,1353,36,18,12,12,6,347,33,4,0,0,16,8,3,12,13,19,0,0,0,52,10,9,52.6,0,0,0,636,12,14,12,0.5,0.5,0.5,17,0,436,538,81.0,26,399,20,18,10,538,81.0,8054,2622,176,208,84.6,182,207,87.9,62,93,66.7,0,0.5,0.5,7,16,4,0,26,538,473,65,19,0,3,10,32,3,436,0,9,12,6,5,5,2,6,15,40.0,9,12,7,5,14,26,9,0,636,75,257,266,120,17,636,18,10,55.6,8,44.4,399,2089,892,20,12,5,15,18,430,26,1,0,0,8,16,0,10,14,6,0,0,0,49,9,10,47.4,Aston Villa,Norwich City,April-30-2022
0,0,0,471,22,7,10,0.5,0.5,0.4,11,0,263,357,73.7,22,273,11,13,9,357,73.7,4500,2002,129,147,87.8,98,115,85.2,25,65,38.5,0,0.4,0.4,5,12,5,0,22,357,313,40,14,3,2,14,12,3,263,4,6,22,10,10,11,1,4,21,19.0,17,10,2,8,7,29,30,1,471,90,230,156,94,12,471,13,9,69.2,4,30.8,273,1575,663,11,10,4,16,13,262,21,3,0,0,7,14,4,14,7,10,0,0,0,44,7,17,29.2,0,0,0,815,17,12,2,1.8,1.8,0.9,25,2,619,721,85.9,59,563,40,21,17,721,85.9,10291,2410,287,308,93.2,267,296,90.2,46,73,63.0,0,0.9,1.3,8,48,9,1,59,721,683,36,11,0,1,23,15,4,619,2,11,17,8,10,5,2,4,13,30.8,9,2,1,1,12,29,19,0,815,51,192,377,254,29,815,21,17,81.0,4,19.0,563,3454,2154,40,23,10,10,18,612,56,2,0,0,14,7,2,23,12,8,0,0,0,57,17,7,70.8,Everton,Manchester City,February-26-2022
0,0,0,869,12,9,3,2.8,2.8,1.3,35,4,659,790,83.4,77,578,30,13,8,790,83.4,10893,3377,320,358,89.4,266,312,85.3,51,84,60.7,1,1.3,1.7,13,63,19,3,77,790,743,45,5,6,4,23,23,11,659,2,2,12,9,4,4,4,4,10,40.0,6,3,0,3,9,21,4,1,869,34,125,460,289,49,869,13,8,61.5,5,38.5,578,2863,1616,30,20,14,6,19,657,77,1,0,0,9,4,2,23,9,9,0,0,0,77,16,9,64.0,0,0,0,398,24,22,8,0.3,0.3,0.0,7,2,167,276,60.5,11,173,8,10,6,276,60.5,3101,1643,82,105,78.1,57,82,69.5,23,72,31.9,0,0.0,0.1,1,12,4,1,11,276,239,36,9,0,1,6,9,0,167,1,3,24,20,16,7,1,5,13,38.5,8,8,6,2,22,46,28,1,398,115,234,131,37,5,398,10,6,60.0,4,40.0,173,878,344,8,5,2,19,8,165,11,3,0,0,4,9,1,6,22,20,0,0,0,67,9,16,36.0,Liverpool,Newcastle Utd,December-16-2021
0,0,0,611,20,13,9,1.0,1.0,0.8,24,2,367,497,73.8,42,379,19,13,4,497,73.8,6729,2511,169,201,84.1,152,189,80.4,42,86,48.8,1,0.8,1.1,13,29,7,1,42,497,447,47,8,2,4,26,21,9,367,3,9,20,12,6,13,1,7,11,63.6,4,9,1,8,13,33,10,0,611,44,152,314,152,26,611,13,4,30.8,9,69.2,379,1918,1056,19,8,4,17,9,361,42,1,0,0,13,7,3,26,13,12,0,0,0,72,21,21,50.0,0,0,0,553,18,9,10,1.5,1.5,1.4,19,4,308,416,74.0,24,183,8,11,4,416,74.0,5711,2306,128,154,83.1,146,167,87.4,34,79,43.0,1,1.4,0.8,8,20,4,2,24,416,364,51,16,4,2,5,19,2,308,1,7,18,9,7,10,1,9,13,69.2,4,10,3,7,9,27,43,0,553,95,262,222,71,12,553,11,4,36.4,7,63.6,183,1022,448,8,9,1,15,13,306,24,1,0,0,7,13,1,5,9,9,0,0,0,57,21,21,50.0,Brentford,Leicester City,October-24-2021
1,1,0,875,16,11,15,3.0,2.2,1.5,38,1,631,758,83.2,70,442,25,12,4,758,83.2,10268,3126,308,341,90.3,263,294,89.5,44,82,53.7,0,1.5,1.3,16,58,16,5,70,758,722,36,5,5,2,40,16,12,631,0,10,16,9,2,13,1,3,7,42.9,4,15,2,13,11,27,8,0,875,46,131,406,341,38,874,12,4,33.3,8,66.7,442,2365,1287,25,33,4,17,18,627,69,0,0,0,13,3,0,40,11,9,0,0,0,70,20,13,60.6,0,0,1,558,26,21,12,0.6,0.6,0.6,12,2,293,410,71.5,18,224,9,7,4,410,71.5,5071,2279,137,164,83.5,117,144,81.3,30,69,43.5,1,0.6,0.3,6,9,3,0,18,410,356,52,13,4,2,12,20,3,293,2,12,26,12,20,6,0,8,12,66.7,4,12,4,8,21,47,36,0,558,125,319,166,79,13,558,7,4,57.1,3,42.9,224,1091,525,9,7,3,21,13,292,18,2,1,0,4,12,2,12,21,12,0,1,0,59,13,20,39.4,Liverpool,Chelsea,August-28-2021
0,0,0,422,19,4,11,0.2,0.2,0.1,4,0,201,318,63.2,15,196,6,19,15,318,63.2,3565,1691,104,129,80.6,68,94,72.3,23,64,35.9,0,0.1,0.3,1,22,3,1,15,318,256,53,8,2,2,5,27,0,201,9,13,19,10,11,7,1,7,17,41.2,10,11,4,7,4,23,21,0,422,71,158,179,93,5,422,19,15,78.9,4,21.1,196,1061,424,6,7,1,17,11,199,14,1,0,0,11,9,9,5,4,10,0,0,0,40,20,17,54.1,0,0,0,683,15,6,14,2.3,2.3,1.9,40,2,464,567,81.8,39,375,16,17,10,567,81.8,8177,2960,220,250,88.0,197,227,86.8,42,72,58.3,1,1.9,0.8,15,36,14,3,39,567,524,42,18,1,5,16,15,6,464,1,6,15,6,9,5,1,4,19,21.1,15,14,1,13,6,21,15,0,683,59,216,323,150,32,683,17,10,58.8,7,41.2,375,2003,1060,16,15,7,16,12,463,39,3,0,0,11,11,1,16,6,6,0,0,0,54,17,20,45.9,Newcastle Utd,Liverpool,April-30-2022
0,0,0,605,9,13,9,1.2,1.2,0.8,21,0,377,495,76.2,34,365,16,14,8,495,76.2,6475,2567,185,214,86.4,137,165,83.0,39,82,47.6,0,0.8,1.4,8,21,11,2,34,495,433,62,18,0,6,22,28,8,377,0,9,9,5,3,6,0,6,15,40.0,9,9,4,5,13,22,23,0,605,76,217,276,119,22,605,14,8,57.1,6,42.9,365,1680,828,16,9,1,16,15,375,34,1,0,0,6,17,0,22,13,5,0,1,0,57,15,21,41.7,1,1,0,660,21,8,14,2.0,1.2,1.0,26,2,435,542,80.3,47,333,23,15,9,542,80.3,7244,2620,219,255,85.9,172,205,83.9,38,62,61.3,0,1.0,1.4,8,48,12,3,47,542,507,34,3,1,1,14,18,6,435,1,6,21,10,11,5,5,6,14,42.9,8,14,5,9,8,29,21,0,660,55,177,324,166,23,659,15,9,60.0,6,40.0,333,2214,1309,23,15,6,17,3,434,47,1,0,0,17,6,1,14,8,10,1,0,0,61,21,15,58.3,Norwich City,Manchester Utd,December-11-2021
1,1,1,387,8,10,11,1.2,0.4,0.4,17,1,204,296,68.9,16,195,7,15,8,296,68.9,3654,1702,88,103,85.4,71,93,76.3,28,67,41.8,0,0.4,0.2,8,11,2,0,16,296,243,53,13,1,2,7,23,2,204,0,8,8,6,5,3,0,3,8,37.5,5,11,5,6,10,18,15,1,387,60,171,146,75,9,386,15,8,53.3,7,46.7,195,1028,511,7,8,2,15,10,202,16,0,1,0,8,10,0,7,10,6,0,0,0,46,7,15,31.8,0,0,0,717,17,14,8,1.2,1.2,0.8,28,2,524,619,84.7,64,456,30,8,5,619,84.7,9400,2757,233,255,91.4,222,255,87.1,58,80,72.5,1,0.8,1.1,12,50,11,2,64,619,576,40,7,3,9,24,20,5,524,3,7,17,10,9,4,4,7,15,46.7,8,8,1,7,14,31,9,0,717,43,148,338,236,28,717,8,5,62.5,3,37.5,456,2687,1669,30,19,4,12,5,516,63,0,0,0,11,8,3,24,14,10,0,1,0,57,15,7,68.2,Newcastle Utd,Norwich City,November-30-2021
0,0,0,450,15,10,20,1.0,1.0,0.5,21,2,244,326,74.8,30,257,11,19,14,326,74.8,4254,1812,111,125,88.8,82,103,79.6,29,63,46.0,1,0.5,0.5,10,19,6,1,30,326,283,40,9,2,4,12,17,3,244,3,3,15,9,12,3,0,7,27,25.9,20,20,5,15,10,25,27,0,450,67,158,193,109,19,450,19,14,73.7,5,26.3,257,1523,639,11,12,2,15,11,242,30,2,0,0,11,8,3,12,10,9,0,0,0,53,14,19,42.4,0,0,0,690,16,3,7,1.8,1.8,1.2,35,0,493,602,81.9,58,439,34,27,20,602,81.9,7528,2608,283,316,89.6,175,204,85.8,24,44,54.5,0,1.2,1.2,13,40,9,2,58,602,552,49,13,3,1,30,17,11,493,1,18,16,11,4,12,0,5,19,26.3,14,7,5,2,3,19,11,0,690,37,126,369,201,35,690,27,20,74.1,7,25.9,439,2716,1609,34,21,15,13,8,488,58,1,0,0,8,11,1,30,3,11,0,0,0,53,19,14,57.6,Tottenham,Manchester City,August-15-2021
0,0,0,477,15,8,18,0.1,0.1,0.1,7,2,243,335,72.5,23,246,6,14,4,335,72.5,4617,1734,105,124,84.7,109,136,80.1,27,67,40.3,1,0.1,0.1,2,22,2,0,23,335,293,42,7,0,2,10,17,1,243,0,6,15,9,7,6,2,5,16,31.3,11,18,9,9,8,23,42,0,477,109,246,161,72,7,477,14,4,28.6,10,71.4,246,1009,414,6,5,2,17,8,243,23,2,0,0,6,5,0,10,8,9,0,0,0,46,15,13,53.6,0,0,0,906,18,9,6,1.3,1.3,1.2,40,4,690,800,86.3,74,554,33,16,11,800,86.3,11514,3505,323,351,92.0,308,345,89.3,42,63,66.7,1,1.2,1.0,19,66,16,4,74,800,756,42,5,0,4,35,25,9,690,2,13,18,10,6,5,7,10,14,71.4,4,6,2,4,9,27,14,0,906,50,188,425,300,36,906,16,11,68.8,5,31.3,554,2967,1565,33,19,9,13,10,687,74,0,0,0,6,6,2,35,9,10,0,0,0,62,13,15,46.4,Southampton,Liverpool,May-17-2022
1,1,0,907,13,9,4,2.1,1.3,0.8,40,3,721,823,87.6,114,555,39,20,12,823,87.6,12710,2842,317,345,91.9,346,372,93.0,48,76,63.2,0,0.8,2.2,12,100,23,6,114,823,773,49,9,0,6,42,23,10,721,1,12,13,10,3,9,1,8,10,80.0,2,4,0,4,9,22,2,0,907,20,75,411,424,57,906,20,12,60.0,8,40.0,555,3194,1941,39,28,12,16,5,717,113,0,0,0,5,6,1,42,9,10,0,0,0,54,13,9,59.1,0,0,0,465,13,7,18,1.4,1.4,1.4,12,6,265,336,78.9,16,207,11,10,2,336,78.9,4829,1946,123,142,86.6,104,118,88.1,34,62,54.8,3,1.4,1.2,6,11,4,3,16,336,300,33,6,3,5,4,10,0,265,3,4,13,7,12,1,0,8,20,40.0,12,18,6,12,7,20,37,1,465,118,291,137,40,7,465,10,2,20.0,8,80.0,207,1439,771,11,3,2,19,5,265,16,3,0,0,7,5,3,4,7,7,0,1,0,43,9,13,40.9,Manchester City,Tottenham,February-19-2022
0,0,0,705,8,3,9,1.0,1.0,0.9,21,2,527,625,84.3,33,473,26,25,16,625,84.3,9258,2418,230,252,91.3,222,247,89.9,56,80,70.0,1,0.9,0.5,9,33,8,2,33,625,581,41,9,1,7,17,20,9,527,3,9,8,5,0,5,3,3,10,30.0,7,9,1,8,3,11,10,0,705,39,166,354,191,30,705,25,16,64.0,9,36.0,473,2691,1432,26,17,9,16,13,520,33,0,0,0,11,6,3,17,3,5,0,0,0,54,16,6,72.7,0,0,0,604,22,11,11,0.3,0.3,0.2,7,0,410,495,82.8,27,370,13,10,7,495,82.8,6440,2078,212,232,91.4,167,179,93.3,23,60,38.3,0,0.2,0.4,3,22,2,1,27,495,454,37,14,3,2,11,12,1,410,4,10,22,13,13,6,3,9,25,36.0,16,11,2,9,11,33,23,1,604,88,287,241,83,7,604,10,7,70.0,3,30.0,370,1647,764,13,8,2,19,5,408,27,2,0,0,6,11,4,11,11,13,0,0,0,50,6,16,27.3,Manchester City,Chelsea,January-15-2022
0,0,0,463,18,9,12,1.0,1.0,0.8,26,2,231,344,67.2,25,178,13,15,8,344,67.2,4432,2061,103,129,79.8,86,114,75.4,37,73,50.7,1,0.8,0.5,7,18,4,1,25,344,286,55,15,1,3,25,25,8,231,3,16,18,6,7,10,1,7,17,41.2,10,12,6,6,9,27,29,0,463,68,173,178,118,16,463,15,8,53.3,7,46.7,178,1121,518,13,6,2,18,11,229,25,3,0,0,12,14,3,25,9,6,0,0,0,47,21,10,67.7,0,0,0,604,18,8,14,0.6,0.6,0.4,24,2,372,487,76.4,45,299,11,17,10,487,76.4,6318,2074,184,216,85.2,149,176,84.7,30,73,41.1,0,0.4,0.7,6,24,8,1,45,487,439,47,14,0,2,29,20,8,372,1,6,18,13,6,9,3,7,15,46.7,8,14,5,9,8,26,26,0,604,44,149,304,157,28,604,17,10,58.8,7,41.2,299,1741,924,11,11,4,16,11,369,45,1,0,0,14,11,1,29,8,13,0,0,1,55,10,21,32.3,Norwich City,Everton,January-15-2022
0,0,0,415,14,11,21,0.5,0.5,0.4,9,0,176,281,62.6,14,188,9,20,9,281,62.6,3174,1507,86,106,81.1,62,83,74.7,21,65,32.3,0,0.4,0.9,5,8,3,1,14,281,238,35,11,2,3,7,11,1,176,8,8,14,10,11,2,1,5,15,33.3,10,21,5,16,11,25,34,1,415,75,213,144,66,13,415,20,9,45.0,11,55.0,188,988,421,9,10,2,18,7,175,14,0,0,0,4,10,8,7,11,10,0,0,0,62,19,10,65.5,0,0,0,950,18,4,9,3.3,3.3,2.8,34,8,737,862,85.5,60,500,28,15,10,862,85.5,12906,4014,307,334,91.9,340,388,87.6,73,96,76.0,4,2.8,1.7,14,57,10,1,60,862,811,49,12,5,4,19,22,9,737,2,17,18,8,10,3,5,11,20,55.0,9,9,1,8,4,22,8,0,950,54,227,532,198,33,950,15,10,66.7,5,33.3,500,2290,1412,28,21,11,16,9,736,60,0,0,0,10,4,2,19,4,8,0,0,0,61,10,19,34.5,Watford,Liverpool,October-16-2021
0,0,0,743,23,12,6,2.3,2.3,2.2,32,6,577,640,90.2,64,555,26,18,9,640,90.2,9602,2867,267,281,95.0,232,259,89.6,53,68,77.9,3,2.2,2.5,16,44,21,9,64,640,606,33,9,1,4,22,14,4,577,1,0,23,15,6,10,7,12,18,66.7,6,6,2,4,12,35,8,0,743,35,163,364,221,33,743,18,9,50.0,9,50.0,555,3073,1392,26,32,5,17,9,567,64,1,0,0,16,9,1,22,12,15,0,0,0,64,15,9,62.5,0,0,1,528,18,12,5,0.2,0.2,0.2,5,0,354,435,81.4,16,364,8,18,6,435,81.4,5966,1893,181,204,88.7,137,149,91.9,29,65,44.6,0,0.2,0.3,4,17,3,2,16,435,385,50,17,0,2,12,13,2,354,0,4,18,10,9,7,2,9,18,50.0,9,5,5,0,12,30,6,0,528,71,203,235,93,8,528,18,6,33.3,12,66.7,364,1372,618,8,8,1,14,11,353,15,3,1,1,9,15,0,12,12,10,0,0,0,48,9,15,37.5,Tottenham,Crystal Palace,December-26-2021
0,0,0,336,17,16,8,0.4,0.4,0.3,8,0,144,240,60.0,7,156,2,6,2,240,60.0,2670,1092,61,76,80.3,55,78,70.5,19,67,28.4,0,0.3,0.2,3,7,1,0,7,240,201,39,13,0,2,10,10,3,144,0,6,17,6,9,5,3,5,12,41.7,7,8,4,4,16,33,19,0,336,71,188,102,49,10,336,6,2,33.3,4,66.7,156,642,278,2,1,1,8,7,144,7,0,0,0,12,10,0,10,16,6,0,0,0,43,15,18,45.5,0,0,0,843,11,8,7,1.1,1.1,0.9,22,2,664,769,86.3,62,640,30,12,7,769,86.3,10282,2691,380,411,92.5,233,266,87.6,39,65,60.0,1,0.9,1.0,8,58,11,2,62,769,718,48,11,0,2,21,26,5,664,3,6,11,4,2,5,4,4,6,66.7,2,7,2,5,8,19,11,0,843,32,128,407,310,22,843,12,7,58.3,5,41.7,640,2829,1615,30,42,5,7,12,660,62,0,0,0,10,12,3,21,8,4,0,0,0,45,18,15,54.5,Brentford,Manchester City,December-29-2021
0,0,0,424,9,16,13,0.7,0.7,0.5,12,2,189,311,60.8,24,206,7,16,8,311,60.8,3729,1822,89,114,78.1,65,101,64.4,30,73,41.1,1,0.5,0.3,6,18,3,1,24,311,252,56,16,1,5,12,23,3,189,3,9,9,6,4,4,1,7,15,46.7,8,13,4,9,16,25,16,2,424,62,159,184,85,12,424,16,8,50.0,8,50.0,206,1021,437,7,8,4,24,7,186,24,4,0,0,8,15,3,12,16,6,0,0,0,64,15,22,40.5,0,0,0,747,15,9,13,2.4,2.4,2.1,28,6,510,640,79.7,62,439,15,15,8,640,79.7,9012,3603,225,260,86.5,217,257,84.4,54,86,62.8,3,2.1,1.5,12,42,10,1,62,640,596,43,10,2,4,21,14,11,510,1,9,15,11,5,7,3,8,16,50.0,8,13,4,9,9,24,13,0,747,70,244,338,168,28,747,15,8,53.3,7,46.7,439,1593,736,15,7,6,17,2,508,62,3,0,0,16,4,1,21,9,11,0,0,0,73,22,15,59.5,Everton,Liverpool,December-1-2021
0,0,0,573,10,15,10,1.0,1.0,0.9,27,2,306,469,65.2,41,264,21,14,8,469,65.2,5258,2168,155,197,78.7,99,144,68.8,38,95,40.0,1,0.9,0.8,10,29,8,4,41,469,401,65,19,4,4,30,35,6,306,3,8,10,6,5,3,2,2,11,18.2,9,10,1,9,15,25,9,0,573,36,114,221,241,19,573,14,8,57.1,6,42.9,264,1190,603,21,10,5,20,6,302,41,4,0,0,18,16,3,30,15,6,0,0,0,76,29,34,46.0,0,0,0,598,12,15,9,0.9,0.9,0.6,11,4,323,457,70.7,26,225,14,11,9,457,70.7,5619,2509,156,202,77.2,122,155,78.7,34,65,52.3,2,0.6,0.7,5,30,5,2,26,457,408,44,20,1,2,8,18,0,323,5,9,12,6,11,1,0,6,14,42.9,8,9,4,5,15,27,42,0,598,79,271,241,90,17,598,11,9,81.8,2,18.2,225,1217,578,14,6,3,22,8,319,26,3,0,0,16,18,5,8,15,6,0,0,0,73,34,29,54.0,Watford,Chelsea,December-1-2021
0,0,0,757,15,6,8,2.4,2.4,2.2,40,4,533,634,84.1,55,419,28,20,5,634,84.1,9850,3426,193,220,87.7,257,283,90.8,58,94,61.7,1,2.2,1.9,18,45,20,9,55,634,566,68,16,0,2,38,31,9,533,0,7,15,12,6,2,7,4,11,36.4,7,8,1,7,6,21,16,0,757,85,256,308,202,36,757,20,5,25.0,15,75.0,419,2238,1268,28,18,2,24,16,531,54,0,0,0,6,15,0,38,6,12,0,1,0,48,19,13,59.4,1,1,0,515,31,11,10,2.2,1.4,1.1,17,5,278,384,72.4,31,285,17,11,7,384,72.4,4971,2014,127,145,87.6,107,135,79.3,35,78,44.9,2,1.1,1.3,5,27,5,5,31,384,340,42,5,0,4,15,23,1,278,2,7,31,18,15,13,3,15,20,75.0,5,10,5,5,11,42,39,0,515,81,182,204,133,19,514,11,7,63.6,4,36.4,285,1623,746,17,13,3,14,11,275,30,2,0,0,16,4,2,15,11,18,0,0,0,49,13,19,40.6,Crystal Palace,West Ham,January-1-2022
0,0,0,687,13,7,8,1.0,1.0,0.9,20,2,435,586,74.2,38,311,20,12,10,586,74.2,7346,2222,206,248,83.1,173,221,78.3,42,88,47.7,1,0.9,0.6,8,18,11,1,38,586,534,52,16,0,2,18,27,5,435,0,7,13,11,7,6,0,4,10,40.0,6,8,2,6,7,20,18,0,687,67,263,290,141,17,687,12,10,83.3,2,16.7,311,1849,883,20,16,4,15,10,433,38,0,0,0,5,16,0,18,7,11,0,0,1,56,12,25,32.4,0,0,0,517,12,20,12,0.2,0.2,0.2,6,0,270,414,65.2,19,195,8,10,6,414,65.2,4654,2200,117,149,78.5,77,113,68.1,40,93,43.0,0,0.2,0.2,2,28,1,1,19,414,370,42,5,1,2,17,26,4,270,2,6,12,5,0,8,4,2,12,16.7,10,12,5,7,20,32,22,0,517,52,135,273,118,8,517,10,6,60.0,4,40.0,195,992,380,8,4,1,14,9,267,19,2,0,0,16,5,2,17,20,5,0,0,0,58,25,12,67.6,Crystal Palace,Burnley,February-26-2022
0,0,0,584,25,9,11,1.5,1.5,1.5,30,4,318,438,72.6,38,300,15,14,7,438,72.6,5978,2344,124,147,84.4,144,179,80.4,39,78,50.0,2,1.5,1.6,13,33,10,2,38,438,386,51,13,0,2,23,21,3,318,1,17,25,14,16,8,1,12,24,50.0,12,11,4,7,9,34,32,0,584,67,226,216,145,37,584,14,7,50.0,7,50.0,300,1550,678,15,8,5,20,4,317,38,4,0,0,9,12,1,23,9,14,0,0,0,53,23,26,46.9,0,0,0,581,11,3,21,3.8,3.8,3.6,33,10,323,449,71.9,36,277,9,24,12,449,71.9,6382,2792,127,161,78.9,149,186,80.1,45,83,54.2,5,3.6,0.8,14,28,10,4,36,449,386,63,10,0,0,24,34,5,323,0,11,11,6,5,4,2,7,14,50.0,7,21,5,16,3,14,28,0,581,65,188,221,174,24,581,24,12,50.0,12,50.0,277,1168,510,9,9,2,15,13,322,36,3,0,0,13,8,0,24,3,6,0,0,0,47,26,23,53.1,Everton,Watford,October-23-2021
0,0,0,390,13,11,9,0.3,0.3,0.3,6,0,234,302,77.5,18,223,7,18,9,302,77.5,4779,2073,80,95,84.2,116,134,86.6,31,54,57.4,0,0.3,0.4,4,20,4,1,18,302,260,38,8,1,2,12,14,3,234,4,4,13,7,9,3,1,7,18,38.9,11,9,2,7,11,24,16,1,390,59,173,141,82,9,390,18,9,50.0,9,50.0,223,1242,450,7,7,3,13,12,232,18,1,0,0,9,6,4,12,11,7,0,0,0,33,12,8,60.0,0,0,0,831,21,5,3,3.0,3.0,2.9,35,8,670,742,90.3,49,531,22,18,11,742,90.3,10709,2972,349,362,96.4,250,272,91.9,52,76,68.4,4,2.9,2.6,17,48,7,1,49,742,698,42,13,3,2,12,15,6,670,2,7,21,10,10,9,2,9,18,50.0,9,3,0,3,5,26,9,0,831,58,196,475,164,33,831,18,11,61.1,7,38.9,531,2521,1414,22,12,9,12,6,667,49,2,0,0,6,8,2,12,5,10,0,0,0,42,8,12,40.0,Newcastle Utd,Manchester City,December-19-2021
0,0,0,828,11,6,9,1.9,1.9,1.5,26,2,604,713,84.7,52,507,28,23,13,713,84.7,10436,3057,249,277,89.9,306,343,89.2,40,74,54.1,1,1.5,1.4,10,45,13,4,52,713,673,38,12,4,1,23,18,3,604,2,4,11,6,7,2,2,7,12,58.3,5,9,2,7,6,17,24,0,828,60,216,400,223,31,828,23,13,56.5,10,43.5,507,2669,1481,28,22,8,23,8,603,52,3,0,0,13,9,2,23,6,6,0,0,0,46,16,18,47.1,0,0,0,391,18,7,9,0.4,0.4,0.2,11,2,152,249,61.0,18,133,9,12,5,249,61.0,3184,1824,64,88,72.7,56,76,73.7,30,65,46.2,1,0.2,0.6,5,17,4,1,18,249,195,51,15,1,3,16,15,7,152,3,7,18,11,11,7,0,10,23,43.5,13,9,6,3,7,25,35,0,391,67,162,133,100,20,391,12,5,41.7,7,58.3,133,608,223,9,3,1,33,4,149,18,4,0,0,9,13,3,16,7,11,0,0,0,33,18,16,52.9,Crystal Palace,Newcastle Utd,October-23-2021
0,0,0,616,13,12,15,1.9,1.9,1.0,32,0,368,494,74.5,42,344,19,39,24,494,74.5,7359,2960,145,179,81.0,177,220,80.5,45,83,54.2,0,1.0,1.0,13,27,12,6,42,494,432,61,14,3,9,20,31,6,368,1,9,13,7,3,6,4,7,15,46.7,8,15,3,12,12,25,9,0,616,58,210,260,153,35,616,39,24,61.5,15,38.5,344,1737,899,19,10,5,19,14,366,41,2,0,0,12,13,1,20,12,7,0,0,0,65,26,19,57.8,0,0,0,570,29,12,12,0.5,0.5,0.4,17,0,308,444,69.4,39,286,14,15,8,444,69.4,5146,2191,140,173,80.9,122,157,77.7,30,79,38.0,0,0.4,0.3,8,23,4,0,39,444,393,50,13,1,1,10,25,3,308,1,13,29,17,15,11,3,15,39,38.5,24,12,4,8,12,41,25,0,570,76,247,228,102,10,570,15,8,53.3,7,46.7,286,1461,908,14,9,2,20,6,304,39,2,0,0,13,12,1,10,12,17,0,0,0,65,19,26,42.2,Crystal Palace,Leeds United,April-25-2022
0,0,0,598,18,13,12,1.4,1.4,1.3,16,2,376,481,78.2,38,364,16,18,9,481,78.2,6051,2355,195,225,86.7,130,157,82.8,31,64,48.4,1,1.3,1.4,7,25,8,4,38,481,428,50,13,0,4,19,24,2,376,3,4,18,9,10,7,1,5,14,35.7,9,12,4,8,13,31,27,4,598,69,227,259,119,17,598,18,9,50.0,9,50.0,364,1832,827,16,11,4,16,5,374,38,2,0,0,7,13,3,19,13,9,0,0,0,47,30,17,63.8,0,0,0,627,14,10,7,2.2,2.2,2.0,36,5,410,518,79.2,35,377,19,14,9,518,79.2,7026,2239,206,232,88.8,164,196,83.7,39,76,51.3,3,2.0,1.5,15,41,6,3,35,518,473,44,10,1,2,20,19,8,410,1,7,14,6,5,6,3,9,18,50.0,9,7,3,4,10,24,20,0,627,49,140,278,220,31,627,14,9,64.3,5,35.7,377,1859,928,19,18,6,12,13,408,35,3,0,0,13,7,1,20,10,6,0,0,1,52,17,30,36.2,Tottenham,Southampton,February-9-2022
0,0,0,849,23,10,13,0.7,0.7,0.4,20,3,632,750,84.3,43,578,23,14,8,750,84.3,10151,2822,310,336,92.3,263,288,91.3,38,74,51.4,1,0.4,1.0,8,49,10,1,43,750,699,50,10,3,4,20,21,6,632,1,17,23,13,11,8,4,11,18,61.1,7,13,3,10,10,33,7,1,849,63,219,407,234,28,849,14,8,57.1,6,42.9,578,2810,1295,23,21,5,14,14,629,43,3,0,0,7,4,1,20,10,13,0,1,0,56,14,14,50.0,1,1,0,500,20,15,19,2.0,1.2,0.6,21,4,270,362,74.6,26,227,22,18,7,362,74.6,4125,1627,146,164,89.0,92,111,82.9,18,47,38.3,1,0.6,0.4,9,22,6,1,26,362,325,33,5,1,3,8,16,1,270,4,12,20,9,9,8,3,6,14,42.9,8,19,4,15,15,35,26,1,500,68,183,190,132,24,499,18,7,38.9,11,61.1,227,1369,690,22,11,10,11,12,267,26,1,0,0,6,7,4,8,15,9,1,0,0,59,14,14,50.0,Chelsea,Arsenal,April-20-2022
0,0,0,393,15,12,13,0.5,0.5,0.3,14,2,187,282,66.3,21,182,14,19,9,282,66.3,3611,1966,90,114,78.9,60,88,68.2,30,59,50.8,0,0.3,0.3,7,15,4,2,21,282,233,46,15,0,1,11,17,3,187,3,6,15,8,8,4,3,10,19,52.6,9,13,4,9,12,27,14,0,393,50,145,156,99,13,393,19,9,47.4,10,52.6,182,1143,538,14,9,5,18,4,187,21,3,0,0,22,15,3,11,12,8,0,0,0,49,22,12,64.7,0,0,0,551,14,10,10,0.6,0.6,0.5,20,0,352,468,75.2,46,336,17,19,9,468,75.2,5917,2253,158,186,84.9,151,178,84.8,30,74,40.5,0,0.5,0.5,9,38,7,2,46,468,409,57,24,2,3,17,20,6,352,2,10,14,7,6,6,2,10,19,52.6,9,10,4,6,10,24,9,0,551,48,178,255,125,14,551,19,9,47.4,10,52.6,336,1833,845,17,6,3,11,5,349,46,4,0,0,15,21,2,17,10,7,0,0,0,54,12,22,35.3,Newcastle Utd,Aston Villa,February-13-2022
0,0,0,514,18,3,21,0.7,0.7,0.6,9,0,322,402,80.1,20,279,14,12,6,402,80.1,6016,2414,131,144,91.0,147,169,87.0,39,72,54.2,0,0.6,0.6,5,13,4,2,20,402,356,44,15,3,3,14,12,5,322,2,8,18,10,9,9,0,9,14,64.3,5,21,10,11,3,21,23,1,514,124,280,172,64,16,514,12,6,50.0,6,50.0,279,1374,741,14,8,3,20,8,322,20,1,0,0,4,10,2,14,3,10,0,0,0,39,12,8,60.0,0,0,0,712,14,5,7,3.0,3.0,2.1,42,1,535,618,86.6,76,464,23,14,5,618,86.6,9246,2784,223,245,91.0,247,262,94.3,44,66,66.7,0,2.1,1.9,17,55,18,4,76,618,573,41,6,10,4,31,20,8,535,4,13,14,7,6,4,4,6,12,50.0,6,7,2,5,5,19,9,0,712,38,144,346,228,44,712,14,5,35.7,9,64.3,464,2854,1689,23,14,8,16,9,532,76,2,0,0,11,4,4,31,5,7,0,0,0,53,8,12,40.0,Leicester City,Manchester City,September-11-2021
0,0,0,665,15,4,16,1.8,1.8,1.5,30,3,446,543,82.1,39,324,15,19,10,543,82.1,8080,3090,180,211,85.3,205,229,89.5,46,73,63.0,2,1.5,1.8,11,35,11,3,39,543,483,59,13,2,1,18,31,8,446,1,8,15,12,11,3,1,7,19,36.8,12,16,5,11,4,19,21,1,665,64,270,247,151,25,665,19,10,52.6,9,47.4,324,1670,936,15,4,5,22,16,440,39,0,0,0,15,13,1,18,4,12,0,0,0,47,27,14,65.9,0,0,0,471,25,5,13,1.0,1.0,0.6,20,1,238,350,68.0,27,186,15,19,12,350,68.0,4157,1612,123,149,82.6,86,112,76.8,24,66,36.4,0,0.6,0.4,6,25,3,1,27,350,295,55,15,0,0,15,26,2,238,0,13,25,16,12,8,5,9,19,47.4,10,13,6,7,5,30,26,2,471,52,160,184,135,10,471,19,12,63.2,7,36.8,186,1254,667,15,10,1,15,8,236,27,2,0,0,14,15,0,15,5,16,0,0,0,51,14,27,34.1,Crystal Palace,Everton,December-12-2021
0,0,0,372,15,11,8,0.8,0.8,0.6,20,1,173,266,65.0,21,177,8,13,4,266,65.0,3624,1862,59,90,65.6,76,95,80.0,32,71,45.1,0,0.6,0.4,10,20,6,2,21,266,228,38,8,0,0,14,11,5,173,0,4,15,6,10,3,2,12,20,60.0,8,8,5,3,11,26,19,0,372,83,162,136,77,13,372,13,4,30.8,9,69.2,177,927,453,8,4,1,15,6,171,21,3,0,0,11,7,0,14,11,6,0,0,0,47,11,12,47.8,0,0,0,978,15,13,6,3.2,3.2,2.9,48,5,784,869,90.2,73,719,33,20,8,869,90.2,14154,4376,340,369,92.1,379,399,95.0,64,94,68.1,2,2.9,2.0,22,81,15,0,73,869,827,41,11,0,5,21,11,11,784,1,3,15,8,8,2,5,9,13,69.2,4,6,1,5,13,28,7,0,978,57,197,512,273,68,978,20,8,40.0,12,60.0,719,3297,1862,33,23,18,21,3,779,73,0,0,0,7,11,1,21,13,8,0,0,0,58,12,11,52.2,Watford,Manchester City,December-4-2021
0,0,0,422,14,15,11,2.2,2.2,1.3,19,4,201,307,65.5,27,184,10,11,8,307,65.5,3746,2037,87,109,79.8,75,108,69.4,25,63,39.7,1,1.3,1.8,6,27,8,5,27,307,261,42,11,5,2,13,15,2,201,4,7,14,6,9,5,0,10,15,66.7,5,11,5,6,15,29,31,0,422,75,158,168,100,21,422,11,8,72.7,3,27.3,184,949,400,10,5,4,9,8,198,25,1,0,0,8,7,4,13,15,6,0,0,0,38,24,22,52.2,0,0,0,702,11,9,9,3.0,3.0,2.0,27,6,493,611,80.7,45,415,23,15,5,611,80.7,8683,2814,212,235,90.2,204,234,87.2,51,96,53.1,3,2.0,1.8,12,44,18,6,45,611,560,47,11,8,5,26,14,11,493,4,6,11,7,5,4,2,3,11,27.3,8,9,3,6,9,20,17,0,702,45,141,358,211,33,702,15,5,33.3,10,66.7,415,1816,952,23,17,5,14,4,490,45,1,0,0,7,8,4,26,9,7,0,0,0,47,22,24,47.8,Brentford,Liverpool,September-25-2021
0,0,0,778,16,5,10,1.5,1.5,1.1,28,1,581,692,84.0,57,480,20,8,6,692,84.0,9529,2865,275,310,88.7,257,283,90.8,37,65,56.9,0,1.1,1.1,14,50,10,3,57,692,643,47,6,3,1,24,29,6,581,2,14,16,9,8,3,5,7,18,38.9,11,10,3,7,5,21,7,0,778,37,168,392,222,19,778,8,6,75.0,2,25.0,480,2872,1667,20,26,0,14,11,574,57,3,0,0,11,6,2,24,5,9,0,0,0,46,19,12,61.3,0,0,0,470,13,8,14,1.1,1.1,0.7,17,3,256,355,72.1,18,227,13,18,11,355,72.1,4466,1624,132,150,88.0,76,102,74.5,32,73,43.8,1,0.7,0.9,7,19,4,0,18,355,318,37,13,1,3,5,15,1,256,0,7,13,9,8,3,2,2,8,25.0,6,14,1,13,8,21,24,1,470,64,173,186,120,17,470,18,11,61.1,7,38.9,227,1341,721,13,11,7,14,9,250,17,0,0,0,6,11,0,5,8,9,0,0,0,49,12,19,38.7,Leicester City,Everton,May-8-2022
0,0,0,609,8,12,12,2.0,2.0,1.9,20,2,380,507,75.0,29,379,20,15,8,507,75.0,6040,1996,186,223,83.4,147,174,84.5,26,62,41.9,1,1.9,1.7,9,18,6,2,29,507,459,48,11,2,0,17,21,10,380,0,11,8,6,4,4,0,2,6,33.3,4,12,1,11,12,20,25,1,609,61,221,255,137,22,609,15,8,53.3,7,46.7,379,1849,911,20,12,5,14,3,375,29,0,0,0,13,11,0,17,12,6,0,0,0,63,23,19,54.8,0,0,0,669,10,15,12,0.3,0.3,0.3,10,0,436,569,76.6,27,396,12,6,4,569,76.6,8351,2532,152,187,81.3,223,271,82.3,57,92,62.0,0,0.3,0.7,4,31,5,1,27,569,522,47,13,1,5,21,22,5,436,0,13,10,5,5,2,3,7,15,46.7,8,12,2,10,15,25,21,0,669,72,252,308,114,20,669,6,4,66.7,2,33.3,396,1552,687,12,8,1,12,6,433,27,0,0,0,11,13,0,21,15,5,0,0,1,63,19,23,45.2,Tottenham,Brentford,December-2-2021
0,0,0,580,18,13,6,2.2,2.2,1.2,23,3,340,442,76.9,43,290,19,28,12,442,76.9,5457,2412,167,198,84.3,144,169,85.2,18,48,37.5,1,1.2,0.7,7,22,9,1,43,442,391,47,12,3,2,17,22,4,340,4,7,18,12,7,7,4,11,24,45.8,13,6,4,2,13,31,27,0,580,68,196,281,113,22,580,28,12,42.9,16,57.1,290,2013,945,19,22,2,26,4,332,42,1,0,0,11,12,4,17,13,12,0,0,0,52,21,12,63.6,0,0,0,699,20,14,12,1.5,1.5,1.3,26,2,463,575,80.5,35,435,31,24,13,575,80.5,8151,2368,197,226,87.2,205,237,86.5,47,85,55.3,1,1.3,1.1,12,24,3,0,35,575,520,54,14,0,2,21,26,8,463,1,7,20,13,10,8,2,16,28,57.1,12,12,6,6,14,34,19,0,699,80,239,303,167,24,699,24,13,54.2,11,45.8,435,2489,1219,31,15,11,18,7,461,35,4,0,0,12,11,1,21,14,13,0,0,0,58,12,21,36.4,Tottenham,Leeds United,November-21-2021
0,0,0,621,23,12,12,0.5,0.5,0.2,11,0,403,499,80.8,33,346,17,13,8,499,80.8,7990,2188,150,169,88.8,178,203,87.7,63,97,64.9,0,0.2,0.5,5,29,7,2,33,499,453,46,9,1,15,18,24,7,403,0,11,23,14,11,12,0,13,23,56.5,10,12,8,4,12,35,28,0,621,77,239,269,116,14,621,13,8,61.5,5,38.5,346,1926,961,17,6,1,8,12,400,33,3,0,0,12,9,0,18,12,14,0,0,0,44,14,12,53.8,0,0,0,605,17,7,13,2.0,2.0,1.9,31,4,391,491,79.6,46,334,26,23,10,491,79.6,6398,2338,194,221,87.8,145,178,81.5,36,65,55.4,2,1.9,1.5,14,38,12,2,46,491,443,48,12,2,3,19,19,10,391,0,5,17,8,6,7,4,5,13,38.5,8,13,3,10,7,24,18,1,605,55,163,236,215,34,605,23,10,43.5,13,56.5,334,1937,1058,26,17,4,12,10,389,46,1,0,0,9,12,0,19,7,8,0,0,0,44,12,14,46.2,Norwich City,Aston Villa,December-14-2021
0,0,0,546,20,8,13,0.6,0.6,0.3,14,3,320,437,73.2,34,272,8,9,4,437,73.2,6166,2343,102,129,79.1,191,230,83.0,26,68,38.2,1,0.3,0.4,7,22,3,1,34,437,390,47,15,0,0,13,19,3,320,0,8,20,15,8,9,3,10,19,52.6,9,13,5,8,8,28,19,0,546,75,252,218,86,11,546,9,4,44.4,5,55.6,272,1309,670,8,5,1,11,6,317,34,2,0,0,17,11,0,13,8,15,0,0,0,47,10,15,40.0,0,0,0,636,11,6,8,0.8,0.8,0.7,31,2,427,529,80.7,40,396,16,19,9,529,80.7,7152,2598,204,224,91.1,170,201,84.6,37,67,55.2,1,0.7,1.1,14,35,7,0,40,529,465,60,17,5,1,10,23,7,427,4,8,11,6,3,5,3,5,9,55.6,4,8,0,8,6,17,12,0,636,46,163,328,151,23,636,19,9,47.4,10,52.6,396,2005,893,16,13,4,21,10,426,40,2,0,0,11,17,4,10,6,6,0,0,0,50,15,10,60.0,Brentford,Aston Villa,January-2-2022
0,0,0,518,20,13,12,0.4,0.4,0.3,7,0,310,420,73.8,14,316,9,16,8,420,73.8,4866,1879,168,202,83.2,105,128,82.0,24,57,42.1,0,0.3,0.3,3,17,3,2,14,420,361,56,12,0,0,6,30,3,310,3,13,20,9,7,10,3,7,20,35.0,13,12,2,10,13,33,11,0,518,64,221,216,89,4,518,16,8,50.0,8,50.0,316,1440,648,9,4,1,16,7,308,14,3,0,0,15,8,3,6,13,9,0,0,0,50,8,13,38.1,0,0,0,758,15,4,13,2.0,2.0,1.7,29,6,546,651,83.9,41,402,22,20,13,651,83.9,8831,3337,263,290,90.7,206,231,89.2,47,68,69.1,3,1.7,1.0,12,34,8,2,41,651,597,50,16,3,2,12,24,5,546,4,11,15,13,4,9,2,8,16,50.0,8,13,0,13,4,19,10,0,758,46,201,407,158,20,758,20,13,65.0,7,35.0,402,1953,1010,22,16,5,22,13,541,41,1,0,0,8,15,4,12,4,13,0,0,0,66,13,8,61.9,Leicester City,Chelsea,November-20-2021
0,0,0,558,8,9,10,1.8,1.8,1.5,27,3,364,449,81.1,30,345,23,23,14,449,81.1,6456,2068,164,178,92.1,144,170,84.7,40,73,54.8,2,1.5,1.4,12,25,8,4,30,449,405,43,5,1,0,27,16,7,364,1,4,8,5,5,3,0,4,15,26.7,11,10,6,4,9,17,25,0,558,66,177,258,130,23,558,23,14,60.9,9,39.1,345,1942,1097,23,15,5,15,14,357,29,1,0,0,4,3,1,27,9,5,0,1,0,45,12,20,37.5,0,1,0,627,23,7,10,3.3,2.0,1.8,31,7,431,522,82.6,42,365,29,15,11,522,82.6,7072,2261,213,231,92.2,182,211,86.3,25,52,48.1,3,1.8,1.2,12,28,11,0,42,522,475,45,3,0,1,23,21,6,431,2,7,23,14,12,9,2,9,23,39.1,14,10,6,4,7,30,21,0,627,70,143,302,188,31,626,15,11,73.3,4,26.7,365,2122,1207,29,17,7,16,4,429,42,0,0,0,3,4,2,23,7,14,1,0,0,48,20,12,62.5,Newcastle Utd,West Ham,August-15-2021
0,0,0,453,15,9,5,1.2,1.2,1.0,24,5,252,349,72.2,26,265,22,18,13,349,72.2,4923,1992,98,121,81.0,116,143,81.1,34,77,44.2,2,1.0,0.3,11,19,1,0,26,349,304,45,15,0,5,8,17,2,252,0,4,15,6,9,5,1,2,16,12.5,14,5,3,2,9,24,25,0,453,77,243,139,78,18,453,18,13,72.2,5,27.8,265,1374,769,22,7,11,16,8,251,26,3,0,0,18,13,0,8,9,6,0,1,0,59,24,17,58.5,1,1,0,653,13,11,6,1.2,0.4,0.3,21,4,464,567,81.8,42,462,24,16,14,567,81.8,8200,2721,208,235,88.5,202,234,86.3,44,78,56.4,1,0.3,0.3,6,34,7,1,42,567,513,52,16,2,8,26,21,4,464,2,2,13,11,4,6,3,5,18,27.8,13,6,2,4,11,24,6,0,653,50,199,311,154,21,652,16,14,87.5,2,12.5,462,2309,1218,24,18,6,24,13,463,42,1,0,0,13,18,2,26,11,11,1,0,0,46,17,24,41.5,Watford,Aston Villa,August-14-2021
0,0,0,867,15,5,7,2.1,2.1,1.4,35,3,680,770,88.3,71,648,20,15,6,770,88.3,10910,3313,348,380,91.6,263,287,91.6,52,71,73.2,1,1.4,0.9,15,58,14,1,71,770,732,34,10,1,4,19,12,8,680,4,5,15,8,6,6,3,6,17,35.3,11,7,1,6,5,20,12,0,867,60,208,437,228,28,867,15,6,40.0,9,60.0,648,3140,1672,20,12,5,14,7,671,68,2,0,0,7,6,4,19,5,8,0,0,0,58,11,13,45.8,0,0,0,461,16,11,10,0.2,0.2,0.1,10,2,269,361,74.5,28,276,14,17,11,361,74.5,4850,1893,118,138,85.5,118,138,85.5,26,62,41.9,0,0.1,0.5,3,26,7,1,28,361,321,36,10,0,0,17,10,4,269,4,8,16,13,8,7,1,9,15,60.0,6,10,5,5,11,27,18,0,461,73,173,178,114,12,461,17,11,64.7,6,35.3,276,1465,562,14,9,3,18,9,268,28,0,0,0,6,7,4,17,11,13,0,0,0,57,13,11,54.2,Manchester City,West Ham,November-28-2021
0,0,0,525,11,10,13,2.6,2.6,1.5,27,6,315,418,75.4,41,221,21,10,4,418,75.4,5512,2001,140,162,86.4,129,158,81.6,35,72,48.6,2,1.5,1.4,11,21,14,2,41,418,372,43,12,2,1,20,17,7,315,3,5,11,9,2,3,6,1,10,10.0,9,13,3,10,10,21,20,0,525,56,153,194,182,40,525,10,4,40.0,6,60.0,221,1202,725,21,12,4,11,7,315,41,0,0,0,13,9,3,20,10,9,0,0,0,56,9,13,40.9,0,0,0,665,13,11,9,0.9,0.9,0.6,28,0,463,566,81.8,38,370,12,10,9,566,81.8,8100,2813,217,239,90.8,194,229,84.7,46,72,63.9,0,0.6,0.7,10,36,4,1,38,566,518,45,14,0,5,22,13,6,463,3,12,13,11,4,7,2,6,10,60.0,4,9,5,4,11,24,31,2,665,74,258,288,124,19,665,10,9,90.0,1,10.0,370,1480,732,12,7,3,11,10,459,38,2,0,0,9,12,3,22,11,11,0,0,0,58,13,9,59.1,Brighton,Manchester Utd,May-7-2022
1,1,0,430,13,4,5,1.3,0.6,0.5,19,3,255,337,75.7,38,237,7,6,2,337,75.7,4966,2017,113,125,90.4,97,122,79.5,37,67,55.2,1,0.5,0.7,8,24,5,2,38,337,286,48,19,1,4,16,15,3,255,3,5,13,10,5,7,1,8,12,66.7,4,5,1,4,4,17,23,0,430,46,130,188,114,19,429,6,2,33.3,4,66.7,237,877,383,7,11,2,18,10,253,37,3,0,0,8,17,3,16,4,10,0,0,0,39,17,18,48.6,0,0,0,461,14,2,4,0.7,0.7,0.7,17,0,287,382,75.1,18,261,17,12,4,382,75.1,5457,1772,115,131,87.8,142,169,84.0,29,72,40.3,0,0.7,1.0,9,18,6,2,18,382,327,53,11,3,2,20,24,4,287,2,4,14,7,8,6,0,4,6,66.7,2,4,0,4,2,16,21,0,461,59,196,184,91,17,461,12,4,33.3,8,66.7,261,1451,780,17,8,4,8,5,284,17,4,0,0,18,8,2,20,2,7,0,1,0,34,18,17,51.4,Aston Villa,Newcastle Utd,August-21-2021
0,0,0,704,13,7,4,3.0,3.0,2.8,32,4,561,635,88.3,31,560,31,8,7,635,88.3,8528,2471,310,324,95.7,185,210,88.1,40,64,62.5,2,2.8,1.5,14,37,5,1,31,635,603,31,7,2,1,16,11,5,561,1,5,13,9,9,2,2,7,15,46.7,8,4,0,4,7,20,9,0,704,41,176,363,171,21,704,8,7,87.5,1,12.5,560,2911,1425,31,17,10,12,5,557,31,0,0,0,7,7,1,16,7,9,0,0,0,48,9,7,56.3,0,0,0,655,6,6,9,0.6,0.6,0.5,10,1,500,573,87.3,29,450,8,15,8,573,87.3,8414,2372,242,260,93.1,203,220,92.3,44,73,60.3,1,0.5,0.6,4,36,4,2,29,573,537,36,8,1,6,12,13,3,500,0,5,6,3,1,5,0,1,8,12.5,7,9,5,4,6,12,20,0,655,66,175,361,120,11,655,15,8,53.3,7,46.7,450,2064,893,8,10,0,13,6,499,29,1,0,0,7,7,0,12,6,3,0,0,1,45,7,9,43.8,Tottenham,West Ham,March-20-2022
0,0,0,739,19,17,12,1.2,1.2,1.0,27,3,493,619,79.6,51,490,14,17,13,619,79.6,7993,2764,232,268,86.6,181,212,85.4,44,85,51.8,1,1.0,0.8,9,28,12,2,51,619,577,39,13,2,2,24,14,6,493,3,7,19,11,5,13,1,9,19,47.4,10,12,2,10,17,36,16,2,739,58,231,321,195,29,739,17,13,76.5,4,23.5,490,2100,949,14,8,6,19,8,489,51,1,0,0,5,13,3,24,17,11,0,0,0,76,10,17,37.0,0,0,0,624,12,10,7,1.3,1.3,0.6,18,4,391,518,75.5,39,346,11,19,10,518,75.5,7419,2932,142,169,84.0,203,239,84.9,44,93,47.3,1,0.6,0.5,5,34,7,1,39,518,461,54,8,6,3,14,28,7,391,3,10,12,5,6,6,0,4,17,23.5,13,7,4,3,10,22,24,0,624,102,249,239,142,14,624,19,10,52.6,9,47.4,346,1432,684,11,4,4,16,10,386,38,2,0,0,13,5,3,14,10,5,0,0,0,58,17,10,63.0,Chelsea,Liverpool,January-2-2022
0,0,0,481,20,6,20,0.3,0.3,0.3,12,0,287,380,75.5,23,235,13,13,9,380,75.5,4514,1603,149,165,90.3,92,117,78.6,28,61,45.9,0,0.3,0.6,6,19,6,2,23,380,338,37,4,6,3,21,14,9,287,5,8,20,17,8,6,6,9,16,56.3,7,20,11,9,6,26,12,0,481,59,147,196,143,16,481,13,9,69.2,4,30.8,235,1370,734,13,10,4,16,7,284,23,3,0,0,10,3,5,21,6,17,0,0,0,37,11,18,37.9,0,0,0,795,11,10,6,3.1,3.1,3.0,42,4,607,692,87.7,49,493,22,16,7,692,87.7,9081,3044,328,347,94.5,213,236,90.3,31,55,56.4,2,3.0,2.4,18,28,18,2,49,692,643,49,14,3,4,17,22,8,607,0,10,11,5,7,3,1,4,13,30.8,9,6,1,5,10,21,26,0,795,95,300,306,190,38,795,16,7,43.8,9,56.3,493,1992,1121,22,14,8,11,11,603,49,0,0,0,4,10,0,17,10,5,0,0,0,35,18,11,62.1,Arsenal,Chelsea,August-22-2021
0,0,0,347,11,13,19,1.1,1.1,0.8,8,4,139,215,64.7,12,129,8,11,6,215,64.7,3036,1686,62,76,81.6,43,57,75.4,32,68,47.1,2,0.8,0.6,4,13,4,3,12,215,176,38,5,2,0,13,9,4,139,1,4,11,7,8,3,0,5,16,31.3,11,19,13,6,13,24,40,0,347,114,197,97,60,13,347,11,6,54.5,5,45.5,129,752,361,8,4,4,14,5,138,12,3,0,0,9,5,1,13,13,7,0,1,1,41,18,19,48.6,0,1,0,846,10,5,2,2.4,1.6,1.2,54,2,658,752,87.5,86,626,45,16,11,752,87.5,10864,2708,350,370,94.6,258,292,88.4,44,73,60.3,1,1.2,2.0,21,65,18,3,86,752,713,39,7,3,7,39,15,9,658,0,7,10,7,5,3,2,5,11,45.5,6,2,1,1,5,15,13,2,846,29,114,376,360,55,845,16,11,68.8,5,31.3,626,3857,2304,45,52,14,10,6,655,86,1,0,0,5,9,0,39,5,7,1,0,0,54,19,18,51.4,West Ham,Manchester City,May-15-2022
0,0,0,579,22,11,16,2.4,2.4,1.4,29,6,308,452,68.1,24,291,12,13,10,452,68.1,5253,2168,152,191,79.6,110,143,76.9,32,82,39.0,3,1.4,0.8,16,19,10,2,24,452,386,61,21,9,0,15,18,8,308,5,9,22,14,14,7,1,6,15,40.0,9,16,4,12,11,33,17,1,579,67,207,254,126,24,579,13,10,76.9,3,23.1,291,1447,680,12,12,5,15,11,307,24,0,0,0,5,18,5,15,11,14,0,1,0,62,30,23,56.6,1,1,0,466,14,13,13,2.8,2.0,1.3,29,3,211,358,58.9,29,224,12,15,9,358,58.9,3535,1767,102,133,76.7,62,97,63.9,28,77,36.4,0,1.3,0.9,12,20,8,5,29,358,303,53,8,0,0,23,28,6,211,2,13,14,9,5,5,4,3,13,23.1,10,13,5,8,13,27,13,1,466,42,133,204,135,26,465,15,9,60.0,6,40.0,224,1166,510,12,18,5,15,16,208,29,0,0,0,20,5,2,23,13,9,1,0,0,64,23,30,43.4,Leicester City,Watford,November-28-2021
0,0,0,773,16,5,6,2.0,2.0,1.1,34,2,596,682,87.4,70,498,18,27,15,682,87.4,11118,3055,227,242,93.8,313,343,91.3,51,75,68.0,1,1.1,1.2,12,75,13,3,70,682,628,53,12,2,5,26,30,8,596,1,9,16,10,3,8,5,9,11,81.8,2,6,1,5,5,21,10,0,773,26,109,385,285,36,773,27,15,55.6,12,44.4,498,2123,1046,18,12,7,13,12,594,69,2,0,0,13,14,1,26,5,10,0,0,0,50,7,8,46.7,0,0,1,482,24,2,10,0.3,0.3,0.3,6,2,302,389,77.6,12,225,6,11,2,389,77.6,5213,1867,149,160,93.1,112,139,80.6,32,69,46.4,1,0.3,0.3,2,7,1,0,12,389,347,42,14,0,6,8,10,2,302,0,6,24,15,18,4,2,12,27,44.4,15,10,2,8,2,26,25,1,482,103,285,170,30,7,482,11,2,18.2,9,81.8,225,1126,477,6,4,2,6,7,299,12,2,1,0,15,12,0,8,2,15,0,0,0,44,8,7,53.3,Arsenal,Leeds United,May-8-2022
0,0,0,498,16,9,11,0.7,0.7,0.5,15,4,311,393,79.1,28,304,13,14,8,393,79.1,5251,1873,144,158,91.1,129,151,85.4,23,53,43.4,1,0.5,0.5,6,28,8,3,28,393,348,44,13,1,3,19,20,5,311,1,10,16,10,10,5,1,10,27,37.0,17,11,4,7,9,25,21,0,498,51,175,184,147,23,498,14,8,57.1,6,42.9,304,1575,689,13,11,2,14,10,311,28,3,0,0,7,13,1,19,9,10,0,0,0,48,9,16,36.0,0,0,0,752,16,3,10,0.4,0.4,0.3,11,0,567,654,86.7,41,308,19,27,17,654,86.7,11205,3267,176,199,88.4,326,347,93.9,59,86,68.6,0,0.3,0.3,4,40,6,1,41,654,611,43,8,0,11,24,20,6,567,0,13,16,11,8,5,3,6,14,42.9,8,10,3,7,3,19,23,0,752,86,275,327,158,11,752,27,17,63.0,10,37.0,308,1755,836,19,12,2,12,6,564,41,3,0,0,13,7,0,24,3,11,0,0,0,50,16,9,64.0,Aston Villa,Brighton,November-20-2021
0,0,0,519,19,10,14,0.9,0.9,0.5,25,0,269,384,70.1,39,239,21,15,6,384,70.1,5141,2464,100,119,84.0,117,152,77.0,38,75,50.7,0,0.5,0.7,10,21,16,7,39,384,341,43,5,0,0,32,18,7,269,0,15,19,12,11,6,2,13,21,61.9,8,14,8,6,10,29,27,0,519,82,194,181,146,26,519,15,6,40.0,9,60.0,239,1494,774,21,11,2,19,4,267,39,0,0,0,3,2,0,32,10,12,0,0,0,52,20,13,60.6,0,0,0,711,13,10,15,1.3,1.3,0.9,28,2,480,600,80.0,52,415,17,21,8,600,80.0,8312,2827,194,215,90.2,224,255,87.8,37,81,45.7,1,0.9,0.7,10,35,10,1,52,600,547,51,3,1,6,29,25,9,480,2,7,13,8,6,2,5,9,15,60.0,6,15,4,11,10,23,19,0,711,62,182,359,178,31,711,21,8,38.1,13,61.9,415,2291,1097,17,13,4,14,6,475,52,2,0,0,3,3,2,29,10,8,0,0,0,61,13,20,39.4,Everton,West Ham,October-17-2021
0,0,0,460,21,17,16,2.0,2.0,1.0,32,4,219,335,65.4,24,192,16,30,21,335,65.4,4334,2216,96,124,77.4,77,103,74.8,40,73,54.8,0,1.0,0.3,12,23,4,1,24,335,276,58,13,0,2,14,26,6,219,1,11,21,7,3,15,3,10,24,41.7,14,16,6,10,17,38,12,0,460,48,134,224,109,27,460,30,21,70.0,9,30.0,192,1187,523,16,9,3,14,10,217,24,2,0,0,13,12,1,14,17,7,0,0,1,58,30,23,56.6,0,0,0,615,19,4,16,0.7,0.7,0.6,20,0,377,495,76.2,31,310,14,24,14,495,76.2,5222,1943,202,220,91.8,113,157,72.0,21,60,35.0,0,0.6,0.2,9,25,3,1,31,495,452,42,13,0,2,13,19,2,377,1,10,19,9,7,8,4,9,30,30.0,21,16,5,11,4,23,14,0,615,68,198,316,107,12,615,24,14,58.3,10,41.7,310,1507,749,14,8,5,13,11,377,31,3,0,0,13,13,1,13,4,9,0,0,1,56,23,30,43.4,Newcastle Utd,Everton,February-8-2022
0,0,0,597,11,8,8,1.4,1.4,1.4,16,2,390,498,78.3,25,289,17,21,7,498,78.3,7626,2527,139,155,89.7,201,234,85.9,45,87,51.7,1,1.4,0.9,8,34,5,2,25,498,448,48,10,0,3,16,23,6,390,2,12,11,6,10,1,0,5,12,41.7,7,8,0,8,8,19,13,0,597,43,221,270,111,12,597,21,7,33.3,14,66.7,289,1828,896,17,9,1,16,9,389,25,2,0,0,12,8,2,16,8,6,0,0,0,60,10,10,50.0,0,0,0,706,23,6,14,1.1,1.1,1.0,14,8,490,590,83.1,31,425,9,12,7,590,83.1,8762,2394,186,202,92.1,247,267,92.5,35,78,44.9,3,1.0,0.4,6,34,4,2,31,590,544,45,14,1,4,13,18,4,490,1,8,23,14,10,11,2,14,21,66.7,7,14,3,11,6,29,18,0,706,61,240,357,117,14,706,12,7,58.3,5,41.7,425,2252,1081,9,9,3,20,6,488,31,1,0,0,9,12,1,13,6,14,0,0,0,61,10,10,50.0,Watford,Crystal Palace,February-23-2022
0,0,0,775,25,10,13,0.8,0.8,0.5,27,0,557,650,85.7,51,455,23,16,10,650,85.7,10416,3279,196,218,89.9,290,318,91.2,61,84,72.6,0,0.5,0.7,10,35,9,2,51,650,611,38,7,0,5,12,18,4,557,1,10,25,16,15,8,2,11,18,61.1,7,13,5,8,10,35,15,0,775,71,275,337,173,17,775,16,10,62.5,6,37.5,455,1926,1056,23,18,3,18,11,549,50,1,0,0,7,8,1,12,10,16,0,1,0,55,8,9,47.1,1,1,0,475,17,15,16,1.4,0.6,0.6,22,4,263,351,74.9,26,280,16,19,7,351,74.9,4364,1906,117,141,83.0,97,122,79.5,23,49,46.9,1,0.6,0.2,12,19,5,1,26,351,308,43,7,0,0,14,20,5,263,0,8,17,10,11,6,0,6,16,37.5,10,16,6,10,15,32,16,0,475,48,147,178,153,20,474,19,7,36.8,11,57.9,280,1517,795,16,16,9,20,14,261,25,2,0,0,9,7,0,14,15,10,1,0,0,56,9,8,52.9,Brighton,Everton,August-28-2021
0,0,0,648,15,7,19,1.3,1.3,0.8,20,4,420,518,81.1,30,311,18,17,11,518,81.1,7243,2650,199,222,89.6,156,188,83.0,48,77,62.3,2,0.8,0.3,8,23,3,0,30,518,474,42,12,1,0,15,16,4,420,2,7,15,6,8,7,0,12,31,38.7,19,19,9,10,7,22,39,1,648,101,255,290,108,15,648,17,11,64.7,6,35.3,311,1848,1086,18,18,5,16,6,413,29,1,0,0,11,10,2,15,7,6,0,0,0,47,16,14,53.3,0,0,0,511,12,12,8,1.2,1.2,0.8,31,0,294,398,73.9,37,261,16,31,19,398,73.9,5867,2635,114,129,88.4,126,146,86.3,47,95,49.5,0,0.8,0.5,10,33,7,2,37,398,347,50,13,1,3,30,16,11,294,1,11,12,9,4,6,2,6,17,35.3,11,8,2,6,12,24,19,1,511,63,166,199,155,31,511,31,19,61.3,12,38.7,261,1361,719,16,6,6,17,3,290,35,4,0,0,11,11,1,30,12,9,0,0,0,48,14,16,46.7,Chelsea,Aston Villa,September-11-2021
0,0,0,729,13,8,13,1.0,1.0,0.9,31,0,521,612,85.1,42,428,30,25,13,612,85.1,8760,3012,232,257,90.3,223,254,87.8,42,59,71.2,0,0.9,0.8,12,32,11,3,42,612,562,46,11,4,4,23,21,8,521,4,7,13,10,7,6,0,5,18,27.8,13,13,6,7,8,21,13,0,729,61,219,343,172,27,729,25,13,52.0,12,48.0,428,2503,1441,30,17,8,18,9,512,42,0,0,0,5,10,4,23,8,10,0,0,0,51,22,15,59.5,0,0,0,463,21,17,13,0.4,0.4,0.4,15,0,250,349,71.6,29,219,26,18,13,349,71.6,4432,1811,109,128,85.2,108,129,83.7,23,67,34.3,0,0.4,0.2,8,16,5,0,29,349,306,43,8,0,3,13,17,5,250,0,7,21,11,12,6,3,12,25,48.0,13,13,7,6,17,38,23,0,463,69,179,188,101,17,463,18,13,72.2,5,27.8,219,1379,742,26,16,9,14,8,249,29,2,0,0,12,5,0,13,17,11,0,0,0,54,15,22,40.5,Manchester City,Southampton,September-18-2021
0,0,0,802,21,11,5,0.7,0.7,0.2,26,6,646,719,89.8,61,432,12,14,8,719,89.8,11189,3129,294,315,93.3,283,301,94.0,55,76,72.4,1,0.2,1.1,6,70,20,3,61,719,683,36,8,6,5,22,17,5,646,0,7,21,9,4,8,9,7,20,35.0,13,5,1,4,11,32,9,0,802,40,144,394,266,32,802,14,8,57.1,6,42.9,432,1927,1005,12,10,3,10,5,645,61,0,0,0,15,11,0,22,11,9,0,0,0,42,6,14,30.0,0,0,0,547,11,9,6,0.2,0.2,0.2,8,0,386,450,85.8,19,351,8,20,13,450,85.8,6499,2103,194,211,91.9,155,170,91.2,30,51,58.8,0,0.2,0.3,4,18,3,1,19,450,405,44,15,2,3,5,14,2,386,1,5,11,7,9,2,0,6,14,42.9,8,6,2,4,9,20,26,0,547,100,272,204,78,11,547,20,13,65.0,7,35.0,351,1880,836,8,9,2,17,14,385,19,0,0,0,11,14,1,5,9,7,0,0,0,36,14,6,70.0,Chelsea,Crystal Palace,August-14-2021
0,0,0,658,14,3,9,1.4,1.4,0.8,33,2,431,547,78.8,56,386,19,20,9,547,78.8,8171,2882,150,170,88.2,234,264,88.6,42,83,50.6,0,0.8,0.8,12,32,9,2,56,547,499,48,15,4,2,26,20,6,431,0,12,14,11,8,4,2,9,12,75.0,3,9,1,8,3,17,13,1,658,53,226,247,188,28,658,20,9,45.0,11,55.0,386,1850,1004,19,17,5,18,9,428,55,0,0,0,10,15,0,26,3,11,0,0,0,68,11,14,44.0,0,0,0,417,20,3,17,0.2,0.2,0.1,6,0,182,286,63.6,25,174,10,12,3,286,63.6,3800,1983,65,90,72.2,85,114,74.6,30,67,44.8,0,0.1,0.2,4,17,2,0,25,286,234,52,10,0,1,11,25,3,182,0,10,20,10,10,9,1,11,20,55.0,9,17,7,10,3,23,36,0,417,95,197,150,73,12,417,12,3,25.0,9,75.0,174,1098,587,10,8,2,19,5,180,24,3,0,0,16,9,0,11,3,10,0,0,0,53,14,11,56.0,Leeds United,Watford,October-2-2021
0,0,0,768,16,13,8,0.8,0.8,0.6,16,2,531,673,78.9,46,477,12,16,9,673,78.9,10165,3246,236,271,87.1,223,258,86.4,70,119,58.8,1,0.6,0.7,7,42,8,3,46,673,609,61,7,0,9,20,39,5,531,3,10,16,8,9,5,2,9,23,39.1,14,8,1,7,13,29,15,0,768,66,226,366,180,23,768,16,9,56.3,7,43.8,477,2240,886,12,13,1,16,10,530,46,1,0,0,1,6,3,20,13,8,0,0,0,58,42,25,62.7,0,0,0,502,17,12,12,0.3,0.3,0.3,9,0,252,373,67.6,27,199,14,23,14,373,67.6,4442,1737,115,149,77.2,97,128,75.8,27,70,38.6,0,0.3,0.6,5,23,7,2,27,373,329,43,4,0,0,16,21,6,252,1,8,17,12,9,7,1,7,16,43.8,9,12,3,9,12,29,30,0,502,54,198,196,120,16,502,23,14,60.9,9,39.1,199,1342,610,14,14,5,18,7,250,27,0,0,0,6,1,1,16,12,12,0,0,0,57,25,42,37.3,West Ham,Watford,February-8-2022
0,0,0,535,17,6,19,1.7,1.7,0.5,15,2,257,400,64.3,23,233,17,7,4,400,64.3,5037,1965,99,136,72.8,115,163,70.6,37,76,48.7,0,0.5,1.0,4,27,6,3,23,400,350,48,10,1,2,20,20,6,257,2,9,17,8,5,6,6,1,7,14.3,6,19,7,12,6,23,32,0,535,79,191,180,168,27,535,7,4,57.1,3,42.9,233,1141,586,17,8,5,20,10,253,22,1,0,0,12,6,2,20,6,8,0,0,0,49,23,21,52.3,0,0,0,557,13,17,10,0.9,0.9,0.6,35,4,291,432,67.4,37,275,14,7,6,432,67.4,4754,2012,161,201,80.1,97,130,74.6,26,68,38.2,1,0.6,0.9,12,20,6,2,37,432,370,59,13,0,4,26,33,6,291,3,15,13,4,7,3,3,3,7,42.9,4,10,2,8,17,30,23,0,557,48,171,214,175,25,557,7,6,85.7,1,14.3,275,1315,645,14,19,5,13,16,287,37,0,0,0,7,12,3,26,17,4,0,0,1,57,21,23,47.7,Brighton,Southampton,April-24-2022
0,0,0,461,14,19,8,1.5,1.5,1.5,14,0,224,353,63.5,14,194,12,13,12,353,63.5,3896,1808,114,137,83.2,73,98,74.5,26,80,32.5,0,1.5,0.3,8,14,3,1,14,353,298,48,9,3,3,13,24,5,224,7,11,14,12,5,8,1,6,18,33.3,12,8,2,6,19,33,22,0,461,56,174,209,81,11,461,13,12,92.3,1,7.7,194,912,505,12,7,2,13,10,222,14,0,0,0,7,6,7,13,19,12,0,0,0,55,12,16,42.9,0,0,0,791,11,6,10,1.8,1.8,1.0,19,1,557,691,80.6,56,483,14,18,12,691,80.6,10079,3785,259,292,88.7,236,283,83.4,58,92,63.0,0,1.0,0.5,8,45,9,0,56,691,640,48,14,1,1,16,21,8,557,3,6,11,3,5,6,0,1,13,7.7,12,10,0,10,6,17,22,0,791,55,250,373,169,26,791,18,12,66.7,6,33.3,483,1899,1016,14,14,3,15,8,556,56,1,0,0,6,6,3,16,6,3,0,0,0,57,16,12,57.1,Burnley,Liverpool,February-13-2022
0,0,0,579,10,15,14,1.4,1.4,1.1,23,6,339,468,72.4,47,342,11,11,6,468,72.4,6266,2618,154,190,81.1,143,187,76.5,40,73,54.8,3,1.1,0.6,11,29,11,2,47,468,419,47,7,1,4,16,27,4,339,2,11,10,6,4,4,2,2,11,18.2,9,14,2,12,15,25,20,0,579,56,224,224,140,18,579,11,6,54.5,5,45.5,342,1387,700,11,11,2,24,5,336,46,1,0,0,3,5,2,16,15,6,0,0,0,52,26,22,54.2,0,0,0,540,10,19,11,1.0,1.0,1.0,19,2,299,440,68.0,26,251,5,11,9,440,68.0,5788,2220,128,164,78.0,122,150,81.3,44,94,46.8,1,1.0,1.2,10,23,9,5,26,440,390,48,5,0,5,21,28,6,299,2,15,10,7,5,4,1,5,11,45.5,6,11,4,7,19,29,13,0,540,39,157,269,120,13,540,11,9,81.8,2,18.2,251,1407,547,5,9,1,12,8,297,26,1,0,0,6,3,2,21,19,7,0,0,0,59,22,26,45.8,Everton,Burnley,September-13-2021
0,0,0,321,10,6,19,0.2,0.2,0.2,12,0,138,220,62.7,7,152,4,14,10,220,62.7,2876,1469,56,71,78.9,48,62,77.4,26,64,40.6,0,0.2,0.2,4,14,2,1,7,220,177,42,16,0,3,7,11,0,138,1,3,10,4,7,3,0,9,18,50.0,9,19,7,12,6,16,24,0,321,73,158,115,54,9,321,14,10,71.4,4,28.6,152,717,240,4,4,1,18,8,138,7,3,0,0,14,12,1,7,6,4,0,1,0,34,21,16,56.8,1,1,0,897,12,3,5,2.4,1.6,1.3,36,5,715,813,87.9,68,573,30,18,9,813,87.9,10256,2970,433,458,94.5,227,259,87.6,28,45,62.2,0,1.3,1.4,12,78,15,0,68,813,776,33,13,1,1,19,15,2,715,4,12,12,4,5,6,1,4,14,28.6,10,5,2,3,3,15,10,0,897,34,124,441,338,29,896,18,9,50.0,9,50.0,573,3012,1680,30,28,3,11,1,708,66,2,0,0,12,13,4,19,3,4,1,0,0,56,16,21,43.2,Newcastle Utd,Chelsea,October-30-2021
0,0,0,611,28,14,21,2.7,2.7,2.4,18,2,350,475,73.7,48,314,25,16,9,475,73.7,5933,2529,168,197,85.3,126,166,75.9,39,73,53.4,2,2.4,2.4,11,29,12,2,48,475,423,50,10,7,1,21,27,6,350,2,12,28,17,13,13,2,18,35,51.4,17,21,4,17,14,42,14,0,611,65,215,237,166,32,611,16,9,56.3,7,43.8,314,1695,871,25,11,7,27,5,343,48,3,0,0,18,8,2,21,14,17,0,0,0,79,14,17,45.2,0,0,0,556,12,10,10,1.5,1.5,1.1,17,2,313,433,72.3,32,258,14,35,17,433,72.3,5685,2410,146,178,82.0,122,151,80.8,40,70,57.1,1,1.1,1.6,5,16,10,1,32,433,367,63,19,3,10,10,27,2,313,3,17,12,9,7,5,0,7,16,43.8,9,10,1,9,10,22,14,0,556,75,217,220,130,19,556,35,17,48.6,18,51.4,258,1656,909,14,9,2,24,10,308,31,1,0,0,8,18,3,10,10,9,0,0,0,64,17,14,54.8,Leeds United,Norwich City,March-13-2022
0,0,0,482,21,10,15,0.1,0.1,0.1,5,0,254,362,70.2,10,231,14,15,10,362,70.2,4408,1794,123,138,89.1,80,106,75.5,35,80,43.8,0,0.1,0.1,3,10,0,0,10,362,313,42,7,2,4,7,23,2,254,7,7,21,10,16,5,0,4,12,33.3,8,15,5,10,10,31,29,1,482,92,249,171,66,7,482,15,10,66.7,5,33.3,231,1137,556,14,6,3,21,10,249,9,2,0,0,4,7,7,7,10,10,0,0,0,69,4,11,26.7,0,0,0,794,15,9,8,2.7,2.7,0.9,30,2,579,700,82.7,86,417,20,12,8,700,82.7,9911,3474,274,308,89.0,253,295,85.8,41,64,64.1,1,0.9,1.5,11,65,21,5,86,700,654,45,11,2,5,28,23,8,579,1,10,15,8,6,5,4,5,15,33.3,10,8,0,8,9,24,7,0,794,30,147,401,254,39,794,12,8,66.7,4,33.3,417,2411,1304,20,18,3,12,17,577,86,2,0,0,7,4,1,28,9,8,0,0,0,71,11,4,73.3,Wolves,Liverpool,December-4-2021
1,1,0,491,19,16,14,1.7,0.9,0.7,23,3,269,359,74.9,25,214,10,27,16,359,74.9,4868,1909,132,150,88.0,97,116,83.6,35,70,50.0,1,0.7,0.6,9,16,6,0,25,359,317,39,9,3,1,15,16,4,269,3,8,19,13,10,7,2,4,16,25.0,12,14,5,9,16,35,29,0,491,73,220,188,91,16,490,27,16,59.3,11,40.7,214,987,446,10,6,2,12,6,265,25,2,0,0,8,9,3,15,16,13,0,0,0,44,18,11,62.1,0,0,0,704,17,10,10,1.6,1.6,1.5,25,2,501,604,82.9,52,376,20,16,12,604,82.9,8247,2457,235,265,88.7,209,232,90.1,36,62,58.1,1,1.5,1.3,13,40,10,1,52,604,547,55,11,1,6,25,26,9,501,2,9,17,9,10,4,3,11,27,40.7,16,10,2,8,10,27,11,0,704,53,147,363,198,32,704,16,12,75.0,4,25.0,376,2048,1132,20,14,6,14,15,496,52,1,0,0,10,7,2,25,10,9,0,1,0,46,11,18,37.9,Brighton,Leicester City,September-19-2021
0,0,0,452,8,14,13,1.0,1.0,1.0,12,4,230,335,68.7,25,193,12,12,9,335,68.7,4589,1848,99,120,82.5,85,111,76.6,39,78,50.0,2,1.0,0.7,6,21,4,2,25,335,296,37,6,1,5,16,15,3,230,2,11,8,3,5,3,0,5,15,33.3,10,13,6,7,14,22,37,0,452,82,195,179,83,12,452,12,9,75.0,3,25.0,193,1217,607,12,5,4,18,3,228,25,1,0,0,11,6,2,16,14,3,0,0,0,62,17,19,47.2,0,0,0,829,6,12,11,1.2,1.2,1.1,32,4,616,730,84.4,73,541,30,15,10,730,84.4,10076,3517,297,329,90.3,252,285,88.4,45,76,59.2,2,1.1,1.5,13,65,17,2,73,730,689,41,13,5,1,24,19,2,616,0,9,6,4,2,4,0,3,12,25.0,9,11,2,9,12,18,15,0,829,43,161,407,269,44,829,15,10,66.7,5,33.3,541,2683,1440,30,26,9,20,3,613,73,1,0,0,6,9,0,24,12,4,0,0,1,64,19,17,52.8,West Ham,Liverpool,November-7-2021
0,0,0,571,23,6,11,1.4,1.4,0.5,14,1,361,457,79.0,24,265,19,18,10,457,79.0,6567,2442,155,173,89.6,150,177,84.7,46,75,61.3,0,0.5,0.4,5,15,6,1,24,457,415,41,9,1,1,11,20,4,361,1,14,23,11,13,8,2,5,13,38.5,8,11,3,8,6,29,20,0,571,82,262,222,95,17,571,18,10,55.6,8,44.4,265,1552,915,19,12,5,17,9,358,24,4,0,0,15,8,1,11,6,11,0,1,0,62,15,9,62.5,1,1,0,598,17,8,16,2.1,1.5,1.3,24,2,391,484,80.8,34,345,21,13,8,484,80.8,6403,2411,188,205,91.7,152,174,87.4,29,61,47.5,0,1.3,0.8,10,27,6,1,34,484,436,47,14,0,1,22,16,9,391,1,11,17,7,5,7,5,8,18,44.4,10,16,3,13,8,25,13,0,598,53,167,301,134,26,597,13,8,61.5,5,38.5,345,1919,914,21,12,7,16,18,387,34,3,0,0,8,15,1,22,8,7,1,0,1,53,9,15,37.5,Wolves,Aston Villa,April-2-2022
0,0,0,417,11,6,14,0.4,0.4,0.4,12,0,231,309,74.8,12,240,11,10,6,309,74.8,4091,1787,115,133,86.5,94,112,83.9,20,49,40.8,0,0.4,0.4,8,7,5,1,12,309,266,41,10,1,2,8,13,4,231,2,6,11,6,10,1,0,3,19,15.8,16,14,4,10,6,17,30,0,417,99,219,136,73,18,417,10,6,60.0,4,40.0,240,1368,646,11,13,6,16,1,229,12,0,0,0,7,7,2,8,6,6,0,1,0,47,13,12,52.0,0,1,0,830,5,11,7,4.8,3.8,3.6,38,6,661,752,87.9,75,591,33,19,16,752,87.9,11863,3300,290,307,94.5,290,316,91.8,66,93,71.0,2,3.6,2.1,18,70,15,2,75,752,714,36,8,0,5,26,11,12,661,2,11,5,3,4,1,0,4,10,40.0,6,7,1,6,11,16,9,0,830,50,188,358,289,49,829,19,16,84.2,3,15.8,591,3108,1723,33,17,10,15,8,658,75,2,0,0,8,6,2,26,11,3,1,0,0,55,12,13,48.0,Norwich City,Manchester City,February-12-2022
0,0,0,668,6,6,8,2.2,2.2,1.7,40,2,465,575,80.9,59,383,24,9,8,575,80.9,8106,2635,215,240,89.6,193,218,88.5,44,82,53.7,1,1.7,1.1,16,38,13,6,59,575,514,60,12,0,11,37,27,13,465,1,9,6,1,2,4,0,3,5,60.0,2,8,2,6,6,12,22,0,668,59,204,268,204,34,668,9,8,88.9,1,11.1,383,2348,1191,24,20,8,12,10,461,59,2,0,0,9,10,1,37,6,1,0,1,0,40,15,15,50.0,0,1,0,473,11,7,12,2.0,1.2,0.6,15,1,256,362,70.7,25,227,10,5,2,362,70.7,4762,2177,114,131,87.0,92,121,76.0,36,78,46.2,0,0.6,0.9,4,26,6,1,25,362,323,38,9,2,1,20,12,4,256,1,6,11,5,7,4,0,1,9,11.1,8,12,7,5,7,18,29,0,473,72,146,209,124,18,472,5,2,40.0,3,60.0,227,1192,539,10,8,2,16,3,251,25,2,0,0,11,9,1,20,7,5,1,0,0,32,15,15,50.0,West Ham,Burnley,April-17-2022
0,0,0,492,19,16,5,1.4,1.4,1.0,23,2,303,400,75.8,30,252,18,20,12,400,75.8,5841,2498,129,147,87.8,126,148,85.1,40,79,50.6,0,1.0,1.0,10,29,5,1,30,400,346,51,8,2,6,24,19,7,303,3,13,19,10,7,9,3,8,13,61.5,5,5,0,5,16,35,10,2,492,47,144,207,145,25,492,20,12,60.0,8,40.0,252,1360,671,18,9,8,12,18,298,29,0,0,0,4,6,3,24,16,10,0,0,0,51,13,19,40.6,0,0,0,687,26,7,12,2.5,2.5,2.5,22,8,484,580,83.4,40,453,19,13,5,580,83.4,8566,2937,219,240,91.3,218,248,87.9,39,72,54.2,5,2.5,1.4,13,37,12,3,40,580,536,42,7,3,3,21,23,3,484,2,6,26,14,12,13,1,8,20,40.0,12,12,0,12,7,33,20,1,687,69,240,316,136,15,687,13,5,38.5,8,61.5,453,2368,1295,19,19,2,12,11,481,40,1,0,0,6,4,2,21,7,14,0,0,0,55,19,13,59.4,Watford,Leicester City,May-15-2022
0,0,0,566,20,15,14,1.2,1.2,0.7,24,6,350,442,79.2,31,355,26,21,11,442,79.2,6268,2328,163,189,86.2,135,153,88.2,46,70,65.7,3,0.7,1.0,10,22,8,3,31,442,402,38,8,3,3,17,16,6,350,2,18,20,14,5,12,3,8,16,50.0,8,14,1,13,15,35,25,0,566,61,210,232,131,26,566,21,11,52.4,10,47.6,355,2103,1006,26,13,9,12,6,348,31,2,0,0,13,8,2,17,15,14,0,0,0,56,18,7,72.0,0,0,0,781,16,6,18,0.5,0.5,0.5,11,2,569,675,84.3,38,563,16,16,8,675,84.3,9628,2691,255,277,92.1,264,297,88.9,41,70,58.6,1,0.5,0.4,5,34,5,3,38,675,626,49,15,3,3,21,20,3,569,0,16,16,9,9,5,2,10,21,47.6,11,18,2,16,6,22,12,1,781,59,197,439,152,13,781,16,8,50.0,8,50.0,563,2359,1064,16,18,2,18,12,569,38,3,0,0,8,13,0,21,6,9,0,0,0,53,7,18,28.0,Tottenham,Leicester City,May-1-2022
0,0,0,602,16,17,13,0.7,0.7,0.6,19,2,388,490,79.2,43,294,17,14,7,490,79.2,6640,2571,178,201,88.6,155,194,79.9,40,69,58.0,1,0.6,1.1,8,35,15,2,43,490,445,44,5,4,3,21,25,5,388,1,8,16,11,12,3,1,8,12,66.7,4,13,6,7,17,33,20,0,602,73,193,219,191,27,602,14,7,50.0,7,50.0,294,1709,912,17,14,4,24,7,384,41,1,0,0,8,5,1,21,17,11,0,0,0,61,8,15,34.8,0,0,0,741,14,10,13,0.7,0.7,0.5,26,2,528,628,84.1,53,406,26,12,4,628,84.1,8839,2974,248,274,90.5,231,264,87.5,38,64,59.4,1,0.5,0.8,9,37,8,1,53,628,588,40,7,2,4,24,19,7,528,0,9,14,7,6,7,1,7,14,50.0,7,13,5,8,10,24,25,0,741,81,271,260,212,27,741,12,4,33.3,8,66.7,406,2368,1260,26,16,10,14,8,525,53,2,0,0,5,6,0,24,10,7,0,0,0,58,15,8,65.2,Brighton,Chelsea,January-18-2022
0,0,0,670,13,6,15,0.3,0.3,0.1,9,0,476,579,82.2,53,455,24,10,5,579,82.2,8279,2469,187,209,89.5,235,270,87.0,40,74,54.1,0,0.1,0.2,2,33,3,1,53,579,523,56,15,1,3,26,28,7,476,0,8,13,7,5,6,2,4,14,28.6,10,15,4,11,6,19,13,0,670,51,191,341,141,12,670,10,5,50.0,5,50.0,455,2422,1202,24,18,4,19,10,474,53,3,0,0,15,16,0,26,6,7,0,0,0,43,10,10,50.0,0,0,0,429,15,8,7,0.9,0.9,0.8,21,0,222,332,66.9,26,207,16,14,10,332,66.9,4173,1664,99,121,81.8,96,129,74.4,25,65,38.5,0,0.8,0.9,9,28,4,0,26,332,282,49,15,0,2,15,23,6,222,1,14,15,12,8,5,2,5,10,50.0,5,7,0,7,8,23,24,0,429,61,162,161,113,22,429,14,10,71.4,4,28.6,207,1139,595,16,4,7,9,9,220,26,2,0,0,16,14,1,15,8,12,0,0,0,47,10,10,50.0,Leicester City,Aston Villa,April-23-2022
0,0,1,495,26,8,13,0.4,0.4,0.4,12,2,288,373,77.2,27,292,14,24,13,373,77.2,5074,2190,133,153,86.9,97,122,79.5,39,65,60.0,1,0.4,0.5,7,23,4,1,27,373,338,35,5,0,1,15,19,2,288,0,8,26,16,9,13,4,14,26,53.8,12,13,7,6,8,34,25,0,495,74,176,204,122,11,495,24,13,54.2,11,45.8,292,1609,724,14,13,3,16,16,284,26,6,1,1,13,4,0,15,8,16,0,0,0,57,23,12,65.7,0,0,0,771,27,5,11,1.7,1.7,1.5,25,6,558,659,84.7,36,431,31,26,12,659,84.7,8399,2918,276,300,92.0,208,236,88.1,31,63,49.2,3,1.5,1.4,10,25,8,0,36,659,608,50,12,5,3,24,15,9,558,1,8,27,14,14,12,1,11,24,45.8,13,11,2,9,5,32,10,0,771,58,205,408,165,27,771,26,12,46.2,14,53.8,431,2473,1341,31,19,8,16,12,555,35,1,0,0,4,13,1,24,5,14,0,0,1,52,12,23,34.3,Newcastle Utd,Tottenham,October-17-2021
0,0,0,498,12,9,16,0.8,0.8,0.7,14,0,340,416,81.7,28,310,27,10,9,416,81.7,5308,1957,188,208,90.4,116,128,90.6,26,55,47.3,0,0.7,0.6,5,23,6,0,28,416,378,36,9,2,2,18,8,9,340,2,7,12,7,3,7,2,3,12,25.0,9,16,4,12,9,21,20,1,498,58,172,214,119,16,498,10,9,90.0,1,10.0,310,1970,1081,27,12,6,8,11,337,28,1,0,0,7,6,2,18,9,7,0,1,0,40,7,8,46.7,1,1,0,798,12,8,11,3.1,2.3,1.2,23,7,642,723,88.8,44,539,13,12,9,723,88.8,10989,3342,317,333,95.2,255,276,92.4,61,86,70.9,2,1.2,1.2,9,44,10,3,44,723,687,33,8,3,5,18,15,5,642,3,13,12,5,6,3,3,1,10,10.0,9,11,4,7,8,20,14,0,798,67,253,373,176,22,797,12,9,75.0,3,25.0,539,2433,1280,13,18,1,8,9,640,44,1,0,0,7,5,3,18,8,5,0,0,0,36,8,7,53.3,Norwich City,West Ham,May-8-2022
1,1,0,789,12,5,9,4.3,3.6,2.2,43,7,601,688,87.4,76,544,26,17,7,688,87.4,10764,3089,231,254,90.9,325,353,92.1,39,63,61.9,4,2.2,1.5,18,75,10,1,76,688,647,39,8,1,3,25,12,12,601,2,10,12,6,8,2,2,4,12,33.3,8,9,1,8,5,17,12,0,789,48,167,347,275,42,788,17,7,41.2,10,58.8,544,2459,1424,26,14,10,7,11,600,76,0,0,0,8,7,2,25,5,6,0,0,0,51,8,15,34.8,0,0,0,358,21,1,16,1.1,1.1,1.1,12,2,163,254,64.2,10,152,4,12,8,254,64.2,3024,1435,73,98,74.5,63,78,80.8,21,61,34.4,1,1.1,0.7,6,11,5,1,10,254,215,39,10,1,2,6,13,2,163,0,7,21,8,19,1,1,10,17,58.8,7,16,7,9,1,22,30,1,358,80,177,113,75,16,358,12,8,66.7,4,33.3,152,802,352,4,5,1,7,8,161,10,1,0,0,9,8,0,6,1,8,0,1,0,38,15,8,65.2,Arsenal,Everton,May-22-2022
0,0,0,543,18,10,9,1.9,1.9,1.7,36,5,290,415,69.9,48,239,17,18,11,415,69.9,5305,2299,138,167,82.6,109,139,78.4,35,77,45.5,2,1.7,1.0,18,23,16,6,48,415,361,49,8,4,4,23,21,9,290,5,6,18,11,10,5,3,5,10,50.0,5,9,2,7,10,28,21,0,543,58,231,179,141,22,543,18,11,61.1,7,38.9,239,1691,980,17,12,2,15,7,283,47,2,0,0,11,7,5,23,10,11,0,0,0,65,23,33,41.1,0,0,0,453,14,8,15,1.0,1.0,0.9,13,2,211,345,61.2,25,151,8,10,5,345,61.2,4488,2716,103,143,72.0,67,102,65.7,38,83,45.8,0,0.9,0.5,6,33,5,3,25,345,280,64,15,0,0,15,29,3,211,1,9,14,8,6,5,3,7,18,38.9,11,15,9,6,8,22,18,3,453,71,162,180,111,7,453,10,5,50.0,5,50.0,151,910,366,8,1,2,19,13,205,23,1,0,0,7,11,1,15,8,8,0,0,0,48,33,23,58.9,Leeds United,Burnley,January-2-2022
0,0,0,544,23,9,14,1.3,1.3,1.1,22,2,327,419,78.0,38,298,19,16,9,419,78.0,6254,2495,124,145,85.5,169,196,86.2,33,68,48.5,1,1.1,0.7,10,28,11,4,38,419,387,31,4,3,1,14,21,2,327,1,9,23,13,16,5,2,12,22,54.5,10,14,1,13,9,32,17,0,544,66,222,217,114,22,544,16,9,56.3,7,43.8,298,1607,798,19,12,5,22,8,327,38,2,0,0,11,3,1,14,9,13,0,0,0,53,11,15,42.3,0,0,0,773,15,16,12,0.7,0.7,0.7,13,0,567,676,83.9,43,459,18,22,10,676,83.9,9302,2823,268,292,91.8,248,282,87.9,34,70,48.6,0,0.7,0.9,5,45,7,3,43,676,631,45,12,4,2,16,20,4,567,0,14,15,8,8,5,2,7,16,43.8,9,12,4,8,16,31,13,0,773,42,199,438,141,15,773,22,10,45.5,12,54.5,459,2476,1249,18,21,3,13,11,565,43,1,0,0,4,10,0,16,16,8,0,0,0,48,15,11,57.7,West Ham,Tottenham,October-24-2021
0,0,0,456,15,6,9,1.5,1.5,1.2,27,6,240,359,66.9,27,199,10,9,5,359,66.9,4385,1967,121,151,80.1,71,99,71.7,39,86,45.3,3,1.2,0.9,9,19,8,3,27,359,312,46,14,1,4,24,20,3,240,1,10,15,11,5,8,2,8,14,57.1,6,9,4,5,6,21,17,1,456,45,140,222,99,19,456,9,5,55.6,4,44.4,199,738,342,10,6,1,17,2,239,27,2,0,0,14,15,1,24,6,11,0,0,0,56,31,16,66.0,0,0,0,645,6,3,9,2.0,2.0,1.5,30,5,426,538,79.2,46,394,22,14,6,538,79.2,7003,2463,217,243,89.3,162,195,83.1,37,76,48.7,2,1.5,1.7,14,33,11,3,46,538,485,53,14,3,1,20,21,6,426,0,7,6,2,2,3,1,4,9,44.4,5,9,2,7,3,9,28,0,645,73,208,303,140,28,645,14,6,42.9,8,57.1,394,1893,1017,22,11,5,13,7,421,45,3,0,0,15,14,0,20,3,2,0,0,0,59,16,31,34.0,Burnley,Crystal Palace,November-20-2021
0,0,0,550,31,11,14,1.6,1.6,1.6,18,0,286,417,68.6,28,249,16,16,11,417,68.6,4882,1986,150,181,82.9,96,141,68.1,33,72,45.8,0,1.6,1.6,7,19,8,3,28,417,380,37,10,1,2,13,19,3,286,0,10,31,18,17,13,1,15,30,50.0,15,14,1,13,11,42,29,1,550,71,202,228,124,24,550,16,11,68.8,5,31.3,249,1307,620,16,14,5,19,12,282,27,1,0,0,10,10,0,13,11,18,0,0,0,65,24,16,60.0,0,0,0,677,17,6,9,0.3,0.3,0.3,10,0,424,565,75.0,40,329,25,30,15,565,75.0,7722,2539,180,224,80.4,184,212,86.8,50,92,54.3,0,0.3,0.4,6,40,5,2,40,565,511,54,10,0,4,26,29,9,424,0,17,17,11,3,10,4,5,16,31.3,11,9,2,7,6,23,19,0,677,50,154,326,206,17,677,30,15,50.0,15,50.0,329,1747,912,25,14,10,20,16,418,40,0,0,0,10,10,0,26,6,11,0,0,0,64,16,24,40.0,Brentford,Crystal Palace,February-12-2022
1,1,0,514,19,11,10,1.2,0.4,0.3,7,2,262,399,65.7,20,230,9,27,16,399,65.7,4905,2241,107,137,78.1,112,156,71.8,34,84,40.5,0,0.3,0.4,3,16,1,0,20,399,352,47,13,1,1,11,23,3,262,0,9,19,11,11,6,2,11,24,45.8,13,10,4,6,11,30,19,0,514,96,259,166,94,11,513,27,16,59.3,11,40.7,230,1008,508,9,6,0,16,8,259,19,4,0,0,8,11,0,11,11,11,1,0,0,70,12,25,32.4,0,0,0,709,19,7,8,1.0,1.0,0.9,25,0,474,593,79.9,62,459,30,24,13,593,79.9,7257,2710,300,332,90.4,134,161,83.2,34,75,45.3,0,0.9,1.0,10,60,14,6,62,593,556,34,7,0,3,30,20,3,474,3,7,19,14,7,10,2,11,27,40.7,16,8,0,8,7,26,24,0,709,37,155,341,221,24,709,24,13,54.2,11,45.8,459,2604,1214,30,23,4,22,8,470,61,3,0,0,11,8,3,30,7,14,0,1,0,77,25,12,67.6,Brentford,Everton,November-28-2021
0,0,0,778,14,4,5,4.3,4.3,3.1,31,7,587,677,86.7,44,441,21,24,9,677,86.7,10307,3392,234,253,92.5,286,312,91.7,48,81,59.3,3,3.1,2.1,13,31,6,1,44,677,628,47,20,0,2,17,17,6,587,2,4,14,8,1,8,5,6,15,40.0,9,5,2,3,4,18,9,0,778,85,264,368,154,40,778,24,9,37.5,15,62.5,441,1878,984,21,15,11,14,3,585,43,2,0,0,15,11,2,17,4,8,0,0,0,55,10,10,50.0,0,0,0,518,18,8,10,0.4,0.4,0.4,10,0,331,419,79.0,25,294,12,15,9,419,79.0,6019,2400,143,167,85.6,142,161,88.2,36,67,53.7,0,0.4,0.4,5,28,4,2,25,419,364,47,17,3,1,7,16,1,331,8,3,18,6,13,4,1,15,24,62.5,9,10,6,4,8,26,17,3,518,88,249,197,74,5,518,15,9,60.0,6,40.0,294,1184,497,12,4,1,16,8,328,24,0,0,0,12,15,8,7,8,6,0,0,0,53,10,10,50.0,Liverpool,Arsenal,November-20-2021
0,0,0,492,14,12,11,2.7,2.7,2.7,26,8,275,377,72.9,27,259,11,16,7,377,72.9,4729,1908,114,141,80.9,111,129,86.0,31,74,41.9,4,2.7,1.1,13,18,11,0,27,377,337,40,9,3,0,7,16,4,275,0,7,14,11,6,8,0,6,21,28.6,15,11,3,8,12,26,21,0,492,63,203,206,88,26,492,16,7,43.8,9,56.3,259,1137,441,11,8,4,17,6,272,27,1,0,0,10,8,0,7,12,11,0,0,0,57,10,10,50.0,0,0,0,700,15,12,7,1.1,1.1,1.1,19,0,493,604,81.6,45,422,15,21,15,604,81.6,8154,2588,254,279,91.0,177,208,85.1,49,90,54.4,0,1.1,1.0,9,34,6,1,45,604,559,44,9,1,4,21,19,7,493,1,11,15,11,4,10,1,9,16,56.3,7,7,1,6,12,27,7,0,700,41,148,361,194,17,700,21,15,71.4,6,28.6,422,1957,973,15,16,6,21,8,490,45,1,0,0,8,10,1,21,12,11,0,0,0,58,10,10,50.0,Aston Villa,Southampton,March-5-2022
0,0,0,527,8,21,14,2.7,2.7,1.7,25,6,273,401,68.1,32,260,14,15,7,401,68.1,4865,2250,138,164,84.1,88,123,71.5,37,84,44.0,2,1.7,0.9,8,27,6,3,32,401,354,44,13,3,3,15,22,4,273,3,7,8,5,1,6,1,5,7,71.4,2,14,5,9,21,29,29,1,527,66,165,248,117,13,527,15,7,46.7,8,53.3,260,1276,593,14,6,2,19,4,269,31,1,0,0,7,10,3,15,21,5,0,0,0,68,20,17,54.1,0,0,0,672,12,15,8,0.8,0.8,0.4,20,2,423,575,73.6,34,326,11,7,2,575,73.6,7730,2599,184,223,82.5,184,227,81.1,52,102,51.0,1,0.4,0.4,5,28,4,1,34,575,528,43,9,0,3,22,20,2,423,4,9,12,10,6,4,2,8,15,53.3,7,8,1,7,15,27,17,1,672,75,255,310,111,13,672,7,2,28.6,5,71.4,326,1636,1008,11,10,0,16,3,418,33,1,0,0,10,7,4,22,15,10,0,0,0,63,17,20,45.9,Burnley,Brentford,October-30-2021
0,0,1,370,16,10,13,0.8,0.8,0.3,10,2,188,277,67.9,27,169,9,17,9,277,67.9,3888,1592,66,82,80.5,82,103,79.6,31,76,40.8,1,0.3,0.2,3,21,6,1,27,277,242,34,7,0,0,15,10,5,188,1,1,16,6,11,4,1,8,18,44.4,10,13,7,6,10,26,15,1,370,63,138,129,108,16,370,17,9,52.9,8,47.1,169,888,441,9,8,4,11,6,185,26,5,1,1,13,4,1,15,10,6,0,1,0,43,5,16,23.8,1,1,0,779,14,2,2,2.0,1.2,1.0,29,3,591,673,87.8,51,559,22,18,10,673,87.8,9646,2904,304,329,92.4,232,254,91.3,45,64,70.3,0,1.0,0.8,11,52,9,2,51,673,633,38,13,2,3,9,12,5,591,2,6,14,7,4,3,7,8,17,47.1,9,2,1,1,2,16,23,1,779,77,229,341,214,32,778,18,10,55.6,8,44.4,559,2691,1428,22,22,10,18,8,587,51,2,0,0,5,12,2,9,2,7,1,0,0,44,16,5,76.2,Arsenal,Manchester City,January-1-2022
0,0,0,480,13,11,14,1.0,1.0,0.5,17,3,257,378,68.0,28,249,12,14,6,378,68.0,5149,2247,95,134,70.9,118,148,79.7,34,62,54.8,1,0.5,0.5,7,22,6,3,28,378,322,51,11,2,4,13,28,3,257,5,10,13,7,5,5,3,1,12,8.3,11,14,3,11,11,24,13,0,480,56,144,217,127,14,480,14,6,42.9,8,57.1,249,1319,665,12,8,1,17,11,254,28,2,0,0,8,12,5,13,11,7,0,0,0,60,15,14,51.7,0,0,0,731,19,10,12,1.0,1.0,1.0,20,2,515,632,81.5,47,402,21,12,11,632,81.5,8681,2657,246,275,89.5,229,256,89.5,37,77,48.1,1,1.0,0.7,10,39,8,2,47,632,585,46,13,2,3,15,20,3,515,1,12,19,4,7,11,1,8,14,57.1,6,12,3,9,10,29,14,0,731,65,237,367,131,18,731,12,11,91.7,1,8.3,402,2313,1108,21,10,4,12,12,513,47,2,0,0,12,8,1,15,10,4,0,0,0,49,14,15,48.3,Everton,Arsenal,December-6-2021
0,0,0,600,15,8,11,0.5,0.5,0.4,8,0,418,513,81.5,31,331,9,15,9,513,81.5,7744,2257,157,177,88.7,213,230,92.6,40,78,51.3,0,0.4,0.3,3,19,3,0,31,513,463,50,13,1,6,7,23,4,418,0,14,15,8,10,5,0,3,9,33.3,6,11,3,8,8,23,18,1,600,81,287,241,80,14,600,15,9,60.0,6,40.0,331,1722,1011,9,10,4,12,11,415,31,3,0,0,14,10,0,7,8,8,0,0,0,44,17,15,53.1,0,0,0,628,17,9,16,0.6,0.6,0.4,23,2,440,539,81.6,32,358,16,9,6,539,81.6,7298,2145,207,222,93.2,172,193,89.1,33,77,42.9,0,0.4,0.6,9,40,3,0,32,539,497,39,14,0,7,16,17,4,440,3,11,17,10,7,7,3,6,15,40.0,9,16,2,14,9,26,13,0,628,54,171,299,163,22,628,9,6,66.7,3,33.3,358,2183,975,16,13,1,9,12,435,31,3,0,0,10,13,3,16,9,10,0,0,0,53,15,17,46.9,Tottenham,Brighton,April-16-2022
0,0,0,796,8,4,10,1.8,1.8,1.7,45,2,604,708,85.3,72,350,28,15,11,708,85.3,10531,3734,272,297,91.6,265,303,87.5,54,76,71.1,1,1.7,1.8,22,50,26,4,72,708,651,56,13,1,5,24,21,14,604,1,10,8,5,4,3,1,2,3,66.7,1,10,1,9,4,12,4,0,796,46,238,303,261,53,796,15,11,73.3,4,26.7,350,2284,1345,28,18,9,21,13,600,71,1,0,0,6,9,1,24,4,5,0,0,0,54,23,15,60.5,0,0,0,417,17,15,20,0.7,0.7,0.7,8,2,211,309,68.3,21,179,4,3,1,309,68.3,4421,1974,83,111,74.8,87,100,87.0,38,75,50.7,1,0.7,0.6,5,23,6,3,21,309,271,34,6,0,4,10,10,2,211,4,10,17,9,10,4,3,4,15,26.7,11,20,10,10,15,32,24,0,417,73,153,181,85,8,417,3,1,33.3,2,66.7,179,880,265,4,6,1,7,6,210,21,4,0,0,9,6,4,10,15,9,0,0,0,45,15,23,39.5,Chelsea,Burnley,November-6-2021
0,0,0,479,8,9,16,0.6,0.6,0.6,10,0,263,367,71.7,15,255,13,18,6,367,71.7,4576,1838,111,136,81.6,102,122,83.6,31,67,46.3,0,0.6,0.8,5,16,4,1,15,367,308,57,26,1,3,11,21,3,263,2,9,8,3,4,3,1,2,8,25.0,6,16,3,13,9,17,21,0,479,75,195,172,117,14,479,18,6,33.3,12,66.7,255,1402,619,13,7,4,17,5,260,15,2,0,0,12,22,2,11,9,3,0,0,0,57,8,10,44.4,0,0,0,679,17,12,8,0.8,0.8,0.4,14,0,466,582,80.1,35,415,19,8,6,582,80.1,8043,2379,211,244,86.5,182,212,85.8,51,80,63.8,0,0.4,0.6,5,34,5,0,35,582,526,52,13,2,6,21,27,6,466,4,14,17,10,6,8,3,12,18,66.7,6,8,0,8,12,29,10,1,679,53,190,320,175,15,679,8,6,75.0,2,25.0,415,2253,1245,19,22,2,16,6,464,35,4,0,0,22,12,4,21,12,10,0,0,0,49,10,8,55.6,Crystal Palace,Manchester Utd,May-22-2022
0,0,0,714,10,9,9,0.9,0.9,0.6,20,1,528,627,84.2,64,479,26,22,13,627,84.2,9904,3177,208,235,88.5,266,300,88.7,52,76,68.4,0,0.6,0.8,10,48,10,3,64,627,577,46,7,3,10,19,21,6,528,4,9,10,6,3,7,0,1,13,7.7,12,9,2,7,9,19,13,1,714,57,203,324,196,29,714,22,13,59.1,9,40.9,479,2125,1076,26,14,8,11,6,523,63,2,0,0,13,6,4,19,9,6,0,0,0,55,12,8,60.0,0,0,0,627,15,18,10,0.8,0.8,0.6,20,2,442,531,83.2,35,444,16,13,12,531,83.2,6699,2318,239,266,89.8,154,174,88.5,26,54,48.1,1,0.6,0.5,10,30,5,2,35,531,484,46,17,1,5,13,15,5,442,1,8,15,9,6,9,0,9,22,40.9,13,10,1,9,18,33,23,1,627,71,208,290,131,15,627,13,12,92.3,1,7.7,444,2238,1032,16,11,5,8,9,440,35,2,0,0,6,13,1,13,18,9,0,0,0,50,8,12,40.0,Manchester Utd,Leicester City,April-2-2022
0,0,0,446,18,10,14,0.5,0.5,0.5,7,0,237,333,71.2,23,254,11,14,3,333,71.2,4003,1615,102,122,83.6,81,102,79.4,30,72,41.7,0,0.5,0.4,4,12,6,0,23,333,282,51,11,0,1,14,24,2,237,0,8,18,11,8,6,4,7,15,46.7,8,14,2,12,10,28,15,2,446,49,154,194,103,9,446,14,3,21.4,11,78.6,254,1322,488,11,8,0,18,18,236,23,1,0,0,11,10,0,14,10,11,0,0,0,57,8,19,29.6,0,0,0,893,29,4,9,4.7,4.7,1.7,41,7,684,776,88.1,63,516,29,15,8,776,88.1,10056,3370,379,406,93.3,256,289,88.6,25,41,61.0,1,1.7,1.5,16,60,14,1,63,776,740,35,11,2,1,8,17,3,684,1,11,29,19,7,18,4,11,14,78.6,3,9,3,6,4,33,16,0,893,42,180,529,190,28,893,15,8,53.3,7,46.7,516,2896,1583,29,21,7,12,11,679,63,0,0,0,10,11,1,8,4,19,0,0,0,69,19,8,70.4,Southampton,Chelsea,April-9-2022
0,0,0,595,10,11,9,1.7,1.7,0.8,30,6,414,493,84.0,27,412,20,16,9,493,84.0,6356,2323,216,244,88.5,151,168,89.9,26,44,59.1,2,0.8,0.5,12,30,5,1,27,493,450,41,8,1,1,12,16,6,414,2,7,10,7,6,4,0,5,13,38.5,8,9,2,7,11,21,27,0,595,61,203,253,145,15,595,16,9,56.3,7,43.8,412,2359,1162,20,24,4,13,11,412,26,1,0,0,11,4,2,12,11,7,0,0,0,42,11,11,50.0,0,0,0,797,18,6,8,1.3,1.3,1.3,16,0,619,714,86.7,39,570,11,13,8,714,86.7,11197,3116,253,273,92.7,292,315,92.7,65,103,63.1,0,1.3,1.2,9,27,9,3,39,714,661,49,13,1,3,16,20,4,619,4,7,18,12,10,7,1,7,16,43.8,9,8,2,6,6,24,6,0,797,64,246,401,155,24,797,13,8,61.5,5,38.5,570,2413,928,11,10,2,18,5,615,38,2,0,0,4,11,4,16,6,12,0,0,0,46,11,11,50.0,Tottenham,Norwich City,December-5-2021
0,0,0,509,13,7,12,0.9,0.9,0.8,28,2,310,410,75.6,44,285,23,32,21,410,75.6,5911,2496,117,134,87.3,136,171,79.5,43,71,60.6,1,0.8,0.4,12,29,5,1,44,410,351,58,12,2,4,15,26,5,310,1,7,13,7,6,4,3,7,18,38.9,11,12,6,6,7,20,13,2,509,52,147,246,125,15,509,32,21,65.6,11,34.4,285,1921,1078,23,11,7,19,11,306,44,4,0,0,19,10,1,15,7,7,0,0,0,46,17,24,41.5,0,0,0,500,22,9,11,1.9,1.9,1.6,36,2,271,368,73.6,33,202,14,18,11,368,73.6,5009,2353,125,149,83.9,97,120,80.8,41,79,51.9,1,1.6,1.3,14,30,4,1,33,368,315,52,19,3,4,15,16,6,271,1,6,22,12,12,9,1,11,32,34.4,21,11,5,6,9,31,24,0,500,54,198,181,127,21,500,18,11,61.1,7,38.9,202,1147,567,14,9,5,15,6,269,32,3,0,0,12,17,1,15,9,12,0,0,0,53,24,17,58.5,Watford,Newcastle Utd,September-25-2021
1,1,0,643,16,13,13,1.3,0.5,0.5,16,2,453,549,82.5,31,341,20,14,12,549,82.5,8005,2708,178,199,89.4,219,241,90.9,43,73,58.9,0,0.5,0.7,8,18,7,1,31,549,507,40,6,0,5,20,17,7,453,2,12,16,11,8,7,1,10,22,45.5,12,13,6,7,13,29,9,0,643,108,308,205,135,24,642,14,12,85.7,2,14.3,341,1742,938,20,11,6,15,5,451,31,2,0,0,10,6,2,20,13,11,1,0,0,50,14,5,73.7,0,0,0,699,7,8,10,4.2,4.2,3.5,40,6,517,599,86.3,36,381,27,22,12,599,86.3,8670,2673,252,274,92.0,189,209,90.4,50,74,67.6,4,3.5,1.0,18,35,8,0,36,599,555,43,11,4,3,7,16,6,517,1,7,7,3,5,0,2,2,14,14.3,12,10,1,9,8,15,18,0,699,71,193,318,195,35,699,22,12,54.5,10,45.5,381,2258,1219,27,20,10,12,6,514,35,3,0,0,6,9,1,7,8,3,0,1,0,48,5,14,26.3,Brighton,Manchester City,October-23-2021
0,0,0,785,7,4,6,1.2,1.2,1.0,36,0,591,701,84.3,63,542,35,16,8,701,84.3,10803,2928,273,296,92.2,258,289,89.3,58,105,55.2,0,1.0,1.0,16,42,12,1,63,701,647,54,13,1,12,34,20,12,591,0,5,7,3,1,4,2,3,10,30.0,7,6,3,3,4,11,17,0,785,56,198,342,248,42,785,16,8,50.0,8,50.0,542,2668,1597,35,21,18,8,10,581,61,0,0,0,9,12,0,34,4,3,0,0,0,38,17,25,40.5,0,0,0,353,18,7,11,0.4,0.4,0.3,17,0,146,233,62.7,13,150,6,10,7,233,62.7,2870,1453,63,77,81.8,57,83,68.7,22,63,34.9,0,0.3,0.3,9,14,4,0,13,233,196,35,9,0,0,6,11,4,146,2,3,18,8,13,4,1,8,16,50.0,8,11,6,5,7,25,41,0,353,77,161,125,71,13,353,10,7,70.0,3,30.0,150,857,370,6,7,3,11,4,140,13,2,0,0,13,8,2,6,7,8,0,0,0,34,25,17,59.5,Arsenal,Burnley,January-23-2022
0,0,0,645,18,9,17,1.5,1.5,0.6,21,1,382,493,77.5,38,264,13,23,10,493,77.5,5746,2164,217,244,88.9,127,155,81.9,25,63,39.7,0,0.6,0.7,8,25,8,0,38,493,455,35,10,1,1,10,14,4,382,3,12,18,7,9,6,3,7,16,43.8,9,17,6,11,9,27,34,0,645,77,290,209,152,25,645,23,10,43.5,13,56.5,264,1500,818,13,8,2,23,9,380,38,0,0,0,6,8,3,10,9,7,0,0,0,74,9,9,50.0,0,0,0,754,22,7,18,1.1,1.1,0.8,27,2,503,635,79.2,40,463,28,16,9,635,79.2,9031,2946,218,262,83.2,211,243,86.8,60,86,69.8,1,0.8,0.8,11,39,6,2,40,635,593,39,9,0,5,26,21,5,503,3,15,22,15,8,10,4,13,23,56.5,10,18,7,11,7,29,13,0,754,61,202,321,236,31,754,16,9,56.3,7,43.8,463,2455,1431,28,21,8,20,11,497,39,1,0,0,8,6,3,26,7,15,0,0,0,78,9,9,50.0,Leicester City,Brighton,January-23-2022
0,0,0,428,16,10,9,1.5,1.5,1.0,23,2,213,327,65.1,33,196,16,18,12,327,65.1,3912,1881,107,137,78.1,69,90,76.7,31,79,39.2,1,1.0,0.7,9,22,6,3,33,327,282,44,6,2,1,36,24,7,213,1,10,16,12,7,7,2,4,7,57.1,3,9,4,5,10,26,14,0,428,41,134,154,145,12,428,18,12,66.7,6,33.3,196,1243,535,16,12,0,10,10,209,33,2,0,0,10,7,1,36,10,12,0,0,0,50,26,20,56.5,0,0,0,670,16,6,8,1.1,1.1,0.9,23,4,460,564,81.6,39,368,19,7,3,564,81.6,7882,2323,192,212,90.6,203,221,91.9,41,89,46.1,2,0.9,1.0,10,23,7,2,39,564,514,50,10,1,5,14,24,6,460,0,7,16,9,9,4,3,6,18,33.3,12,8,3,5,6,22,30,0,670,86,274,259,139,21,670,7,3,42.9,4,57.1,368,2003,1120,19,13,2,10,12,454,37,1,0,0,7,10,0,14,6,9,0,0,0,45,20,26,43.5,Burnley,Brighton,August-14-2021
0,0,0,685,9,10,10,2.7,2.7,1.6,40,2,438,561,78.1,36,296,26,19,10,561,78.1,7114,2384,230,269,85.5,149,180,82.8,43,81,53.1,0,1.6,1.5,15,37,13,4,36,561,503,56,9,3,0,28,28,13,438,2,11,9,5,5,3,1,6,9,66.7,3,10,4,6,10,19,17,0,685,42,138,291,260,47,685,19,10,52.6,9,47.4,296,1678,889,26,13,15,14,9,431,35,1,0,0,12,9,2,28,10,5,0,0,0,54,19,14,57.6,0,0,0,534,18,7,16,0.6,0.6,0.5,15,0,297,404,73.5,22,241,9,9,3,404,73.5,5312,2082,140,169,82.8,121,159,76.1,32,60,53.3,0,0.5,0.4,5,13,5,0,22,404,348,55,14,1,3,17,20,6,297,1,7,18,10,13,4,1,9,19,47.4,10,16,6,10,7,25,44,2,534,116,263,176,99,15,534,9,3,33.3,6,66.7,241,1138,562,9,7,1,19,3,294,22,2,0,0,9,11,1,17,7,10,0,0,0,37,14,19,42.4,Southampton,Norwich City,February-25-2022
0,0,0,806,25,6,13,2.7,2.7,2.6,26,8,603,681,88.5,48,460,19,14,8,681,88.5,10844,3455,229,253,90.5,327,347,94.2,40,60,66.7,4,2.6,1.7,13,41,10,2,48,681,646,35,11,6,6,14,13,5,603,0,11,25,13,10,14,1,12,21,57.1,9,13,4,9,6,31,18,0,806,70,294,386,130,23,806,14,8,57.1,6,42.9,460,1855,1001,19,11,3,24,14,600,48,2,0,0,15,9,0,14,6,13,0,0,0,56,15,3,83.3,0,0,0,670,20,6,13,0.2,0.2,0.1,12,0,480,566,84.8,38,412,14,21,9,566,84.8,7421,2176,255,278,91.7,190,210,90.5,24,52,46.2,0,0.1,0.3,5,40,3,0,38,566,518,47,14,1,0,14,19,2,480,1,10,20,10,7,12,1,6,14,42.9,8,13,2,11,6,26,12,1,670,57,130,395,152,10,670,21,9,42.9,12,57.1,412,2070,959,14,14,2,18,13,479,38,0,0,0,10,15,1,14,6,10,0,0,1,47,3,15,16.7,Tottenham,Everton,March-7-2022
1,1,0,495,23,15,8,2.6,1.9,0.6,16,5,267,370,72.2,24,230,12,15,9,370,72.2,4706,1864,115,136,84.6,106,130,81.5,31,72,43.1,1,0.6,0.2,5,20,6,2,24,370,326,42,13,1,2,11,20,2,267,2,10,23,17,11,7,5,5,15,33.3,10,8,0,8,15,38,30,0,495,73,201,204,93,14,494,15,9,60.0,6,40.0,230,1265,611,12,4,3,18,4,264,23,2,0,0,13,14,2,11,15,17,1,0,0,55,13,19,40.6,0,0,0,587,10,9,10,0.8,0.8,0.6,23,1,377,497,75.9,42,323,22,15,10,497,75.9,5913,2338,216,243,88.9,131,178,73.6,24,53,45.3,0,0.6,0.7,9,33,6,2,42,497,437,59,13,2,3,28,29,10,377,1,11,10,5,4,6,0,6,15,40.0,9,10,1,9,9,19,8,0,587,30,115,310,165,27,587,15,10,66.7,5,33.3,323,1568,769,22,12,4,12,18,370,42,3,0,0,14,12,1,28,9,5,0,1,0,62,19,13,59.4,Wolves,Southampton,January-15-2022
0,0,0,887,13,11,8,3.0,3.0,1.9,40,6,721,788,91.5,66,720,33,28,16,788,91.5,12245,3455,328,343,95.6,327,347,94.2,55,71,77.5,3,1.9,1.4,16,43,15,2,66,788,746,42,14,4,4,18,14,9,721,0,8,13,8,6,5,2,9,18,50.0,9,8,2,6,11,24,9,0,887,78,256,407,231,44,887,28,16,57.1,12,42.9,720,3389,1805,33,22,9,9,4,712,65,0,0,0,10,14,0,18,11,8,0,0,0,46,4,8,33.3,0,0,0,458,16,11,15,0.5,0.5,0.2,9,2,285,352,81.0,25,270,12,18,9,352,81.0,4987,1870,135,152,88.8,113,133,85.0,29,44,65.9,1,0.2,0.3,2,22,5,0,25,352,313,38,10,0,5,9,9,3,285,1,8,16,7,11,5,0,12,28,42.9,16,15,8,7,11,27,21,1,458,78,213,173,77,17,458,18,9,50.0,9,50.0,270,1301,607,12,6,4,12,4,285,25,1,0,0,14,9,1,9,11,7,0,0,0,38,8,4,66.7,Manchester City,Manchester Utd,March-6-2022
0,0,0,490,20,15,13,1.4,1.4,1.4,26,2,261,363,71.9,28,278,14,18,6,363,71.9,4054,1834,135,153,88.2,84,110,76.4,22,61,36.1,1,1.4,1.2,12,21,7,2,28,363,325,33,8,4,0,12,15,3,261,5,6,20,14,7,9,4,7,17,41.2,10,13,5,8,15,35,18,1,490,57,146,236,118,16,490,18,6,33.3,12,66.7,278,1727,880,14,13,2,13,16,256,28,3,0,0,8,7,5,12,15,14,0,0,0,60,11,12,47.8,0,0,0,756,28,9,9,0.6,0.6,0.5,18,0,522,639,81.7,43,413,30,17,10,639,81.7,9214,2838,204,231,88.3,238,268,88.8,45,82,54.9,0,0.5,0.6,8,33,12,1,43,639,586,51,13,2,6,16,25,6,522,2,10,28,16,13,13,2,12,18,66.7,6,9,4,5,9,37,16,0,756,54,199,409,153,28,756,17,10,58.8,7,41.2,413,2245,1145,30,24,7,18,13,516,42,1,0,0,7,6,2,16,9,16,0,0,0,62,12,11,52.2,Burnley,Wolves,April-24-2022
0,0,0,699,17,4,9,1.9,1.9,1.6,32,2,479,597,80.2,53,402,18,13,10,597,80.2,8693,2904,203,229,88.6,229,271,84.5,42,78,53.8,1,1.6,1.2,15,51,12,1,53,597,549,44,8,1,5,17,25,3,479,4,5,17,11,9,7,1,9,18,50.0,9,9,2,7,4,21,17,0,699,52,202,337,168,27,699,13,10,76.9,3,23.1,402,2304,1191,18,9,9,18,6,476,53,1,0,0,9,8,4,17,4,11,0,0,0,52,20,15,57.1,0,0,0,550,9,16,11,0.3,0.3,0.1,10,0,328,452,72.6,35,288,10,18,9,452,72.6,5578,2182,161,186,86.6,125,150,83.3,27,73,37.0,0,0.1,0.2,3,18,3,0,35,452,399,52,13,0,5,15,20,3,328,1,10,9,7,3,3,3,3,13,23.1,10,11,6,5,16,25,13,0,550,81,197,243,118,12,550,18,9,50.0,9,50.0,288,1809,653,10,13,4,16,8,326,34,1,0,0,8,9,1,15,16,7,0,0,0,54,15,20,42.9,Manchester Utd,West Ham,January-22-2022
0,0,0,793,10,9,7,0.7,0.7,0.6,17,5,625,714,87.5,51,489,21,14,6,714,87.5,11180,3421,266,287,92.7,279,311,89.7,65,86,75.6,2,0.6,0.8,7,35,9,3,51,714,663,50,14,3,9,21,24,5,625,1,5,10,7,5,4,1,5,16,31.3,11,7,4,3,9,19,8,0,793,56,273,382,144,21,793,14,6,42.9,8,57.1,489,2229,1141,21,13,6,20,5,621,50,2,0,0,11,9,1,21,9,7,0,0,0,52,18,12,60.0,0,0,0,464,13,7,4,0.7,0.7,0.5,15,0,291,376,77.4,17,296,10,16,11,376,77.4,5004,1688,159,179,88.8,100,116,86.2,29,70,41.4,0,0.5,0.8,5,14,4,3,17,376,336,36,10,2,2,9,14,2,291,4,3,13,7,7,5,1,8,14,57.1,6,4,1,3,7,20,19,2,464,52,159,241,68,10,464,16,11,68.8,5,31.3,296,1315,569,10,9,2,13,5,289,17,2,0,0,10,10,4,9,7,7,0,0,1,47,12,18,40.0,Wolves,Watford,March-10-2022
0,0,0,530,23,6,12,2.4,2.4,2.3,26,5,271,397,68.3,34,238,14,14,7,397,68.3,5114,2053,118,140,84.3,111,147,75.5,36,88,40.9,3,2.3,1.5,11,26,9,6,34,397,343,54,14,1,2,25,28,6,271,0,7,23,9,13,7,3,13,23,56.5,10,12,2,10,6,29,25,1,530,67,181,211,140,19,530,14,7,50.0,7,50.0,238,1368,693,14,7,2,18,14,268,34,2,0,0,13,14,0,25,6,9,0,0,0,50,24,19,55.8,0,0,0,539,21,5,8,0.8,0.8,0.8,10,2,283,424,66.7,21,281,13,23,10,424,66.7,4650,1784,136,174,78.2,119,160,74.4,16,60,26.7,1,0.8,0.8,4,19,5,2,21,424,364,60,12,4,1,22,26,8,283,0,10,21,12,10,7,4,7,14,50.0,7,8,3,5,5,26,22,0,539,46,159,242,145,24,539,23,10,43.5,13,56.5,281,1429,740,13,11,7,15,10,282,21,0,0,0,15,11,0,22,5,12,0,0,0,40,19,24,44.2,Everton,Southampton,August-14-2021
0,0,0,442,20,12,17,0.8,0.8,0.3,10,2,207,301,68.8,11,205,10,17,8,301,68.8,3894,1757,81,97,83.5,102,130,78.5,22,57,38.6,1,0.3,0.2,4,12,1,0,11,301,266,33,5,0,3,5,12,2,207,2,11,20,14,14,5,1,12,27,44.4,15,17,7,10,12,32,42,0,442,116,268,129,51,7,442,17,8,47.1,9,52.9,205,1083,445,10,7,1,15,12,205,11,3,0,0,13,4,2,5,12,14,0,0,0,52,11,13,45.8,0,0,0,937,21,8,11,1.8,1.8,1.6,39,2,725,839,86.4,86,715,43,27,15,839,86.4,12301,3661,353,387,91.2,308,350,88.0,54,72,75.0,1,1.6,1.5,15,79,17,2,86,839,794,45,15,2,7,45,15,11,725,0,15,21,10,4,11,6,9,17,52.9,8,11,1,10,8,29,5,0,937,30,170,407,369,45,937,27,15,55.6,12,44.4,715,3625,1858,43,35,11,16,8,722,85,0,0,0,5,13,0,45,8,10,0,0,0,61,13,11,54.2,Southampton,Manchester City,January-22-2022
0,0,0,702,14,5,7,2.8,2.8,2.7,49,4,471,585,80.5,51,415,26,12,4,585,80.5,7505,2782,240,268,89.6,180,206,87.4,34,75,45.3,2,2.7,1.9,23,32,12,4,51,585,527,55,19,2,4,28,21,8,471,3,9,14,8,9,4,1,5,14,35.7,9,7,1,6,5,19,24,0,702,66,208,314,185,48,702,12,4,33.3,8,66.7,415,2031,1171,26,12,9,12,10,468,50,0,0,0,6,12,3,28,5,8,0,0,0,49,24,24,50.0,0,0,0,429,18,11,13,0.9,0.9,0.9,15,0,202,317,63.7,18,130,11,14,9,317,63.7,4352,2014,81,102,79.4,68,98,69.4,45,91,49.5,0,0.9,0.5,8,23,6,3,18,317,254,56,9,0,3,19,27,4,202,7,7,18,9,8,7,3,8,12,66.7,4,13,8,5,11,29,23,0,429,67,138,171,127,15,429,14,9,64.3,5,35.7,130,881,372,11,11,3,16,9,201,18,0,0,0,12,6,7,19,11,9,0,0,0,38,24,24,50.0,Liverpool,Burnley,August-21-2021
0,0,0,468,15,12,13,1.0,1.0,0.9,18,0,220,351,62.7,33,213,10,16,10,351,62.7,4725,2273,82,110,74.5,103,139,74.1,33,87,37.9,0,0.9,0.5,8,27,6,2,33,351,307,42,5,0,2,30,21,5,220,2,8,15,7,7,4,4,7,14,50.0,7,13,5,8,12,27,27,0,468,60,158,197,116,9,468,16,10,62.5,6,37.5,213,1146,500,10,9,1,17,9,218,33,2,0,0,16,6,2,30,12,7,0,0,0,62,21,35,37.5,0,0,0,633,15,12,6,1.8,1.8,1.7,21,2,390,532,73.3,51,279,21,14,7,532,73.3,7006,2918,163,198,82.3,176,212,83.0,40,81,49.4,1,1.7,1.2,11,33,8,1,51,532,482,50,18,3,4,26,13,8,390,0,8,15,10,10,4,1,6,16,37.5,10,6,1,5,12,27,28,0,633,60,218,275,143,30,633,14,7,50.0,7,50.0,279,1736,1132,21,11,7,2,8,383,50,2,0,0,6,16,0,26,12,10,0,0,0,59,35,21,62.5,Watford,Southampton,October-30-2021
0,0,0,500,12,15,10,1.5,1.5,1.1,25,3,264,395,66.8,34,200,14,18,14,395,66.8,4486,2104,127,157,80.9,105,138,76.1,23,64,35.9,1,1.1,1.1,13,23,11,3,34,395,348,46,13,1,2,15,21,2,264,1,8,12,8,3,6,3,5,17,29.4,12,10,3,7,15,27,17,1,500,49,138,224,149,27,500,18,14,77.8,4,22.2,200,1399,616,14,18,3,16,7,260,34,1,0,0,14,11,1,15,15,8,0,0,0,67,23,35,39.7,0,0,0,604,11,7,9,1.6,1.6,0.8,23,3,357,491,72.7,32,318,16,17,12,491,72.7,6248,2650,159,209,76.1,141,174,81.0,40,72,55.6,1,0.8,0.5,9,18,5,2,32,491,438,51,14,0,2,19,24,4,357,2,7,11,8,6,5,0,4,18,22.2,14,9,4,5,7,18,18,1,604,80,246,254,109,26,604,17,12,70.6,5,29.4,318,1332,640,16,10,9,21,7,355,32,3,0,0,11,14,2,19,7,8,0,0,0,59,35,23,60.3,Southampton,Leicester City,December-1-2021
0,0,0,651,16,9,15,1.1,1.1,1.0,40,0,444,543,81.8,48,280,15,8,6,543,81.8,7911,2825,205,229,89.5,171,198,86.4,49,81,60.5,0,1.0,1.0,18,33,12,2,48,543,502,40,6,5,2,26,18,8,444,1,10,16,5,7,6,3,8,14,57.1,6,15,1,14,9,25,14,0,651,52,154,297,204,28,651,8,6,75.0,2,25.0,280,1521,819,15,18,2,18,6,441,48,2,0,0,8,5,1,26,9,5,0,0,0,57,16,7,69.6,0,0,0,503,8,11,15,0.4,0.4,0.3,16,0,295,394,74.9,33,271,19,14,6,394,74.9,5076,2064,121,149,81.2,149,166,89.8,18,55,32.7,0,0.3,0.4,5,23,6,0,33,394,347,46,8,1,0,12,16,5,295,1,15,8,5,3,5,0,2,8,25.0,6,15,7,8,11,19,20,0,503,71,211,184,114,16,503,14,6,42.9,8,57.1,271,1281,659,19,11,3,24,8,292,33,1,0,0,5,8,1,12,11,5,0,0,0,46,7,16,30.4,Brighton,Arsenal,October-2-2021
0,0,0,603,14,14,12,0.6,0.6,0.3,17,2,371,476,77.9,40,258,20,19,12,476,77.9,6155,2232,178,204,87.3,147,174,84.5,30,69,43.5,0,0.3,0.6,7,23,9,2,40,476,423,53,14,0,1,24,19,10,371,0,4,14,11,5,8,1,5,14,35.7,9,12,4,8,14,28,27,0,603,75,206,259,147,22,603,19,12,63.2,7,36.8,258,1610,841,20,14,4,21,15,367,39,2,0,0,12,12,0,24,14,11,0,0,0,55,20,24,45.5,0,0,0,494,22,11,5,0.6,0.6,0.5,27,0,262,377,69.5,35,267,17,14,9,377,69.5,4850,2223,104,133,78.2,112,140,80.0,32,63,50.8,0,0.5,0.9,11,28,12,2,35,377,327,48,11,0,3,23,22,8,262,2,10,22,10,15,4,3,7,19,36.8,12,5,2,3,11,33,21,0,494,57,157,181,159,26,494,14,9,64.3,5,35.7,267,1348,670,17,7,7,20,9,260,34,2,0,0,12,12,2,23,11,10,0,0,0,50,24,20,54.5,Southampton,Aston Villa,November-5-2021
1,1,0,533,18,15,6,1.5,0.7,0.5,22,2,311,421,73.9,26,306,13,14,6,421,73.9,5696,2049,133,157,84.7,135,168,80.4,35,77,45.5,0,0.5,0.4,8,16,7,4,26,421,364,55,9,1,3,23,24,9,311,2,6,18,15,7,10,1,9,23,39.1,14,6,1,5,15,33,20,0,533,60,200,219,120,11,532,14,6,42.9,8,57.1,306,1555,877,13,13,0,20,9,311,26,2,0,0,8,9,2,23,15,15,1,0,0,42,13,14,48.1,0,0,0,608,17,9,9,1.5,1.5,0.6,16,3,392,520,75.4,32,308,28,23,14,520,75.4,6578,2223,190,218,87.2,165,197,83.8,28,75,37.3,2,0.6,0.2,5,23,4,1,32,520,467,51,10,0,8,19,21,9,392,2,8,17,12,7,6,4,8,14,57.1,6,9,4,5,9,26,17,0,608,64,205,309,97,16,608,23,14,60.9,9,39.1,308,1805,984,28,12,4,7,9,388,32,1,0,0,9,7,2,19,9,12,0,1,0,50,14,13,51.9,Norwich City,Leicester City,August-28-2021
0,0,0,796,19,4,12,2.6,2.6,1.5,36,7,602,686,87.8,66,446,35,16,7,686,87.8,10168,2721,294,327,89.9,245,263,93.2,50,66,75.8,3,1.5,0.9,17,64,10,0,66,686,648,37,5,1,6,23,16,7,602,1,9,19,11,12,4,3,8,20,40.0,12,12,3,9,4,23,11,2,796,36,110,368,323,39,796,16,7,43.8,9,56.3,446,2741,1851,35,29,10,15,8,597,66,1,0,0,9,2,1,23,4,11,0,0,0,47,7,6,53.8,0,0,0,523,17,13,15,0.4,0.4,0.3,18,2,319,397,80.4,19,269,14,20,12,397,80.4,6029,2050,143,157,91.1,127,142,89.4,42,77,54.5,1,0.3,0.2,7,19,3,1,19,397,346,48,10,0,6,10,19,3,319,3,9,17,10,14,1,2,9,16,56.3,7,15,6,9,13,30,21,1,523,89,229,198,103,12,523,20,12,60.0,8,40.0,269,1565,747,14,14,6,9,11,317,19,0,0,0,2,9,3,10,13,10,0,0,0,34,6,7,46.2,Manchester Utd,Newcastle Utd,September-11-2021
0,1,0,654,14,10,7,2.9,2.1,1.6,54,0,428,551,77.7,60,446,22,18,10,551,77.7,7087,2430,222,244,91.0,157,195,80.5,38,78,48.7,0,1.6,1.2,21,45,17,4,60,551,492,58,10,0,9,37,30,11,428,1,13,14,11,5,9,0,6,9,66.7,3,7,3,4,10,24,12,0,654,37,109,262,289,42,653,18,10,55.6,8,44.4,446,1822,927,22,20,5,18,9,421,59,1,0,0,12,9,1,37,10,11,0,0,0,56,14,18,43.8,0,0,0,455,17,11,22,0.4,0.4,0.3,10,0,215,330,65.2,16,219,11,9,3,330,65.2,3621,1636,106,136,77.9,72,102,70.6,25,66,37.9,0,0.3,0.5,3,8,3,0,16,330,276,53,12,0,2,10,23,2,215,1,4,17,7,10,7,0,8,18,44.4,10,22,9,13,11,28,37,0,455,91,230,167,62,13,455,9,3,33.3,6,66.7,219,1214,591,11,6,4,13,8,214,16,1,0,0,11,11,1,10,11,7,0,1,0,50,18,14,56.3,Brighton,Norwich City,April-2-2022
0,0,0,623,25,13,10,1.0,1.0,1.0,13,4,415,494,84.0,24,412,15,19,13,494,84.0,6829,2184,200,218,91.7,165,187,88.2,33,58,56.9,2,1.0,0.4,7,25,2,0,24,494,457,35,6,2,2,5,23,0,415,2,8,25,17,14,9,2,15,32,46.9,17,10,3,7,13,38,33,0,623,66,207,319,107,10,623,19,13,68.4,6,31.6,412,1995,916,15,24,7,19,8,411,24,0,0,0,15,5,2,5,13,17,0,0,0,53,11,14,44.0,0,0,0,548,14,11,9,0.6,0.6,0.3,13,1,354,463,76.5,21,351,16,32,17,463,76.5,5741,1973,183,211,86.7,103,129,79.8,40,74,54.1,1,0.3,0.4,5,20,2,1,21,463,408,54,16,1,9,26,27,4,354,1,11,14,9,5,8,1,6,19,31.6,13,9,1,8,11,25,4,0,548,32,137,265,156,19,548,32,17,53.1,15,46.9,351,1295,554,16,14,6,13,10,353,21,2,0,0,5,15,1,26,11,9,0,0,0,52,14,11,56.0,Wolves,Newcastle Utd,October-2-2021
0,0,0,485,16,13,16,0.5,0.5,0.5,12,4,243,371,65.5,25,232,14,8,4,371,65.5,4242,1663,124,155,80.0,83,119,69.7,28,75,37.3,2,0.5,0.4,7,23,5,1,25,371,326,45,10,0,4,19,18,5,243,0,4,16,8,7,7,2,8,27,29.6,19,16,7,9,13,29,22,1,485,74,174,179,138,15,485,8,4,50.0,4,50.0,232,1347,558,14,11,3,17,6,242,25,3,0,0,8,9,0,19,13,8,0,0,0,59,23,24,48.9,0,0,0,734,10,14,4,1.0,1.0,0.9,27,2,496,615,80.7,61,410,26,27,19,615,80.7,8425,2592,240,268,89.6,194,234,82.9,48,85,56.5,1,0.9,0.9,13,52,11,2,61,615,579,35,8,1,8,26,13,7,496,1,8,10,8,3,4,3,4,8,50.0,4,4,2,2,14,24,16,0,734,40,183,352,205,36,734,27,19,70.4,8,29.6,410,2350,1269,26,17,7,19,8,490,59,2,0,0,9,8,1,26,14,8,0,0,0,74,24,23,51.1,Norwich City,Southampton,November-20-2021
0,0,0,531,20,13,21,0.9,0.9,0.5,13,0,259,406,63.8,23,206,17,18,13,406,63.8,5245,2439,99,132,75.0,104,147,70.7,45,91,49.5,0,0.5,0.9,5,20,5,2,23,406,347,55,16,2,3,22,26,6,259,4,11,20,12,9,7,4,7,12,58.3,5,21,9,12,13,33,15,1,531,62,167,242,131,28,531,18,13,72.2,5,27.8,206,1280,588,17,13,7,20,7,253,23,1,0,0,10,13,4,22,13,12,0,0,0,69,25,21,54.3,0,0,0,619,12,8,10,1.5,1.5,0.7,37,4,346,493,70.2,27,297,18,12,5,493,70.2,5324,2177,183,225,81.3,120,152,78.9,27,73,37.0,2,0.7,0.6,12,26,7,2,27,493,431,59,13,0,2,18,26,8,346,3,12,12,10,3,8,1,5,18,27.8,13,10,3,7,8,20,31,0,619,68,223,252,149,31,619,12,5,41.7,7,58.3,297,1490,745,18,9,7,12,13,345,27,1,0,0,13,10,3,18,8,10,0,0,0,67,21,25,45.7,Burnley,Leicester City,March-1-2022
0,0,0,779,13,6,7,2.9,2.9,2.8,38,8,530,665,79.7,51,348,26,16,8,665,79.7,9070,3864,245,288,85.1,219,259,84.6,49,81,60.5,3,2.8,1.4,16,36,12,3,51,665,616,47,15,2,6,16,23,5,530,2,11,13,10,4,9,0,11,18,61.1,7,7,3,4,6,19,22,0,779,79,244,360,181,40,779,16,8,50.0,8,50.0,348,1553,875,26,17,10,20,8,527,51,0,0,0,7,14,2,16,6,10,0,0,0,68,14,20,41.2,0,0,0,499,16,13,15,1.0,1.0,0.6,9,0,243,372,65.3,20,237,15,18,7,372,65.3,4072,1922,128,162,79.0,83,111,74.8,23,80,28.8,0,0.6,0.4,4,19,3,1,20,372,319,51,9,3,2,14,17,7,243,2,4,16,6,9,7,0,8,16,50.0,8,15,5,10,13,29,30,0,499,78,192,220,91,18,499,18,7,38.9,11,61.1,237,1168,524,15,6,4,16,2,241,20,1,0,0,14,7,2,14,13,6,0,0,0,64,20,14,58.8,Liverpool,Southampton,November-27-2021
0,0,0,369,14,17,12,0.8,0.8,0.7,11,2,140,238,58.8,14,167,10,11,4,238,58.8,2695,1272,55,75,73.3,57,74,77.0,20,66,30.3,1,0.7,0.2,6,11,2,0,14,238,196,40,5,1,1,10,13,6,140,2,7,14,7,8,4,2,6,17,35.3,11,12,4,8,17,31,35,1,369,73,165,121,85,13,369,11,4,36.4,7,63.6,167,904,357,10,6,2,12,5,138,14,2,0,0,6,6,2,10,17,7,0,0,0,43,18,19,48.6,0,0,0,830,12,5,12,1.7,1.7,0.8,43,0,617,720,85.7,78,543,30,17,11,720,85.7,9636,2790,327,354,92.4,249,279,89.2,27,51,52.9,0,0.8,1.0,16,56,17,4,78,720,675,45,7,2,3,31,26,8,617,0,9,12,7,9,0,3,7,11,63.6,4,12,5,7,5,17,20,0,830,46,166,334,334,30,830,17,11,64.7,6,35.3,543,3421,1886,30,26,3,14,8,613,78,1,0,0,6,6,0,31,5,7,0,0,0,42,19,18,51.4,Southampton,Arsenal,April-16-2022
0,0,0,619,13,8,9,1.2,1.2,1.1,27,0,378,517,73.1,46,318,15,22,14,517,73.1,6890,2723,191,215,88.8,120,163,73.6,57,109,52.3,0,1.1,1.3,11,37,13,5,46,517,472,43,3,1,8,45,26,9,378,2,15,13,7,3,6,4,10,22,45.5,12,9,5,4,8,21,17,1,619,54,136,261,230,28,619,22,14,63.6,8,36.4,318,1596,800,15,11,3,15,8,375,46,5,0,0,13,3,2,45,8,7,0,0,0,64,27,15,64.3,0,0,0,541,16,7,18,0.6,0.6,0.3,16,0,283,400,70.8,23,280,16,22,12,400,70.8,5254,2277,132,152,86.8,104,147,70.7,37,79,46.8,0,0.3,0.7,6,15,9,0,23,400,351,48,13,2,7,19,17,5,283,1,5,16,12,8,7,1,8,22,36.4,14,18,7,11,7,23,47,1,541,105,265,191,92,25,541,22,12,54.5,10,45.5,280,1492,845,16,7,4,16,3,280,23,2,0,0,3,13,1,19,7,12,0,0,0,55,15,27,35.7,Burnley,Norwich City,October-2-2021
0,0,0,734,16,4,14,1.5,1.5,0.9,29,2,488,618,79.0,50,461,24,19,14,618,79.0,8182,2570,219,252,86.9,222,265,83.8,32,69,46.4,0,0.9,0.7,13,38,15,3,50,618,568,48,12,1,4,21,30,1,488,2,8,16,7,4,11,1,3,13,23.1,10,14,2,12,4,20,10,1,734,71,224,349,166,36,734,19,14,73.7,5,26.3,461,2249,1135,24,11,7,21,25,485,49,2,0,0,15,11,2,21,4,7,0,0,0,66,19,15,55.9,0,0,0,537,30,13,10,1.2,1.2,0.7,13,3,275,406,67.7,25,204,13,13,10,406,67.7,5216,2203,115,152,75.7,113,141,80.1,38,85,44.7,1,0.7,0.2,5,14,0,0,25,406,357,48,17,0,4,9,14,3,275,1,11,30,12,13,14,3,5,19,26.3,14,10,4,6,13,43,29,0,537,87,222,252,73,14,537,13,10,76.9,3,23.1,204,1046,462,13,6,4,21,13,274,25,3,0,0,11,15,1,9,13,12,0,0,0,72,15,19,44.1,Crystal Palace,Leicester City,October-3-2021
0,0,0,1048,15,10,12,2.0,2.0,2.0,23,8,850,946,89.9,60,629,22,13,7,946,89.9,14733,4554,390,413,94.4,384,408,94.1,69,102,67.6,4,2.0,2.1,13,60,13,1,60,946,900,43,8,3,4,17,21,9,850,3,8,15,11,4,9,2,4,11,36.4,7,12,1,11,10,25,7,0,1048,70,258,566,231,31,1048,13,7,53.8,6,46.2,629,2729,1446,22,21,7,14,16,846,59,1,0,0,3,6,3,17,10,11,0,0,0,57,11,9,55.0,0,0,0,478,22,16,11,0.1,0.1,0.1,4,0,278,379,73.4,18,283,12,11,7,379,73.4,4782,1830,138,162,85.2,106,131,80.9,25,58,43.1,0,0.1,0.3,2,16,1,0,18,379,347,30,6,3,0,6,12,2,278,2,12,22,14,14,6,2,6,13,46.2,7,11,3,8,16,38,15,0,478,66,213,210,61,7,478,11,7,63.6,4,36.4,283,1337,648,12,11,5,18,11,276,18,2,0,0,6,3,2,6,16,14,0,0,0,63,9,11,45.0,Liverpool,Manchester Utd,April-19-2022
0,0,0,504,18,14,10,0.9,0.9,0.7,22,2,280,382,73.3,18,248,14,25,14,382,73.3,4824,2109,134,157,85.4,103,131,78.6,26,59,44.1,1,0.7,0.5,8,17,5,0,18,382,330,50,15,1,1,6,26,2,280,2,9,18,12,8,10,0,9,14,64.3,5,10,2,8,14,32,23,1,504,47,182,238,92,17,504,25,14,56.0,11,44.0,248,1484,582,14,12,6,18,9,278,18,1,0,0,12,12,2,6,14,12,0,0,0,51,21,20,51.2,0,0,0,749,20,7,15,0.5,0.5,0.4,17,0,523,643,81.3,26,463,6,14,5,643,81.3,8361,2596,286,314,91.1,203,233,87.1,30,76,39.5,0,0.4,0.5,8,29,9,3,26,643,595,45,14,0,4,21,20,5,523,3,9,20,10,5,11,4,11,25,44.0,14,15,6,9,7,27,14,0,749,76,219,401,132,17,749,14,5,35.7,9,64.3,463,2121,1112,6,15,0,11,9,520,26,1,0,0,12,12,3,21,7,10,0,0,0,54,20,21,48.8,Newcastle Utd,Crystal Palace,April-20-2022
0,0,0,808,24,4,12,2.0,2.0,1.4,35,5,607,703,86.3,70,575,24,21,9,703,86.3,10713,3325,256,280,91.4,268,289,92.7,65,95,68.4,2,1.4,1.5,14,43,17,4,70,703,660,42,4,1,6,33,25,10,607,1,12,24,17,10,10,4,14,22,63.6,8,12,0,12,4,28,11,0,808,42,177,441,202,43,808,21,9,42.9,12,57.1,575,2945,1630,24,26,8,17,7,603,70,0,0,0,10,5,1,33,4,17,0,0,0,54,15,5,75.0,0,0,0,527,19,5,14,1.1,1.1,1.0,14,0,310,384,80.7,22,329,18,22,8,384,80.7,5293,1953,170,188,90.4,103,119,86.6,32,58,55.2,0,1.0,0.4,7,19,6,2,22,384,340,44,11,1,6,8,18,2,310,0,10,19,12,8,9,2,12,21,57.1,9,14,7,7,5,24,37,0,527,96,257,184,94,18,527,22,8,36.4,14,63.6,329,1960,897,18,11,2,15,10,308,22,0,0,0,5,10,0,8,5,12,0,0,0,48,5,15,25.0,Leicester City,Norwich City,May-11-2022
0,0,1,562,12,15,6,0.8,0.8,0.8,24,1,345,452,76.3,30,349,15,10,7,452,76.3,6023,2478,151,175,86.3,158,192,82.3,31,65,47.7,1,0.8,0.5,12,19,6,1,30,452,403,49,15,0,1,13,19,3,345,0,7,12,8,7,5,0,6,14,42.9,8,6,2,4,15,27,24,0,562,64,198,290,79,17,562,10,7,70.0,3,30.0,349,1733,937,15,10,3,16,7,344,30,4,1,1,11,13,0,13,15,8,0,1,0,57,28,16,63.6,1,1,0,565,10,14,8,1.3,0.5,0.3,23,3,347,479,72.4,42,341,14,14,8,479,72.4,5754,2280,158,189,83.6,140,178,78.7,28,74,37.8,0,0.3,0.5,6,32,6,0,42,479,432,45,10,4,3,14,20,2,347,2,5,10,6,1,7,2,3,10,30.0,7,8,1,7,14,24,8,1,565,47,143,289,135,20,564,14,8,57.1,6,42.9,341,1647,803,14,14,8,13,6,344,42,1,0,0,13,9,2,14,14,6,1,0,0,65,16,28,36.4,Brentford,Leeds United,May-22-2022
0,0,0,752,15,11,24,0.5,0.5,0.5,17,2,535,629,85.1,36,485,19,20,7,629,85.1,8581,2790,261,286,91.3,238,269,88.5,26,45,57.8,1,0.5,0.9,8,23,7,2,36,629,570,54,14,4,0,7,26,5,535,5,7,15,11,5,8,2,11,32,34.4,21,24,7,17,11,26,17,2,752,73,248,373,134,14,752,20,7,35.0,13,65.0,485,2041,1052,19,14,4,18,7,531,36,1,0,0,6,10,5,7,11,11,0,0,0,48,10,12,45.5,0,0,0,608,20,13,8,1.3,1.3,1.1,28,0,396,490,80.8,42,348,24,32,21,490,80.8,8088,2756,119,141,84.4,210,232,90.5,61,84,72.6,0,1.1,0.8,12,35,9,3,42,490,445,41,11,2,5,16,21,4,396,4,19,20,10,12,7,1,13,20,65.0,7,8,1,7,13,33,16,0,608,57,216,289,110,27,608,32,21,65.6,11,34.4,348,2084,1117,24,10,7,16,4,395,42,2,0,0,10,6,4,16,13,10,0,0,0,58,12,10,54.5,Leicester City,Wolves,August-14-2021
0,0,0,646,17,12,16,0.8,0.8,0.7,16,0,422,539,78.3,35,340,24,20,14,539,78.3,7174,2680,205,240,85.4,154,179,86.0,44,76,57.9,0,0.7,0.2,7,34,3,2,35,539,487,50,9,0,3,21,23,3,422,2,11,17,10,9,6,2,12,24,50.0,12,16,6,10,12,29,15,0,646,63,178,308,166,17,646,20,14,70.0,6,30.0,340,2025,1112,24,12,4,13,7,422,35,3,0,0,9,8,2,21,12,10,0,0,0,50,13,12,52.0,0,0,0,624,13,9,13,0.7,0.7,0.6,31,2,404,509,79.4,49,330,22,24,12,509,79.4,7307,2540,194,216,89.8,146,175,83.4,53,84,63.1,0,0.6,0.8,14,31,9,1,49,509,464,42,10,1,7,21,19,8,404,3,11,13,7,9,2,2,6,20,30.0,14,13,3,10,9,22,18,0,624,54,183,264,187,22,624,24,12,50.0,12,50.0,330,2198,1102,22,23,6,15,5,401,49,1,0,0,8,9,3,21,9,7,0,0,0,57,12,13,48.0,Manchester Utd,Wolves,January-3-2022
0,0,0,717,28,13,5,2.0,2.0,1.9,25,3,492,592,83.1,43,423,15,20,14,592,83.1,8762,2766,201,224,89.7,243,274,88.7,42,71,59.2,1,1.9,1.2,11,29,9,1,43,592,540,51,14,2,2,12,30,4,492,1,9,28,14,11,15,2,13,22,59.1,9,5,0,5,13,41,11,0,717,57,248,316,155,24,717,20,14,70.0,6,30.0,423,1984,1067,15,12,4,17,26,489,42,2,0,0,14,13,1,12,13,14,0,0,0,59,15,11,57.7,0,0,0,522,32,6,10,0.3,0.3,0.2,7,0,291,395,73.7,21,234,7,22,9,395,73.7,5333,1933,144,170,84.7,101,125,80.8,41,83,49.4,0,0.2,0.4,2,23,1,0,21,395,349,45,13,1,7,10,16,6,291,1,5,32,20,20,10,2,6,20,30.0,14,10,2,8,6,38,11,0,522,54,170,254,101,18,522,22,9,40.9,13,59.1,234,1261,587,7,9,4,21,15,289,21,1,0,0,13,13,1,10,6,20,0,0,0,55,11,15,42.3,Crystal Palace,Wolves,November-6-2021
0,0,0,755,14,10,12,0.7,0.7,0.6,27,0,498,643,77.4,60,415,32,29,18,643,77.4,9425,3191,199,234,85.0,233,284,82.0,62,108,57.4,0,0.6,0.6,12,49,10,4,60,643,596,46,10,0,6,27,25,5,498,1,10,14,7,8,4,2,6,16,37.5,10,12,1,11,10,24,17,0,755,57,220,301,246,30,755,29,18,62.1,11,37.9,415,2078,1147,32,22,7,21,8,495,59,2,0,0,5,6,1,27,10,7,0,0,0,66,26,26,50.0,0,0,0,468,19,9,13,0.2,0.2,0.2,10,0,215,346,62.1,29,212,20,16,10,346,62.1,3828,1782,108,135,80.0,66,107,61.7,31,72,43.1,0,0.2,0.7,5,23,5,1,29,346,307,36,6,1,1,20,14,5,215,3,11,19,10,11,7,1,11,29,37.9,18,13,5,8,9,28,39,0,468,72,151,216,108,11,468,16,10,62.5,6,37.5,212,1418,665,20,13,1,16,8,209,26,3,0,0,7,5,3,20,9,10,0,0,0,67,26,26,50.0,Wolves,Burnley,December-1-2021
2,2,0,595,18,12,16,2.5,0.9,0.6,27,6,389,470,82.8,45,250,18,16,8,470,82.8,6859,2810,173,194,89.2,169,195,86.7,36,52,69.2,1,0.6,0.6,8,31,11,1,45,470,413,56,15,2,0,16,31,5,389,1,9,18,13,7,9,2,8,18,44.4,10,16,6,10,12,30,14,0,595,61,168,246,188,23,593,16,8,50.0,8,50.0,250,1840,1039,18,18,5,17,15,384,45,2,0,0,9,15,1,16,12,13,2,1,0,43,16,8,66.7,1,1,0,459,23,9,13,1.5,0.7,0.4,22,4,252,352,71.6,25,225,14,18,10,352,71.6,4226,1740,123,142,86.6,103,125,82.4,21,54,38.9,1,0.4,0.5,7,20,6,2,25,352,300,48,7,0,5,10,28,2,252,4,12,23,11,12,9,2,8,16,50.0,8,13,4,9,9,32,13,0,459,73,204,165,96,14,458,18,10,55.6,8,44.4,225,1414,813,14,10,5,13,10,252,25,5,0,0,15,9,4,10,9,11,1,2,0,46,8,16,33.3,Chelsea,Leeds United,December-11-2021
1,1,0,895,11,12,9,3.3,2.5,2.1,44,1,711,804,88.4,90,513,31,18,9,804,88.4,12285,3722,326,357,91.3,304,331,91.8,68,81,84.0,0,2.1,2.5,19,82,25,5,90,804,764,39,4,1,6,33,19,14,711,1,16,11,8,2,7,2,8,19,42.1,11,9,0,9,12,23,1,0,895,21,93,435,369,50,894,18,9,50.0,9,50.0,513,2714,1417,31,24,5,12,5,707,90,3,0,0,12,4,1,33,12,8,0,0,0,62,10,10,50.0,0,0,1,460,14,17,19,0.2,0.2,0.2,4,0,254,335,75.8,14,248,3,19,11,335,75.8,4474,1617,111,124,89.5,111,133,83.5,23,57,40.4,0,0.2,0.2,2,5,3,1,14,335,293,42,13,0,3,4,14,1,254,0,8,14,9,10,3,1,9,18,50.0,9,19,7,12,17,31,32,1,460,118,273,171,24,5,460,19,11,57.9,8,42.1,248,1190,630,3,2,1,14,3,249,14,4,1,1,5,10,0,4,17,9,0,1,0,46,10,10,50.0,Manchester City,Wolves,December-11-2021
0,0,0,612,11,10,8,1.4,1.4,1.4,28,4,422,525,80.4,40,321,12,8,1,525,80.4,7478,3044,181,199,91.0,182,217,83.9,45,78,57.7,2,1.4,1.9,13,28,12,3,40,525,482,42,8,2,2,22,20,4,422,1,5,11,5,9,0,2,8,16,50.0,8,8,1,7,10,21,16,0,612,71,249,217,150,34,612,8,1,12.5,7,87.5,321,1415,866,12,12,3,13,3,417,39,0,0,0,2,5,1,22,10,5,0,0,0,42,15,13,53.6,0,0,0,690,10,10,10,0.3,0.3,0.3,6,0,478,582,82.1,38,386,11,16,8,582,82.1,7587,2362,254,279,91.0,174,205,84.9,37,73,50.7,0,0.3,0.5,4,30,5,2,38,582,549,31,3,1,4,19,13,6,478,2,8,10,4,4,5,1,7,8,87.5,1,10,5,5,10,20,32,0,690,78,214,354,126,12,690,16,8,50.0,8,50.0,386,1753,892,11,9,2,11,3,477,38,1,0,0,6,2,2,19,10,4,0,0,0,48,13,15,46.4,Brentford,West Ham,April-10-2022
0,0,0,687,17,7,7,1.8,1.8,0.7,27,2,508,594,85.5,35,353,19,20,8,594,85.5,9029,2661,226,245,92.2,214,232,92.2,54,87,62.1,0,0.7,0.7,10,50,12,3,35,594,549,45,6,1,5,19,26,6,508,0,7,17,9,8,8,1,13,20,65.0,7,7,0,7,7,24,6,3,687,31,152,326,213,26,687,20,8,40.0,12,60.0,353,2182,1122,19,17,3,18,10,503,35,1,0,0,7,3,0,19,7,9,0,0,0,41,7,20,25.9,0,0,0,631,22,7,8,0.7,0.7,0.6,12,2,428,513,83.4,34,427,19,20,7,513,83.4,7748,2526,188,207,90.8,191,216,88.4,43,68,63.2,2,0.6,0.3,7,28,1,0,34,513,474,36,7,0,2,10,18,3,428,3,8,22,16,19,1,2,12,20,60.0,8,8,2,6,7,29,18,0,631,76,239,294,104,10,631,20,7,35.0,13,65.0,427,1942,1025,19,9,4,18,4,423,34,1,0,0,4,7,3,10,7,16,0,0,0,50,20,7,74.1,Arsenal,Crystal Palace,October-18-2021
0,0,0,575,15,8,14,1.6,1.6,1.3,31,2,340,480,70.8,48,333,22,12,9,480,70.8,6385,2231,134,167,80.2,157,185,84.9,36,90,40.0,1,1.3,1.1,11,35,12,6,48,480,429,49,13,1,3,33,17,10,340,2,10,15,8,4,9,2,7,12,58.3,5,14,4,10,8,23,15,0,575,43,135,261,184,29,575,12,9,75.0,3,25.0,333,1802,801,22,12,5,12,2,335,47,2,0,0,16,13,2,33,8,8,0,0,0,55,25,25,50.0,0,0,0,445,5,10,14,1.4,1.4,0.6,21,2,205,329,62.3,31,197,8,12,5,329,62.3,3616,1779,100,125,80.0,79,122,64.8,21,61,34.4,0,0.6,0.6,6,16,4,2,31,329,268,60,17,2,1,17,20,6,205,1,10,5,4,4,1,0,3,12,25.0,9,14,7,7,10,15,30,0,445,77,187,185,78,16,445,12,5,41.7,7,58.3,197,872,391,8,6,5,14,8,203,31,3,0,0,13,16,1,17,10,4,0,0,0,41,25,25,50.0,West Ham,Brentford,October-3-2021
0,1,0,735,21,9,10,2.0,1.2,1.0,34,0,500,628,79.6,54,445,13,18,8,628,79.6,9711,2718,179,222,80.6,267,294,90.8,49,90,54.4,0,1.0,0.9,11,47,13,4,54,628,579,48,8,3,7,33,24,9,500,1,11,21,12,11,7,3,11,20,55.0,9,10,1,9,9,30,10,0,735,31,181,338,219,27,734,18,8,44.4,10,55.6,445,1980,1038,13,12,2,13,7,498,54,0,0,0,11,7,1,33,9,12,1,0,0,57,19,10,65.5,0,0,0,502,17,6,13,0.2,0.2,0.2,6,2,268,374,71.7,22,273,5,20,9,374,71.7,4465,1867,140,165,84.8,104,133,78.2,19,50,38.0,1,0.2,0.6,3,23,3,0,22,374,324,48,12,0,2,7,23,0,268,2,8,17,11,10,5,2,10,18,55.6,8,13,5,8,6,23,25,1,502,73,225,179,103,7,502,20,9,45.0,11,55.0,273,1099,501,5,10,0,22,10,268,22,2,0,0,7,10,2,7,6,11,0,1,1,52,10,19,34.5,Brighton,Crystal Palace,January-14-2022
1,1,0,633,10,7,7,2.7,1.9,0.8,24,5,451,538,83.8,46,395,11,9,4,538,83.8,7472,2141,213,230,92.6,207,225,92.0,25,64,39.1,1,0.8,0.7,8,28,12,3,46,538,501,35,11,1,3,11,13,1,451,2,7,10,7,6,2,2,4,9,44.4,5,7,3,4,7,17,17,1,633,72,196,294,143,18,632,9,4,44.4,5,55.6,395,1820,816,11,7,1,11,8,450,46,3,0,0,9,12,2,11,7,7,1,1,0,42,5,15,25.0,0,1,0,545,13,9,9,1.8,1.0,0.9,24,2,358,451,79.4,29,306,16,9,5,451,79.4,5755,1917,176,205,85.9,144,171,84.2,29,56,51.8,1,0.9,0.5,11,17,5,1,29,451,402,47,10,0,2,16,19,7,358,2,5,13,10,6,6,1,5,9,55.6,4,9,2,7,9,22,17,0,545,55,195,236,121,15,544,9,5,55.6,4,44.4,306,1727,748,16,11,1,14,6,355,29,4,0,0,12,8,2,16,9,10,0,1,0,41,15,5,75.0,Arsenal,Manchester Utd,April-23-2022
0,0,0,602,23,10,11,0.7,0.7,0.5,19,2,369,475,77.7,36,351,18,14,7,475,77.7,6063,2730,195,218,89.4,128,155,82.6,34,70,48.6,1,0.5,1.2,8,40,7,1,36,475,428,46,7,1,0,20,17,10,369,1,14,23,15,12,10,1,7,21,33.3,14,11,4,7,10,33,25,0,602,71,190,269,152,28,602,14,7,50.0,7,50.0,351,1881,825,18,18,11,12,16,365,36,4,0,0,14,7,1,20,10,15,0,0,0,63,20,14,58.8,0,0,0,662,23,9,17,0.9,0.9,0.8,33,2,409,527,77.6,38,393,25,21,14,527,77.6,6803,2405,189,221,85.5,177,210,84.3,31,67,46.3,1,0.8,1.0,13,22,9,4,38,527,474,53,14,3,2,23,25,8,409,0,7,23,14,9,12,2,7,14,50.0,7,17,3,14,9,32,19,1,662,75,233,245,189,25,662,21,14,66.7,7,33.3,393,2141,1135,25,15,1,11,16,405,38,1,0,0,7,12,0,23,9,14,0,0,0,66,14,20,41.2,Chelsea,Brighton,December-29-2021
0,0,0,566,22,10,12,1.1,1.1,0.7,23,6,377,457,82.5,36,345,13,10,5,457,82.5,7541,2888,148,165,89.7,174,196,88.8,48,72,66.7,2,0.7,0.8,11,34,3,0,36,457,409,46,17,1,3,9,13,4,377,2,9,22,15,14,7,1,6,16,37.5,10,12,1,11,10,32,20,0,566,59,196,235,136,20,566,10,5,50.0,5,50.0,345,1584,768,13,19,4,14,9,375,36,2,0,0,12,12,2,9,10,15,0,0,0,48,15,11,57.7,0,0,0,617,14,8,9,1.0,1.0,1.0,18,2,445,537,82.9,27,326,18,16,10,537,82.9,7565,2376,221,236,93.6,150,176,85.2,52,84,61.9,1,1.0,0.6,8,35,4,2,27,537,477,56,14,2,4,19,27,4,445,4,10,14,11,3,9,2,5,10,50.0,5,9,1,8,8,22,9,1,617,55,158,314,149,11,617,16,10,62.5,6,37.5,326,1827,929,18,21,3,15,16,441,27,1,0,0,13,12,4,19,8,11,0,0,0,47,11,15,42.3,Arsenal,Tottenham,September-26-2021
0,0,0,560,25,6,10,0.2,0.2,0.2,8,0,352,463,76.0,37,236,13,26,15,463,76.0,6037,2267,182,210,86.7,125,157,79.6,38,73,52.1,0,0.2,0.2,3,29,4,0,37,463,412,48,16,0,11,17,20,3,352,3,11,25,18,11,13,1,11,29,37.9,18,10,4,6,6,31,14,0,560,56,188,275,107,11,560,26,15,57.7,11,42.3,236,1539,905,13,9,5,18,4,350,37,5,0,0,17,11,3,17,6,18,0,0,0,54,6,9,40.0,0,0,0,564,15,9,11,1.5,1.5,1.4,28,6,361,448,80.6,26,340,19,29,18,448,80.6,5627,2250,186,204,91.2,123,142,86.6,27,55,49.1,3,1.4,0.8,13,22,6,1,26,448,391,52,19,2,2,14,18,5,361,5,7,15,8,6,8,1,11,26,42.3,15,11,1,10,9,24,20,0,564,67,210,229,131,23,564,29,18,62.1,11,37.9,340,1928,964,19,10,5,12,14,359,26,3,0,0,11,17,5,14,9,8,0,0,0,55,9,6,60.0,Leeds United,Aston Villa,March-10-2022
0,0,0,804,19,4,13,1.3,1.3,1.2,41,2,561,687,81.7,76,511,18,11,6,687,81.7,10204,3226,240,263,91.3,255,300,85.0,57,94,60.6,1,1.2,1.5,16,68,18,3,76,687,643,44,8,0,4,46,19,11,561,0,7,19,11,7,7,5,11,20,55.0,9,13,3,10,4,23,14,0,804,40,110,373,324,39,804,11,6,54.5,5,45.5,511,2211,1205,18,23,6,10,15,560,75,3,0,0,12,7,0,46,4,11,0,0,0,69,15,12,55.6,0,0,0,539,20,13,18,0.9,0.9,0.7,15,2,282,381,74.0,29,302,20,20,9,381,74.0,5146,2010,133,144,92.4,95,122,77.9,39,77,50.6,1,0.7,1.2,6,15,9,5,29,381,329,52,12,0,5,17,20,5,282,0,12,20,12,11,9,0,5,11,45.5,6,18,13,5,13,33,53,0,539,149,308,159,75,12,539,20,9,45.0,11,55.0,302,1537,815,20,11,4,15,8,281,29,2,0,0,8,12,0,17,13,12,0,0,0,55,12,15,44.4,Liverpool,Tottenham,May-7-2022
0,0,0,562,20,15,14,0.6,0.6,0.6,10,0,344,463,74.3,34,310,14,15,9,463,74.3,5875,1893,161,189,85.2,129,157,82.2,37,80,46.3,0,0.6,0.6,4,27,9,0,34,463,415,47,8,2,4,14,26,2,344,1,8,20,12,8,10,2,7,17,41.2,10,14,0,14,15,35,12,1,562,49,173,259,137,11,562,15,9,60.0,6,40.0,310,1598,818,14,12,1,14,9,342,33,0,0,0,11,10,1,14,15,12,0,0,0,61,10,11,47.6,0,0,0,662,15,14,5,1.9,1.9,1.3,21,3,451,551,81.9,39,312,12,17,10,551,81.9,7603,2817,215,237,90.7,176,205,85.9,41,72,56.9,2,1.3,0.7,10,35,6,1,39,551,501,50,12,2,8,10,27,3,451,0,13,15,11,10,4,1,6,15,40.0,9,5,0,5,14,29,20,0,662,59,228,301,143,19,662,17,10,58.8,7,41.2,312,1496,643,12,10,5,15,13,449,39,2,0,0,10,11,0,10,14,11,0,0,0,58,11,10,52.4,Norwich City,Newcastle Utd,April-23-2022
0,0,0,359,13,10,20,0.8,0.8,0.7,15,0,131,229,57.2,17,140,15,14,8,229,57.2,2553,1432,65,81,80.2,43,64,67.2,20,62,32.3,1,0.7,0.5,7,14,6,1,17,229,185,44,13,0,2,11,20,3,131,0,9,13,10,7,4,2,5,17,29.4,12,20,5,15,10,23,25,0,359,63,137,120,103,20,359,14,8,57.1,6,42.9,140,932,509,15,6,5,13,12,129,17,3,0,0,9,11,0,11,10,10,0,0,0,48,12,12,50.0,0,0,0,882,18,5,10,0.9,0.9,0.7,30,0,666,770,86.5,64,532,28,17,12,770,86.5,10181,3227,353,379,93.1,262,291,90.0,28,47,59.6,0,0.7,1.1,13,56,12,4,64,770,725,43,8,0,2,27,15,8,666,2,17,18,6,9,8,1,6,14,42.9,8,10,1,9,5,23,18,1,882,64,219,403,263,30,882,17,12,70.6,5,29.4,532,2857,1682,28,29,3,19,8,663,64,5,0,0,12,9,2,27,5,6,0,0,0,54,12,12,50.0,Everton,Chelsea,May-1-2022
0,0,0,706,17,4,5,0.7,0.7,0.5,21,0,527,619,85.1,39,451,30,18,7,619,85.1,9889,2755,196,213,92.0,257,277,92.8,61,96,63.5,0,0.5,0.5,7,41,8,4,39,619,569,50,11,2,7,25,23,7,527,0,11,17,11,6,6,5,5,11,45.5,6,5,3,2,4,21,12,0,706,47,183,354,171,23,706,18,7,38.9,11,61.1,451,2412,1211,30,15,6,12,11,523,39,4,0,0,17,11,0,25,4,11,0,0,0,50,12,11,52.2,0,0,0,435,22,8,15,1.0,1.0,0.6,16,4,246,316,77.8,21,256,14,11,6,316,77.8,4591,1916,94,108,87.0,120,132,90.9,28,61,45.9,1,0.6,0.7,5,20,2,0,21,316,271,45,16,3,1,6,16,2,246,0,2,22,14,9,13,0,11,18,61.1,7,15,5,10,8,30,26,0,435,68,182,171,85,11,435,11,6,54.5,5,45.5,256,1327,647,14,7,4,20,12,246,21,5,0,0,11,16,0,6,8,14,0,0,0,46,11,12,47.8,Brighton,Aston Villa,February-26-2022
0,0,0,864,11,5,11,2.5,2.5,2.1,38,1,646,758,85.2,58,534,26,15,9,758,85.2,10541,3548,302,336,89.9,278,313,88.8,40,62,64.5,1,2.1,1.6,17,61,10,1,58,758,714,43,11,1,6,17,19,4,646,1,12,11,6,6,4,1,8,14,57.1,6,11,4,7,5,16,10,0,864,67,193,400,277,29,864,15,9,60.0,6,40.0,534,2820,1493,26,27,9,19,10,643,57,2,0,0,7,7,1,17,5,6,0,0,0,53,21,14,60.0,0,0,0,479,16,18,19,1.3,1.3,0.9,23,0,250,355,70.4,31,281,12,14,6,355,70.4,4626,2080,121,141,85.8,80,103,77.7,41,84,48.8,0,0.9,0.4,8,23,6,2,31,355,312,39,8,0,5,19,14,6,250,4,9,16,8,12,4,0,6,15,40.0,9,19,7,12,18,34,24,0,479,83,223,185,76,17,479,14,6,42.9,8,57.1,281,1350,557,12,5,4,17,3,246,31,1,0,0,7,7,4,19,18,8,0,0,0,55,14,21,40.0,Liverpool,West Ham,March-5-2022
0,0,0,501,16,13,17,1.6,1.6,1.4,23,2,234,361,64.8,34,204,20,18,11,361,64.8,4365,2002,103,139,74.1,82,113,72.6,36,78,46.2,1,1.4,0.5,8,21,8,2,34,361,309,52,13,0,2,19,25,4,234,0,5,16,12,12,2,2,8,17,47.1,9,17,4,13,13,29,20,0,501,53,171,212,129,22,501,18,11,61.1,7,38.9,204,1294,783,20,13,6,21,8,232,34,0,0,0,12,11,0,19,13,12,0,1,0,65,25,19,56.8,1,1,0,578,15,16,6,3.6,2.8,2.8,21,7,341,472,72.2,38,300,16,17,9,472,72.2,5612,2096,161,186,86.6,126,158,79.7,32,82,39.0,3,2.8,1.2,11,22,6,3,38,472,415,56,11,0,4,21,26,5,341,1,14,15,9,7,4,4,7,18,38.9,11,6,3,3,16,31,17,1,578,50,167,255,162,27,577,17,9,52.9,8,47.1,300,1509,767,16,11,8,18,8,336,38,1,0,0,12,12,1,21,16,9,1,0,0,73,19,25,43.2,Watford,West Ham,December-28-2021
0,0,0,552,11,7,9,0.6,0.6,0.5,17,2,319,434,73.5,37,282,21,7,3,434,73.5,5995,2159,139,163,85.3,135,171,78.9,41,76,53.9,1,0.5,0.5,9,30,5,2,37,434,391,41,8,0,6,19,22,3,319,2,10,11,8,6,5,0,3,10,30.0,7,9,6,3,7,18,32,1,552,67,176,246,135,22,552,7,3,42.9,4,57.1,282,1529,756,21,8,6,18,8,316,37,3,0,0,3,7,2,19,7,8,0,0,0,55,25,18,58.1,0,0,0,592,12,6,13,0.8,0.8,0.5,24,2,366,486,75.3,35,300,26,10,7,486,75.3,7270,2343,146,175,83.4,164,206,79.6,52,91,57.1,0,0.5,0.6,10,28,10,3,35,486,443,42,5,0,4,28,22,7,366,1,4,12,7,6,6,0,4,7,57.1,3,13,6,7,6,18,17,0,592,55,185,269,152,31,592,10,7,70.0,3,30.0,300,2055,1170,26,14,4,15,8,362,35,3,0,0,7,3,1,28,6,7,0,0,0,51,18,25,41.9,West Ham,Newcastle Utd,February-19-2022
1,1,0,753,19,5,13,3.4,2.7,2.6,43,11,582,654,89.0,55,518,28,11,8,654,89.0,8685,2891,295,314,93.9,212,234,90.6,37,59,62.7,5,2.6,1.5,21,38,10,0,55,654,611,42,15,4,1,10,15,5,582,1,7,19,12,7,9,3,5,16,31.3,11,13,1,12,5,24,4,2,753,31,153,352,251,25,752,11,8,72.7,3,27.3,518,2571,1527,28,27,7,15,9,581,55,0,0,0,14,14,1,10,5,12,0,0,0,58,10,6,62.5,0,0,1,499,12,7,9,0.1,0.1,0.1,5,0,326,409,79.7,15,241,8,16,11,409,79.7,6007,2283,146,165,88.5,132,148,89.2,42,74,56.8,0,0.1,0.1,2,12,0,0,15,409,361,48,15,2,2,2,15,0,326,0,12,12,5,8,4,0,3,11,27.3,8,9,2,7,7,19,11,0,499,87,269,190,46,2,499,16,11,68.8,5,31.3,241,1253,465,8,3,1,18,14,324,15,4,1,1,16,13,0,2,7,5,0,1,1,47,6,10,37.5,Chelsea,Norwich City,October-23-2021
0,0,0,676,17,12,11,1.9,1.9,1.5,23,4,476,577,82.5,48,380,26,19,13,577,82.5,7881,2381,226,253,89.3,214,239,89.5,27,55,49.1,1,1.5,1.4,12,36,12,3,48,577,537,39,14,4,2,18,14,3,476,1,8,17,13,8,7,2,5,12,41.7,7,11,3,8,12,29,16,3,676,53,176,355,152,23,676,19,13,68.4,6,31.6,380,2376,1172,26,14,3,7,17,475,48,1,0,0,8,13,1,18,12,13,0,0,0,58,14,12,53.8,0,0,0,611,23,15,8,1.0,1.0,0.6,18,3,399,492,81.1,29,368,25,12,7,492,81.1,7101,1960,159,177,89.8,180,201,89.6,40,75,53.3,2,0.6,0.3,8,13,5,2,29,492,444,47,8,0,8,13,23,6,399,1,8,23,11,13,8,2,6,19,31.6,13,8,0,8,15,38,19,0,611,65,203,310,99,14,611,12,7,58.3,5,41.7,368,2069,1113,25,19,9,16,12,394,29,2,0,0,13,8,1,13,15,11,0,0,0,56,12,14,46.2,Aston Villa,Manchester Utd,January-15-2022
0,0,0,640,16,11,8,0.7,0.7,0.5,26,0,447,543,82.3,46,355,15,7,6,543,82.3,7989,2191,184,204,90.2,215,233,92.3,40,82,48.8,0,0.5,0.6,10,31,9,2,46,543,499,41,9,0,4,23,16,6,447,3,8,16,10,1,9,6,9,13,69.2,4,8,5,3,11,27,12,2,640,57,153,296,199,24,640,7,6,85.7,1,14.3,355,1849,848,15,19,5,18,10,445,45,2,0,0,11,9,3,23,11,10,0,0,0,53,10,11,47.6,0,0,0,696,11,8,16,2.2,2.2,1.2,26,3,500,579,86.4,28,429,25,13,4,579,86.4,8050,2359,268,291,92.1,180,206,87.4,41,57,71.9,2,1.2,0.4,14,27,5,1,28,579,542,36,13,2,5,7,15,3,500,1,3,11,8,7,3,1,1,7,14.3,6,16,8,8,8,19,22,0,696,74,271,299,134,20,696,13,4,30.8,9,69.2,429,2395,1233,25,17,8,17,7,498,28,2,0,0,9,11,1,7,8,8,0,0,0,60,11,10,52.4,Brighton,Tottenham,March-16-2022
0,0,0,740,17,7,6,2.4,2.4,2.1,44,4,519,637,81.5,63,400,27,13,10,637,81.5,8314,3082,287,322,89.1,167,196,85.2,47,80,58.8,2,2.1,2.0,17,33,19,3,63,637,579,57,12,3,5,25,27,8,519,1,8,17,14,11,2,4,9,15,60.0,6,6,1,5,7,24,14,0,740,59,211,307,227,47,740,13,10,76.9,3,23.1,400,2484,1257,27,26,10,12,10,513,63,2,0,0,10,8,1,25,7,14,0,0,1,55,20,18,52.6,0,0,0,447,13,11,17,0.5,0.5,0.3,12,2,213,321,66.4,22,162,5,15,6,321,66.4,4176,2010,103,123,83.7,70,87,80.5,32,87,36.8,1,0.3,0.5,6,19,11,2,22,321,271,46,9,0,2,12,18,3,213,4,6,13,5,6,5,2,3,13,23.1,10,17,12,5,11,24,31,0,447,82,162,184,110,19,447,15,6,40.0,9,60.0,162,685,272,5,4,0,16,8,213,22,4,0,0,8,10,4,12,11,5,0,0,0,54,18,20,47.4,Leicester City,Burnley,September-25-2021
0,0,0,849,14,6,3,2.6,2.6,2.3,28,7,709,781,90.8,75,563,30,15,9,781,90.8,11832,3037,343,361,95.0,285,310,91.9,58,73,79.5,3,2.3,1.9,11,77,17,0,75,781,741,38,9,2,10,26,20,6,709,2,7,14,8,2,6,6,7,13,53.8,6,3,0,3,6,20,3,0,849,21,70,459,323,46,849,15,9,60.0,6,40.0,563,3169,1862,30,15,16,13,12,706,75,1,0,0,13,6,2,26,6,8,0,0,0,38,9,3,75.0,0,0,0,479,18,8,11,0.1,0.1,0.0,0,0,326,389,83.8,13,266,6,13,6,389,83.8,5294,1692,171,181,94.5,130,144,90.3,21,48,43.8,0,0.0,0.1,0,5,0,0,13,389,345,41,15,3,1,6,10,1,326,3,3,18,11,13,3,2,6,15,40.0,9,11,6,5,8,26,26,0,479,121,291,162,27,4,479,13,6,46.2,7,53.8,266,1369,603,6,8,1,6,7,325,13,0,0,0,7,13,3,6,8,11,0,0,1,28,3,9,25.0,Manchester City,Norwich City,August-21-2021
0,0,0,905,11,10,4,2.2,2.2,0.9,26,3,711,813,87.5,75,517,32,18,9,813,87.5,11067,3210,409,437,93.6,233,259,90.0,50,80,62.5,0,0.9,1.2,9,63,21,1,75,813,776,37,8,1,7,24,15,6,711,0,8,11,6,5,4,2,7,12,58.3,5,4,1,3,10,21,11,1,905,80,244,355,312,51,905,18,9,50.0,9,50.0,517,3183,1745,32,20,14,16,8,702,75,1,0,0,11,5,0,24,10,6,0,0,0,53,11,15,42.3,0,0,0,457,17,10,10,0.9,0.9,0.8,8,0,248,351,70.7,24,246,3,12,5,351,70.7,4822,2186,113,140,80.7,76,93,81.7,42,87,48.3,0,0.8,0.6,5,23,3,1,24,351,309,39,11,1,10,12,15,2,248,3,5,17,13,11,3,3,9,18,50.0,9,10,4,6,10,27,23,2,457,71,153,208,100,14,457,12,5,41.7,7,58.3,246,798,256,3,1,1,12,4,246,23,0,0,0,5,10,3,12,10,13,0,0,0,50,15,11,57.7,Manchester City,Burnley,October-16-2021
0,0,0,440,18,17,16,1.3,1.3,1.1,24,2,192,301,63.8,22,171,12,20,12,301,63.8,3310,1701,95,124,76.6,58,89,65.2,26,64,40.6,1,1.1,0.6,9,14,5,0,22,301,244,55,11,0,2,9,28,2,192,2,7,18,10,9,7,2,14,25,56.0,11,16,7,9,17,35,22,1,440,55,153,178,115,16,440,20,12,60.0,8,40.0,171,992,577,12,11,4,20,9,190,22,3,0,0,11,8,2,9,17,10,0,0,0,54,9,16,36.0,0,0,0,731,17,10,9,1.6,1.6,1.3,25,1,495,627,78.9,65,493,16,25,11,627,78.9,8765,2746,230,268,85.8,223,254,87.8,40,81,49.4,0,1.3,1.1,11,43,6,2,65,627,567,57,13,2,7,23,32,3,495,3,11,17,10,8,9,0,8,20,40.0,12,9,2,7,10,27,19,0,731,49,164,422,153,17,731,25,11,44.0,14,56.0,493,2478,1359,16,15,3,15,4,491,64,3,0,0,8,11,3,23,10,10,0,0,0,57,16,9,64.0,Newcastle Utd,Manchester Utd,December-27-2021
0,0,0,703,17,11,14,1.2,1.2,0.8,20,4,506,593,85.3,39,417,15,16,8,593,85.3,8408,2697,238,269,88.5,218,238,91.6,38,62,61.3,1,0.8,0.6,7,21,7,1,39,593,553,39,12,2,2,10,9,3,506,1,9,17,12,14,2,1,8,24,33.3,16,14,8,6,11,28,18,1,703,101,279,300,132,17,703,16,8,50.0,8,50.0,417,1830,965,15,11,3,14,12,502,39,1,0,0,6,12,1,10,11,12,0,0,0,49,9,14,39.1,0,0,0,745,20,14,12,3.2,3.2,2.4,45,6,541,625,86.6,48,538,29,24,16,625,86.6,8833,2797,268,296,90.5,223,249,89.6,40,58,69.0,3,2.4,2.0,19,36,14,2,48,625,589,36,6,5,0,18,14,8,541,0,6,20,11,7,9,4,8,16,50.0,8,12,5,7,14,34,14,1,745,50,159,402,196,39,745,24,16,66.7,8,33.3,538,2939,1691,29,24,6,15,9,540,48,2,0,0,12,5,0,18,14,11,0,0,0,54,14,9,60.9,Leicester City,Tottenham,January-19-2022
0,0,0,529,16,8,18,1.0,1.0,0.7,23,0,248,393,63.1,27,256,21,11,6,393,63.1,4203,1838,124,156,79.5,87,124,70.2,28,84,33.3,0,0.7,0.5,8,17,7,2,27,393,339,53,8,0,1,26,29,5,248,1,9,16,8,8,7,1,8,10,80.0,2,18,6,12,8,24,28,1,529,67,186,200,147,26,529,11,6,54.5,5,45.5,256,1490,716,21,13,6,18,11,242,26,1,0,0,13,9,1,26,8,8,0,0,0,68,30,23,56.6,0,0,0,568,16,8,12,1.6,1.6,0.9,23,3,296,444,66.7,24,256,9,10,2,444,66.7,5680,2482,119,159,74.8,107,150,71.3,49,88,55.7,2,0.9,0.8,8,27,10,3,24,444,385,59,13,0,6,20,27,6,296,0,12,16,9,9,5,2,5,11,45.5,6,12,2,10,8,24,23,0,568,52,157,238,176,34,568,10,2,20.0,8,80.0,256,1421,572,9,11,3,16,8,294,24,2,0,0,9,13,0,20,8,9,0,0,1,60,23,30,43.4,Watford,Burnley,April-30-2022
1,1,0,476,16,11,10,1.0,0.2,0.1,13,1,312,386,80.8,22,212,13,9,5,386,80.8,5465,2087,144,169,85.2,127,146,87.0,32,52,61.5,0,0.1,0.3,4,21,5,1,22,386,341,43,14,0,5,11,15,3,312,2,6,16,9,8,6,2,9,19,47.4,10,10,3,7,11,27,13,0,476,78,200,184,95,12,475,9,5,55.6,4,44.4,212,1471,647,13,5,2,12,11,307,22,0,0,0,8,13,2,11,11,9,0,0,0,42,4,11,26.7,0,0,0,837,15,11,7,1.8,1.8,1.4,29,6,671,741,90.6,47,507,30,19,10,741,90.6,10274,3459,358,380,94.2,248,265,93.6,38,50,76.0,3,1.4,1.4,11,49,11,0,47,741,699,41,9,2,3,12,14,8,671,1,8,15,10,12,3,0,4,9,44.4,5,7,1,6,11,26,17,0,837,62,220,408,215,35,837,19,10,52.6,9,47.4,507,2711,1495,30,25,9,10,7,668,47,2,0,0,15,8,1,12,11,10,0,1,0,40,11,4,73.3,Norwich City,Chelsea,March-10-2022
0,0,0,592,17,16,7,1.0,1.0,0.9,26,4,365,478,76.4,37,281,18,21,13,478,76.4,6441,2667,168,207,81.2,147,166,88.6,36,77,46.8,2,0.9,0.4,10,23,7,2,37,478,416,60,10,0,3,10,36,1,365,2,12,17,6,4,9,4,6,14,42.9,8,7,3,4,16,33,18,2,592,63,230,229,137,22,592,21,13,61.9,8,38.1,281,1377,679,18,7,7,12,12,363,37,1,0,0,5,12,2,10,16,6,0,0,0,61,30,9,76.9,0,0,0,709,20,18,14,1.0,1.0,1.0,31,6,491,598,82.1,52,404,13,14,8,598,82.1,7606,2455,256,283,90.5,181,208,87.0,35,77,45.5,3,1.0,0.9,14,31,13,3,52,598,564,34,7,1,3,21,15,5,491,0,5,20,13,5,12,3,8,21,38.1,13,14,3,11,18,38,15,1,709,55,198,345,173,27,709,14,8,57.1,6,42.9,404,2112,1222,13,13,5,12,11,484,51,2,0,0,12,5,0,21,18,13,0,0,0,64,9,30,23.1,Watford,Arsenal,March-6-2022
1,1,2,356,5,10,12,2.2,1.4,1.2,16,3,156,246,63.4,13,152,5,16,5,246,63.4,3677,2044,74,95,77.9,41,57,71.9,39,79,49.4,1,1.2,0.4,7,24,8,3,13,246,203,41,8,0,3,20,11,5,156,2,5,5,2,1,3,1,0,8,0.0,8,12,2,10,10,15,26,1,356,59,125,115,124,20,355,16,5,31.3,11,68.8,152,985,427,5,7,2,15,3,154,13,0,2,0,8,7,2,20,10,2,1,0,1,36,14,14,50.0,0,0,0,722,14,6,3,1.4,1.4,1.0,31,4,535,636,84.1,68,411,30,8,8,636,84.1,10612,3206,193,220,87.7,252,276,91.3,76,108,70.4,2,1.0,1.1,12,45,12,5,68,636,591,44,9,3,6,23,22,2,535,1,13,14,3,5,6,3,11,16,68.8,5,3,0,3,6,20,11,0,722,62,241,258,226,30,722,8,8,100.0,0,0.0,411,2307,1546,30,24,5,15,5,531,68,3,0,0,8,8,1,23,6,3,0,1,0,45,14,14,50.0,Everton,Brentford,May-15-2022
0,0,0,629,15,12,14,0.3,0.3,0.2,11,0,400,496,80.6,32,350,16,28,17,496,80.6,7141,2501,172,195,88.2,182,203,89.7,40,78,51.3,0,0.2,0.7,2,33,2,0,32,496,465,30,12,1,1,10,12,1,400,1,7,15,10,8,5,2,7,17,41.2,10,14,7,7,12,27,21,0,629,75,248,277,110,9,629,28,17,60.7,11,39.3,350,1782,913,16,12,1,18,14,396,29,1,0,0,5,12,1,10,12,10,0,0,0,60,21,25,45.7,0,0,0,641,25,11,8,0.7,0.7,0.6,24,0,413,538,76.8,34,374,17,17,10,538,76.8,7337,2310,188,215,87.4,152,180,84.4,52,97,53.6,0,0.6,0.8,11,25,9,5,34,538,491,46,6,0,4,29,17,13,413,1,9,25,17,13,6,6,11,28,39.3,17,8,1,7,11,36,11,0,641,31,133,319,193,34,641,17,10,58.8,7,41.2,374,1919,913,17,13,8,9,8,412,34,2,0,0,12,5,1,29,11,17,0,0,0,55,25,21,54.3,Watford,Everton,May-11-2022
0,0,0,573,17,7,13,2.5,2.5,2.1,29,1,308,446,69.1,44,296,6,11,5,446,69.1,5451,2083,144,183,78.7,123,161,76.4,36,79,45.6,1,2.1,1.3,12,29,9,2,44,446,400,43,9,3,0,19,16,6,308,3,7,17,11,4,11,2,9,23,39.1,14,13,5,8,7,24,30,0,573,67,166,253,158,33,573,11,5,45.5,6,54.5,296,1170,663,6,6,2,16,13,306,44,0,0,0,7,7,3,19,7,11,0,0,0,68,17,31,35.4,0,0,0,684,19,12,12,2.3,2.3,2.2,23,6,427,559,76.4,45,359,24,23,14,559,76.4,6944,2412,214,256,83.6,161,189,85.2,34,77,44.2,3,2.2,1.2,9,40,9,1,45,559,526,33,10,3,2,27,8,9,427,0,8,19,12,13,4,2,6,11,54.5,5,12,5,7,12,31,34,0,684,74,193,322,174,25,684,23,14,60.9,9,39.1,359,2061,1080,24,20,5,12,8,423,45,0,0,0,9,6,0,27,12,12,0,0,0,71,31,17,64.6,Brentford,Manchester Utd,January-19-2022
1,1,0,841,25,7,6,3.7,2.9,2.7,38,10,641,738,86.9,65,549,26,13,8,738,86.9,10572,2783,311,334,93.1,272,300,90.7,46,75,61.3,4,2.7,2.3,16,59,15,2,65,738,701,37,8,3,8,19,13,11,641,0,7,25,16,9,11,5,14,26,53.8,12,6,1,5,7,32,14,0,841,36,127,467,252,47,840,13,8,61.5,5,38.5,549,2629,1595,26,21,7,15,6,636,65,1,0,0,9,7,0,19,7,16,1,0,0,54,6,4,60.0,0,0,0,381,11,16,12,0.5,0.5,0.5,9,2,194,269,72.1,12,218,10,26,12,269,72.1,3402,1457,92,107,86.0,74,89,83.1,23,52,44.2,1,0.5,0.6,5,10,1,0,12,269,228,39,9,5,1,8,12,4,194,2,7,11,7,6,5,0,5,13,38.5,8,12,5,7,16,27,30,1,381,76,173,154,65,10,381,26,12,46.2,14,53.8,218,1071,457,10,11,4,16,11,191,12,0,0,0,7,9,2,8,16,7,0,1,0,44,4,6,40.0,Manchester City,Watford,April-23-2022
0,0,0,902,10,11,9,1.6,1.6,1.5,35,2,727,805,90.3,67,642,21,21,16,805,90.3,11599,3132,344,364,94.5,313,332,94.3,40,65,61.5,1,1.5,1.5,15,60,14,3,67,805,767,37,6,2,3,26,21,6,727,1,8,10,5,3,4,3,3,8,37.5,5,9,0,9,11,21,6,0,902,32,130,504,271,24,902,21,16,76.2,5,23.8,642,3080,1598,21,22,4,19,13,717,67,4,0,0,13,7,1,26,11,5,0,0,0,49,11,8,57.9,0,0,0,507,18,12,15,0.1,0.1,0.0,4,2,311,394,78.9,15,274,14,8,5,394,78.9,5318,1882,143,162,88.3,137,152,90.1,24,58,41.4,0,0.0,0.1,1,21,0,0,15,394,358,35,13,2,1,4,11,0,311,1,9,18,8,13,4,1,5,21,23.8,16,15,8,7,12,30,31,0,507,96,273,186,52,0,507,8,5,62.5,3,37.5,274,1532,720,14,6,1,12,7,309,15,1,0,0,7,13,1,4,12,8,0,0,0,45,8,11,42.1,Chelsea,Leicester City,May-19-2022
1,1,0,560,26,6,13,2.0,1.3,0.8,32,6,338,445,76.0,34,332,16,14,9,445,76.0,6497,2244,113,131,86.3,169,199,84.9,45,80,56.3,2,0.8,1.0,12,19,8,2,34,445,387,57,15,0,4,21,30,8,338,1,10,26,16,16,10,0,12,18,66.7,6,13,8,5,6,32,17,1,560,75,231,224,113,30,559,14,9,64.3,5,35.7,332,1778,914,16,11,5,12,11,336,34,1,0,0,9,13,1,21,6,16,1,0,0,50,20,14,58.8,0,0,0,548,16,5,15,0.9,0.9,0.6,21,0,327,423,77.3,35,303,7,18,6,423,77.3,6243,2464,124,146,84.9,147,172,85.5,44,77,57.1,0,0.6,0.7,8,25,7,2,35,423,372,48,10,0,3,19,21,8,327,3,8,16,8,6,8,2,5,14,35.7,9,15,7,8,5,21,24,0,548,68,203,205,148,20,548,18,6,33.3,12,66.7,303,1436,638,7,7,3,15,14,320,34,2,0,0,13,9,3,19,5,8,0,1,0,55,14,20,41.2,Crystal Palace,Norwich City,December-28-2021
0,0,0,898,32,9,13,2.3,2.3,2.2,30,4,688,770,89.4,65,604,28,17,6,770,89.4,11366,3632,355,383,92.7,263,285,92.3,60,79,75.9,2,2.2,1.3,16,63,17,2,65,770,731,39,11,2,3,13,20,3,688,0,6,32,16,10,17,5,14,21,66.7,7,13,3,10,9,41,11,0,898,43,190,472,245,33,898,17,6,35.3,11,64.7,604,2980,1676,28,22,6,11,14,686,64,0,0,0,9,8,0,13,9,16,0,0,0,62,15,9,62.5,0,0,0,421,25,14,9,0.6,0.6,0.6,15,2,224,309,72.5,22,254,8,21,7,309,72.5,4017,1869,103,121,85.1,84,105,80.0,27,54,50.0,1,0.6,0.3,6,17,7,3,22,309,275,32,8,0,2,11,11,3,224,2,10,25,13,18,7,0,11,17,64.7,6,9,4,5,14,39,17,0,421,67,183,167,76,12,421,21,7,33.3,14,66.7,254,1294,518,8,9,2,3,18,222,21,0,0,0,9,8,2,11,14,13,0,0,0,45,9,15,37.5,Chelsea,Watford,May-22-2022
0,0,0,633,20,9,18,0.5,0.5,0.2,16,0,414,510,81.2,23,408,10,14,7,510,81.2,6616,2203,206,228,90.4,146,169,86.4,34,62,54.8,0,0.2,0.3,6,19,3,3,23,510,464,46,15,2,3,13,16,5,414,0,10,20,12,11,7,2,10,18,55.6,8,18,7,11,9,29,24,0,633,81,222,302,114,14,633,14,7,50.0,7,50.0,408,1740,687,10,13,3,20,8,409,23,0,0,0,4,15,0,13,9,12,0,0,0,50,12,18,40.0,0,0,0,699,15,15,11,2.2,2.2,2.1,39,6,484,573,84.5,51,409,17,18,8,573,84.5,8036,2957,221,250,88.4,190,217,87.6,47,66,71.2,3,2.1,2.3,17,35,12,2,51,573,536,36,4,3,0,25,16,11,484,1,12,15,8,3,7,5,7,14,50.0,7,11,1,10,15,30,20,0,699,66,212,295,194,39,699,18,8,44.4,10,55.6,409,1650,819,17,18,5,16,10,472,48,1,0,0,15,4,1,25,15,8,0,0,0,52,18,12,60.0,Tottenham,Chelsea,September-19-2021
0,0,0,581,29,3,17,1.4,1.4,1.1,11,0,363,471,77.1,35,282,15,8,5,471,77.1,6145,2125,170,194,87.6,156,184,84.8,28,62,45.2,0,1.1,0.7,4,20,8,1,35,471,424,44,4,2,5,16,26,3,363,3,9,29,13,16,10,3,18,41,43.9,23,17,7,10,3,32,13,0,581,100,303,200,84,24,581,8,5,62.5,3,37.5,282,1439,778,15,6,6,11,6,361,35,1,0,0,13,3,3,16,3,13,0,0,0,55,9,12,42.9,0,0,0,787,9,9,14,2.4,2.4,2.3,35,8,572,660,86.7,50,454,26,41,23,660,86.7,9428,2969,282,301,93.7,213,239,89.1,56,78,71.8,3,2.3,1.4,16,36,12,0,50,660,613,46,16,4,4,18,20,6,572,1,11,9,4,2,5,2,3,8,37.5,5,14,5,9,9,18,21,0,787,62,223,376,195,45,787,41,23,56.1,18,43.9,454,2622,1326,26,18,6,14,11,566,49,2,0,0,3,13,1,18,9,4,0,0,0,67,12,9,57.1,Leeds United,Manchester City,April-30-2022
0,0,0,580,13,10,10,2.2,2.2,1.6,12,2,358,478,74.9,21,252,14,6,6,478,74.9,6310,2280,158,187,84.5,150,175,85.7,38,78,48.7,1,1.6,1.5,5,18,6,1,21,478,435,38,11,3,1,12,14,2,358,5,8,13,8,4,6,3,6,12,50.0,6,10,0,10,10,23,25,0,580,100,289,229,66,17,580,6,6,100.0,0,0.0,252,1438,852,14,7,4,19,7,355,20,4,0,0,12,10,5,12,10,8,0,1,0,59,20,16,55.6,1,1,0,718,7,9,8,1.9,1.1,1.0,24,5,494,628,78.7,59,430,10,12,6,628,78.7,9214,3192,201,235,85.5,232,272,85.3,59,98,60.2,2,1.0,1.1,11,45,15,2,59,628,571,55,16,2,3,19,27,5,494,2,10,7,6,1,2,4,0,6,0.0,6,8,0,8,9,16,11,1,718,57,193,326,203,25,717,12,6,50.0,6,50.0,430,1660,846,10,9,0,15,7,493,59,1,0,0,10,11,2,19,9,6,1,0,0,60,16,20,44.4,Crystal Palace,Liverpool,January-23-2022
0,0,0,534,22,13,22,2.8,2.8,1.4,35,2,286,384,74.5,36,244,16,20,7,384,74.5,4969,2554,135,165,81.8,90,117,76.9,36,67,53.7,2,1.4,0.9,17,18,11,0,36,384,325,58,9,1,1,7,30,5,286,1,5,22,16,9,10,3,18,28,64.3,10,22,3,19,13,35,15,0,534,54,141,221,177,27,534,20,7,35.0,13,65.0,244,1293,624,16,13,9,26,16,285,36,1,0,0,8,9,1,7,13,16,0,0,0,63,17,14,54.8,0,0,0,678,29,13,12,0.3,0.3,0.2,14,0,421,528,79.7,43,436,17,28,10,528,79.7,7174,2536,185,211,87.7,179,208,86.1,40,63,63.5,0,0.2,0.2,6,27,5,1,43,528,471,57,9,1,5,12,34,3,421,0,19,29,16,15,9,5,13,20,65.0,7,12,7,5,13,42,19,0,678,74,275,289,122,11,678,28,10,35.7,18,64.3,436,2272,1319,17,12,2,32,4,416,42,1,0,0,9,8,0,12,13,16,0,0,0,56,14,17,45.2,Everton,Leeds United,February-12-2022
0,0,0,517,11,24,17,1.1,1.1,0.9,26,2,277,366,75.7,21,281,13,23,15,366,75.7,5336,1959,123,144,85.4,107,123,87.0,42,78,53.8,1,0.9,0.6,13,30,7,2,21,366,324,39,10,0,3,22,15,3,277,3,9,11,2,3,5,3,4,17,23.5,13,17,3,14,24,35,39,0,517,60,148,226,145,18,517,23,15,65.2,8,34.8,281,1426,638,13,12,2,14,7,275,21,0,0,0,8,8,3,22,24,2,0,0,0,47,17,18,48.6,0,0,0,802,15,5,13,0.7,0.7,0.7,22,0,584,701,83.3,48,546,33,17,13,701,83.3,9657,2673,272,302,90.1,236,271,87.1,44,62,71.0,0,0.7,1.1,12,36,12,2,48,701,647,52,11,0,5,25,26,7,584,2,18,15,6,6,5,4,8,23,34.8,15,13,5,8,5,20,16,0,802,75,244,341,221,42,802,17,13,76.5,4,23.5,546,3064,1622,33,17,8,20,7,584,48,0,0,0,8,8,2,25,5,6,0,0,0,41,18,17,51.4,Burnley,Tottenham,February-23-2022
0,0,0,586,17,13,22,0.2,0.2,0.2,6,0,361,471,76.6,22,272,7,10,4,471,76.6,6159,2003,162,189,85.7,141,169,83.4,38,71,53.5,0,0.2,0.3,3,19,5,2,22,471,429,40,11,1,3,14,17,4,361,2,10,17,8,14,2,1,9,23,39.1,14,22,6,16,13,30,30,0,586,90,267,222,100,14,586,10,4,40.0,6,60.0,272,1273,535,7,8,4,10,10,359,22,0,0,0,9,5,2,14,13,8,0,0,0,48,11,13,45.8,0,0,0,898,16,16,10,0.9,0.9,0.9,16,0,676,798,84.7,63,555,25,23,14,798,84.7,10754,2955,332,362,91.7,277,309,89.6,37,63,58.7,0,0.9,1.2,7,52,11,1,63,798,750,44,11,2,4,30,22,9,676,4,22,16,9,5,5,6,6,10,60.0,4,10,2,8,16,32,20,0,898,47,145,478,280,23,898,23,14,60.9,9,39.1,555,2751,1440,25,23,5,10,8,675,63,2,0,0,7,9,4,30,16,9,0,0,0,59,13,11,54.2,Wolves,Chelsea,December-19-2021
0,1,0,865,11,9,16,3.0,2.2,1.6,49,2,655,757,86.5,73,575,44,17,10,757,86.5,10432,3579,346,370,93.5,259,295,87.8,42,66,63.6,1,1.6,0.9,20,44,11,2,73,757,720,35,10,1,1,21,16,3,655,2,10,11,6,4,4,3,3,7,42.9,4,16,2,14,9,20,7,0,865,56,221,328,323,45,864,17,10,58.8,7,41.2,575,3069,1840,44,34,14,16,7,649,73,1,0,0,11,8,2,21,9,6,1,0,0,60,10,9,52.6,0,0,1,497,14,5,21,0.5,0.5,0.3,9,0,283,390,72.6,22,192,9,7,4,390,72.6,4685,1853,140,155,90.3,106,130,81.5,27,71,38.0,0,0.3,0.2,3,14,3,0,22,390,338,50,12,0,0,10,18,1,283,2,14,14,10,9,3,2,7,17,41.2,10,21,11,10,5,19,25,0,497,96,233,162,107,11,497,7,4,57.1,3,42.9,192,1198,595,9,10,4,13,8,280,22,0,1,0,9,10,2,10,5,10,0,1,0,49,9,10,47.4,Chelsea,West Ham,April-24-2022
0,0,0,610,16,3,15,2.9,2.9,2.5,52,1,395,482,82.0,51,357,23,18,7,482,82.0,6914,2630,180,200,90.0,172,202,85.1,33,61,54.1,1,2.5,0.9,24,40,16,5,51,482,437,43,10,2,4,20,18,8,395,2,4,16,11,9,2,5,16,23,69.6,7,15,6,9,3,19,18,0,610,57,174,226,217,44,610,18,7,38.9,11,61.1,357,1912,1103,23,9,13,17,9,395,51,2,0,0,9,11,2,20,3,11,0,0,0,57,19,16,54.3,0,0,0,565,20,8,14,0.7,0.7,0.5,19,0,348,454,76.7,26,338,9,23,7,454,76.7,5776,2237,182,208,87.5,128,162,79.0,31,61,50.8,0,0.5,0.8,7,18,8,4,26,454,398,56,10,1,2,18,25,4,348,0,13,20,13,10,7,3,11,18,61.1,7,14,11,3,8,28,22,0,565,106,244,197,125,21,565,23,7,30.4,16,69.6,338,1684,722,9,9,4,14,0,344,26,2,0,0,11,9,0,18,8,13,0,0,0,45,16,19,45.7,Arsenal,Norwich City,September-11-2021
0,1,0,575,17,9,11,1.7,0.9,0.7,31,4,325,463,70.2,30,342,28,30,16,463,70.2,5728,2192,137,167,82.0,126,161,78.3,41,90,45.6,2,0.7,0.9,11,25,10,6,30,463,404,58,12,0,5,29,29,8,325,1,11,17,11,7,9,1,9,19,47.4,10,11,4,7,9,26,11,0,575,50,164,249,172,26,574,30,16,53.3,14,46.7,342,2400,1156,28,17,4,16,11,323,30,1,0,0,5,12,1,29,9,11,1,0,0,67,24,19,55.8,0,0,0,594,25,6,15,1.7,1.7,1.6,20,6,327,456,71.7,38,317,9,19,10,456,71.7,5443,2173,164,195,84.1,129,161,80.1,24,76,31.6,3,1.6,0.8,7,20,9,2,38,456,408,47,6,0,1,10,20,5,327,1,6,25,15,14,10,1,14,30,46.7,16,15,4,11,6,31,33,0,594,81,208,255,134,17,594,19,10,52.6,9,47.4,317,1234,584,9,11,1,14,8,325,38,1,0,0,12,4,1,10,6,15,0,1,0,65,19,24,44.2,Everton,Brighton,January-2-2022
0,0,0,537,12,9,9,1.0,1.0,0.9,25,3,327,432,75.7,38,267,14,16,11,432,75.7,6116,2267,131,156,84.0,150,177,84.7,42,81,51.9,1,0.9,0.7,12,23,8,2,38,432,380,51,19,1,6,23,15,6,327,1,10,12,7,5,6,1,5,13,38.5,8,9,2,7,9,21,25,1,537,70,187,241,111,22,537,16,11,68.8,5,31.3,267,1284,721,14,12,4,8,2,326,38,2,0,0,8,17,1,23,9,7,0,0,0,56,13,12,52.0,0,0,0,555,7,9,10,2.1,2.1,1.8,17,6,353,462,76.4,32,267,13,13,8,462,76.4,6100,2063,151,175,86.3,157,192,81.8,32,67,47.8,2,1.8,1.5,7,28,8,1,32,462,414,46,8,2,1,21,15,7,353,2,10,7,4,4,1,2,5,16,31.3,11,10,2,8,9,16,22,1,555,66,178,237,148,22,555,13,8,61.5,5,38.5,267,1750,897,13,13,5,17,7,349,32,2,0,0,17,8,2,21,9,4,0,0,0,46,12,13,48.0,Aston Villa,Wolves,October-16-2021
0,0,0,717,11,8,9,0.5,0.5,0.4,15,2,533,638,83.5,38,513,22,13,5,638,83.5,8519,2573,259,286,90.6,205,229,89.5,39,77,50.6,1,0.4,0.4,6,41,6,3,38,638,593,44,9,0,4,22,23,3,533,1,9,11,6,6,4,1,5,15,33.3,10,9,2,7,8,19,9,1,717,54,196,344,186,14,717,13,5,38.5,8,61.5,513,2756,1134,22,23,4,5,8,532,38,2,0,0,7,7,1,22,8,6,0,0,0,46,14,18,43.8,0,0,0,594,16,10,11,0.9,0.9,0.9,22,4,396,482,82.2,19,338,24,15,10,482,82.2,6058,2104,218,234,93.2,147,168,87.5,19,57,33.3,2,0.9,0.6,12,20,2,1,19,482,448,34,8,1,2,13,11,7,396,0,8,16,9,7,7,2,8,13,61.5,5,11,4,7,10,26,27,0,594,68,198,296,108,18,594,15,10,66.7,5,33.3,338,2062,1115,24,19,5,17,6,392,19,2,0,0,9,6,0,13,10,9,0,0,0,53,18,14,56.3,West Ham,Arsenal,May-1-2022
0,0,0,754,16,3,10,1.5,1.5,1.2,43,2,558,646,86.4,50,556,30,5,1,646,86.4,8805,2593,281,300,93.7,230,256,89.8,28,56,50.0,1,1.2,1.1,17,37,17,4,50,646,591,54,20,2,1,35,17,13,558,1,11,16,10,7,8,1,7,7,100.0,0,10,4,6,3,19,21,0,754,46,183,361,215,29,754,5,1,20.0,4,80.0,556,2885,1616,30,25,3,7,7,557,50,0,0,0,11,20,1,35,3,10,0,1,0,37,13,15,46.4,1,1,1,361,11,2,9,1.7,0.9,0.8,18,2,176,265,66.4,16,127,5,7,0,265,66.4,3852,1822,74,93,79.6,59,80,73.8,41,77,53.2,0,0.8,1.2,6,14,6,2,16,265,220,45,11,0,3,14,12,6,176,0,7,11,6,9,2,0,4,5,80.0,1,9,6,3,2,13,34,0,361,76,147,129,89,16,360,7,0,0.0,7,100.0,127,695,323,5,2,1,7,9,174,15,1,1,0,20,10,0,14,2,6,1,0,0,28,15,13,53.6,Aston Villa,Burnley,May-19-2022
0,0,0,574,14,15,13,1.0,1.0,0.5,34,0,326,472,69.1,37,284,11,6,3,472,69.1,6517,2688,137,163,84.0,129,166,77.7,54,106,50.9,0,0.5,1.1,11,31,12,7,37,472,421,47,10,1,3,41,22,8,326,4,12,14,6,6,5,3,8,13,61.5,5,13,6,7,15,29,15,0,574,38,136,254,186,34,574,6,3,50.0,3,50.0,284,1302,704,11,9,1,11,15,325,37,2,0,0,9,8,4,41,15,6,0,0,0,56,29,23,55.8,0,0,0,704,18,11,11,1.1,1.1,0.7,23,2,442,557,79.4,38,352,26,13,5,557,79.4,6739,2407,252,280,90.0,158,189,83.6,20,58,34.5,0,0.7,0.7,9,26,5,0,38,557,517,38,12,3,3,9,13,3,442,2,6,18,8,9,9,0,3,6,50.0,3,11,5,6,11,29,39,1,704,98,302,269,140,16,704,13,5,38.5,8,61.5,352,1941,1162,26,20,6,19,6,442,38,1,0,0,8,9,2,9,11,8,0,0,0,47,23,29,44.2,Burnley,Arsenal,September-18-2021
0,0,0,558,13,7,16,0.2,0.2,0.2,9,0,361,452,79.9,20,298,14,18,10,452,79.9,6449,2518,156,179,87.2,158,179,88.3,38,68,55.9,0,0.2,0.5,4,18,4,1,20,452,404,45,13,3,3,17,13,4,361,3,7,13,6,9,4,0,6,15,40.0,9,16,6,10,7,20,26,0,558,101,295,200,71,11,558,18,10,55.6,8,44.4,298,1635,818,14,9,3,16,8,359,20,3,0,0,12,9,3,17,7,6,0,0,0,42,18,9,66.7,0,0,0,750,16,8,11,1.7,1.7,1.5,29,1,547,645,84.8,50,386,35,15,9,645,84.8,9516,2930,228,246,92.7,251,277,90.6,51,84,60.7,1,1.5,0.9,13,44,7,0,50,645,598,43,14,2,2,26,12,13,547,4,14,16,9,3,7,6,8,18,44.4,10,11,4,7,8,24,17,0,750,58,164,384,204,31,750,15,9,60.0,6,40.0,386,2257,1188,35,20,13,14,7,543,50,2,0,0,10,12,4,26,8,9,0,0,0,53,9,18,33.3,Chelsea,Manchester City,September-25-2021
1,1,0,847,11,11,7,2.0,1.2,1.1,18,6,666,740,90.0,29,584,20,8,4,740,90.0,9365,2604,416,435,95.6,176,189,93.1,42,69,60.9,2,1.1,1.1,6,33,4,0,29,740,709,28,6,2,4,7,10,3,666,3,6,11,8,8,3,0,6,12,50.0,6,7,3,4,11,22,34,0,847,95,263,408,179,13,846,8,4,50.0,4,50.0,584,2569,1214,20,20,3,11,5,665,29,1,0,0,4,6,3,7,11,8,1,0,0,45,15,10,60.0,0,0,0,496,9,6,7,0.6,0.6,0.4,20,0,331,427,77.5,38,269,16,12,6,427,77.5,5736,2408,174,199,87.4,122,148,82.4,30,63,47.6,0,0.4,0.6,8,25,14,4,38,427,384,41,6,3,2,29,17,8,331,2,4,9,5,4,2,3,4,8,50.0,4,7,1,6,6,15,5,0,496,58,160,185,153,22,496,12,6,50.0,6,50.0,269,1567,687,16,12,2,11,5,328,38,0,0,0,6,4,2,29,6,5,0,1,0,44,10,15,40.0,Manchester Utd,Brentford,May-2-2022
0,0,0,589,13,6,14,0.5,0.5,0.5,16,0,373,482,77.4,22,370,13,14,10,482,77.4,6577,2213,161,174,92.5,176,195,90.3,31,83,37.3,0,0.5,0.6,8,16,9,3,22,482,421,60,16,1,2,17,27,7,373,1,12,13,5,5,7,1,3,10,30.0,7,14,2,12,6,19,19,0,589,96,249,223,124,15,589,14,10,71.4,4,28.6,370,1769,896,13,12,3,20,11,371,21,3,0,0,12,13,1,17,6,5,0,1,0,48,6,7,46.2,1,1,0,552,15,9,8,2.3,1.5,1.0,31,3,341,443,77.0,41,292,17,10,7,443,77.0,6782,2815,139,156,89.1,127,158,80.4,65,98,66.3,1,1.0,1.6,10,36,12,1,41,443,395,47,12,2,5,14,19,5,341,1,12,15,9,5,10,0,4,14,28.6,10,8,1,7,9,24,16,0,552,47,156,259,140,36,551,10,7,70.0,3,30.0,292,1447,740,17,12,6,20,10,336,40,1,0,0,15,11,1,14,9,9,0,0,0,47,7,6,53.8,Brighton,Liverpool,March-12-2022
1,1,0,638,16,11,4,1.9,1.1,1.0,23,4,361,530,68.1,28,380,18,13,3,530,68.1,6497,2732,184,224,82.1,131,187,70.1,42,94,44.7,1,1.0,1.0,9,32,7,4,28,530,475,51,13,1,3,15,30,2,361,4,5,16,11,7,5,4,10,11,90.9,1,4,1,3,11,27,35,1,638,86,265,266,114,23,637,13,3,23.1,10,76.9,380,1704,875,18,7,5,14,5,360,28,1,0,0,6,10,4,15,11,11,1,0,0,73,23,23,50.0,0,0,1,545,15,10,13,0.7,0.7,0.3,10,0,253,427,59.3,32,252,13,11,1,427,59.3,4336,2002,125,162,77.2,86,132,65.2,29,104,27.9,0,0.3,0.5,3,16,7,1,32,427,383,40,9,1,2,33,15,9,253,4,6,15,9,10,5,0,10,13,76.9,3,13,7,6,10,25,20,1,545,63,187,230,137,22,545,11,1,9.1,10,90.9,252,1314,506,13,9,3,13,6,245,32,1,1,0,10,6,4,33,10,9,0,1,0,92,23,23,50.0,Brentford,Burnley,March-12-2022
0,0,0,584,17,9,14,1.5,1.5,0.9,33,0,411,495,83.0,50,282,16,9,5,495,83.0,7083,2195,175,201,87.1,189,216,87.5,32,47,68.1,0,0.9,1.1,12,43,9,1,50,495,459,36,13,2,2,25,13,3,411,0,9,17,6,6,7,4,9,22,40.9,13,14,3,11,9,26,6,0,584,35,121,265,201,39,584,9,5,55.6,4,44.4,282,1740,988,16,11,5,14,6,410,50,4,0,0,16,11,0,25,9,6,0,0,0,41,5,4,55.6,0,0,0,614,10,12,14,2.0,2.0,1.7,29,8,436,503,86.7,28,359,26,22,13,503,86.7,7577,2862,199,213,93.4,189,208,90.9,39,57,68.4,4,1.7,1.5,13,28,8,1,28,503,455,45,16,4,3,9,10,6,436,3,12,10,6,3,6,1,4,9,44.4,5,14,7,7,12,22,26,1,614,91,277,218,127,23,614,22,13,59.1,9,40.9,359,2266,1190,26,10,10,14,8,434,28,2,0,0,11,16,3,9,12,6,0,0,0,37,4,5,44.4,Leeds United,Tottenham,February-26-2022
1,1,0,561,18,9,12,1.9,1.2,1.2,27,6,369,461,80.0,42,289,21,9,4,461,80.0,6397,2178,169,199,84.9,155,188,82.4,32,55,58.2,2,1.2,0.8,13,40,9,1,42,461,422,39,10,0,4,12,16,3,369,0,1,18,13,14,2,2,5,19,26.3,14,12,4,8,9,27,19,1,561,56,182,230,158,18,560,9,4,44.4,5,55.6,289,1703,947,21,18,5,11,5,366,42,1,0,0,9,10,0,12,9,13,1,0,0,55,22,16,57.9,0,0,0,658,10,9,2,1.4,1.4,1.2,29,4,474,578,82.0,29,368,16,19,14,578,82.0,7728,2429,239,269,88.8,168,194,86.6,45,75,60.0,2,1.2,0.7,12,27,7,3,29,578,527,50,8,1,4,18,23,8,474,1,9,10,6,6,3,1,5,9,55.6,4,2,1,1,9,19,14,1,658,81,218,260,185,16,658,19,14,73.7,5,26.3,368,2288,1110,16,21,2,9,13,473,28,0,0,0,10,8,1,18,9,6,0,1,0,47,16,22,42.1,Manchester Utd,Arsenal,December-2-2021
0,0,0,646,8,7,9,1.8,1.8,1.7,24,5,426,550,77.5,44,385,14,10,5,550,77.5,7855,2624,177,211,83.9,205,236,86.9,42,79,53.2,3,1.7,1.2,13,25,9,2,44,550,504,43,10,4,3,20,19,9,426,3,12,8,4,6,2,0,3,5,60.0,2,9,3,6,7,15,10,1,646,72,249,259,144,30,646,10,5,50.0,5,50.0,385,1499,664,14,11,9,22,7,423,44,2,0,0,5,8,3,20,7,4,0,0,0,63,21,22,48.8,0,0,0,470,12,8,14,0.7,0.7,0.5,18,0,250,354,70.6,33,222,5,5,2,354,70.6,4700,1831,106,129,82.2,108,137,78.8,31,70,44.3,0,0.5,0.2,7,19,4,0,33,354,308,45,5,0,2,13,20,8,250,1,5,12,4,9,3,0,5,10,50.0,5,14,3,11,8,20,24,1,470,64,169,207,98,14,470,5,2,40.0,3,60.0,222,940,417,5,12,2,24,5,246,31,0,0,0,9,5,1,13,8,4,0,0,0,54,22,21,51.2,Arsenal,Southampton,December-11-2021
0,0,0,771,15,11,11,1.7,1.7,0.3,17,2,552,655,84.3,43,516,21,31,18,655,84.3,10577,3393,211,236,89.4,276,296,93.2,60,101,59.4,1,0.3,0.7,5,50,2,1,43,655,615,39,9,1,7,9,19,4,552,1,11,15,9,7,6,2,5,18,27.8,13,11,4,7,11,26,18,2,771,68,238,402,136,17,771,31,18,58.1,13,41.9,516,2334,1304,21,14,6,26,13,546,41,1,0,0,10,8,1,9,11,9,0,0,0,68,23,19,54.8,0,0,0,535,26,13,14,1.5,1.5,1.0,24,1,301,411,73.2,35,248,15,18,13,411,73.2,4962,1894,140,164,85.4,123,154,79.9,26,65,40.0,1,1.0,0.7,10,24,6,2,35,411,367,42,11,1,3,14,20,3,301,2,7,26,15,11,12,3,13,31,41.9,18,14,3,11,13,39,12,1,535,43,134,281,127,25,535,18,13,72.2,5,27.8,248,1472,790,15,10,4,18,10,299,35,1,0,0,8,10,2,14,13,15,0,0,0,61,19,23,45.2,Wolves,Everton,November-1-2021
0,0,0,627,11,12,6,1.6,1.6,0.9,26,3,381,517,73.7,48,394,29,16,8,517,73.7,5890,2141,185,219,84.5,146,189,77.2,21,55,38.2,2,0.9,0.6,13,26,13,5,48,517,458,58,12,0,2,27,31,6,381,1,14,11,5,4,6,1,3,9,33.3,6,6,1,5,12,23,22,0,627,58,189,267,177,27,627,16,8,50.0,8,50.0,394,2264,1220,29,22,6,19,4,378,48,1,0,0,10,11,1,27,12,5,0,0,0,56,14,29,32.6,0,0,0,450,12,15,18,0.7,0.7,0.7,15,4,199,331,60.1,19,154,5,9,6,331,60.1,3774,2175,99,135,73.3,54,91,59.3,34,79,43.0,2,0.7,0.4,8,23,5,1,19,331,280,50,10,0,1,18,24,2,199,1,4,12,6,4,7,1,8,16,50.0,8,18,5,13,15,27,19,0,450,54,148,164,143,12,450,9,6,66.7,3,33.3,154,614,261,5,5,1,18,8,197,19,3,0,0,11,10,1,18,15,6,0,0,0,52,29,14,67.4,Southampton,Burnley,October-23-2021
0,0,0,735,19,3,4,2.6,2.6,2.5,33,2,474,627,75.6,48,402,18,15,10,627,75.6,8634,3350,212,257,82.5,186,234,79.5,66,100,66.0,1,2.5,1.5,15,51,13,6,48,627,569,56,16,0,4,35,28,6,474,2,12,19,14,6,8,5,11,21,52.4,10,4,1,3,3,22,11,0,735,49,176,345,215,43,735,15,10,66.7,5,33.3,402,1907,1019,18,9,6,20,11,470,48,2,0,0,12,13,2,35,3,14,0,1,0,63,35,22,61.4,1,1,0,499,16,8,10,1.2,0.4,0.3,14,2,231,348,66.4,25,219,16,21,10,348,66.4,4285,1960,107,130,82.3,97,131,74.0,26,75,34.7,0,0.3,0.4,6,16,4,1,25,348,306,39,10,2,1,11,16,2,231,3,4,16,7,9,6,1,5,15,33.3,10,10,7,3,8,24,44,0,499,82,235,185,85,12,498,21,10,47.6,11,52.4,219,1127,578,16,7,7,22,8,230,25,3,0,0,13,12,3,11,8,7,1,0,0,60,22,35,38.6,Brentford,Norwich City,November-6-2021
0,0,0,772,11,7,9,1.3,1.3,0.8,30,0,575,675,85.2,62,411,11,10,4,675,85.2,10627,3461,216,244,88.5,292,309,94.5,57,93,61.3,0,0.8,0.7,10,50,9,3,62,675,623,50,10,3,4,22,24,7,575,2,10,11,6,2,7,2,6,16,37.5,10,9,3,6,7,18,16,1,772,74,233,359,184,25,772,10,4,40.0,6,60.0,411,1940,960,11,19,5,22,1,573,62,2,0,0,8,11,2,22,7,6,0,0,0,46,15,9,62.5,0,0,0,487,7,8,12,0.7,0.7,0.5,14,3,282,380,74.2,21,259,16,16,10,380,74.2,5130,1627,120,136,88.2,131,161,81.4,27,70,38.6,1,0.5,0.5,7,21,4,1,21,380,335,44,10,0,2,14,18,6,282,1,7,7,3,4,2,1,6,10,60.0,4,12,3,9,8,15,27,0,487,82,188,192,116,19,487,16,10,62.5,6,37.5,259,1493,817,16,12,4,8,5,280,21,0,0,0,11,8,1,14,8,3,0,0,0,41,9,15,37.5,Leicester City,Arsenal,October-30-2021
0,1,0,569,12,9,4,2.2,1.4,1.2,48,0,346,461,75.1,45,310,30,20,16,461,75.1,6843,2618,152,180,84.4,129,165,78.2,58,79,73.4,0,1.2,0.8,21,28,7,3,45,461,407,52,13,6,15,21,27,5,346,2,15,12,8,6,5,1,8,14,57.1,6,4,1,3,9,21,21,1,569,54,208,213,154,33,568,20,16,80.0,4,20.0,310,1651,979,30,15,13,12,5,341,45,2,0,0,9,11,2,21,9,8,0,0,0,53,19,11,63.3,0,0,0,443,9,15,25,1.0,1.0,0.8,11,1,214,321,66.7,24,180,7,14,6,321,66.7,3836,1761,99,127,78.0,73,97,75.3,29,71,40.8,1,0.8,1.0,5,21,5,1,24,321,264,54,10,3,3,20,25,5,214,3,3,9,3,3,6,0,4,20,20.0,16,25,12,13,15,24,16,0,443,74,153,177,114,16,443,14,6,42.9,8,57.1,180,949,403,7,7,2,16,4,213,24,2,0,0,13,9,3,20,15,3,0,1,0,37,11,19,36.7,Manchester Utd,Aston Villa,September-25-2021
0,1,0,562,14,4,12,1.6,0.8,0.7,22,2,367,457,80.3,39,331,14,17,14,457,80.3,6048,2084,164,178,92.1,170,194,87.6,21,55,38.2,1,0.7,0.5,10,24,8,1,39,457,418,37,7,1,1,17,15,2,367,2,10,14,7,7,6,1,5,24,20.8,19,12,3,9,4,18,32,1,562,78,209,248,114,15,561,17,14,82.4,3,17.6,331,1983,917,14,12,0,8,11,365,39,0,0,0,5,6,2,17,4,7,0,0,0,39,12,9,57.1,0,0,0,781,14,2,13,2.0,2.0,1.6,32,3,586,675,86.8,47,495,29,24,19,675,86.8,8397,2772,327,346,94.5,186,220,84.5,30,46,65.2,1,1.6,1.0,16,48,7,1,47,675,636,39,7,4,5,33,12,11,586,0,10,14,9,5,5,4,3,17,17.6,14,13,4,9,2,16,19,1,781,56,155,386,245,29,781,24,19,79.2,5,20.8,495,2627,1539,29,23,6,19,9,585,47,0,0,0,8,5,0,33,2,9,0,1,0,45,9,12,42.9,West Ham,Manchester Utd,September-19-2021
0,0,0,643,11,4,7,1.3,1.3,0.7,19,3,462,564,81.9,42,393,18,10,6,564,81.9,7976,2568,200,221,90.5,211,246,85.8,40,68,58.8,0,0.7,0.7,8,31,7,1,42,564,527,36,11,1,3,13,15,2,462,1,10,11,5,8,3,0,5,11,45.5,6,7,5,2,4,15,18,0,643,66,210,323,114,19,643,10,6,60.0,4,40.0,393,2132,1178,18,13,5,16,5,460,41,1,0,0,9,11,1,13,4,5,0,0,0,50,19,15,55.9,0,0,1,546,9,10,12,0.7,0.7,0.5,24,2,359,453,79.2,36,334,13,11,6,453,79.2,6486,2405,171,192,89.1,144,172,83.7,41,76,53.9,1,0.5,1.0,11,33,9,2,36,453,409,43,10,1,0,23,17,4,359,1,3,9,7,6,3,0,4,10,40.0,6,12,2,10,10,19,16,1,546,63,169,230,152,20,546,11,6,54.5,5,45.5,334,1796,893,13,18,3,11,6,355,36,4,1,1,12,9,1,23,10,7,0,0,0,43,15,19,44.1,West Ham,Everton,April-3-2022
1,1,0,643,17,12,14,1.4,0.6,0.6,13,2,443,545,81.3,33,378,17,10,4,545,81.3,6974,2095,219,239,91.6,150,178,84.3,39,79,49.4,0,0.6,0.5,5,34,11,4,33,545,501,43,8,0,3,19,22,6,443,1,5,17,9,10,5,2,10,16,62.5,6,14,2,12,12,29,13,0,643,56,176,294,176,18,642,10,4,40.0,6,60.0,378,1859,854,17,12,4,13,23,439,33,2,0,0,12,9,1,19,12,9,1,0,0,56,6,15,28.6,0,0,0,709,29,10,5,0.8,0.8,0.6,11,1,489,604,81.0,36,464,16,16,6,604,81.0,8283,2798,232,254,91.3,174,197,88.3,53,98,54.1,1,0.6,0.9,4,21,8,1,36,604,565,39,13,2,4,20,13,5,489,0,11,29,19,12,8,9,6,10,60.0,4,5,2,3,10,39,14,0,709,95,309,262,141,21,709,16,6,37.5,10,62.5,464,2028,1024,16,11,5,10,7,487,36,4,0,0,10,11,0,20,10,19,0,1,0,58,15,6,71.4,Crystal Palace,Brighton,September-27-2021
1,1,0,673,11,3,10,2.2,1.4,0.9,25,1,487,589,82.7,40,417,15,20,12,589,82.7,9726,3116,175,196,89.3,227,258,88.0,79,114,69.3,0,0.9,0.8,12,42,12,4,40,589,534,53,16,0,8,24,25,8,487,2,8,11,4,2,6,3,4,9,44.4,5,10,3,7,3,14,12,0,673,44,211,291,179,27,672,20,12,60.0,8,40.0,417,2205,1235,15,13,7,10,8,485,40,2,0,0,11,17,2,24,3,4,0,0,0,52,14,17,45.2,0,0,1,391,16,11,9,0.4,0.4,0.4,8,0,194,284,68.3,11,212,8,9,5,284,68.3,3863,2037,93,107,86.9,65,84,77.4,35,77,45.5,0,0.4,0.4,4,15,0,0,11,284,240,44,13,0,1,16,16,5,194,0,9,16,10,9,5,2,8,20,40.0,12,9,4,5,11,27,24,0,391,72,185,149,64,10,391,9,5,55.6,4,44.4,212,995,457,8,4,1,14,7,192,11,3,1,1,18,11,0,16,11,10,0,1,0,45,17,14,54.8,Crystal Palace,Watford,May-7-2022
0,0,0,612,14,6,10,2.1,2.1,2.0,17,2,407,512,79.5,38,311,12,20,10,512,79.5,7469,2662,171,202,84.7,170,196,86.7,55,81,67.9,1,2.0,1.4,10,41,8,0,38,512,459,46,13,2,6,13,21,1,407,7,9,14,7,6,6,2,8,20,40.0,12,10,3,7,6,20,13,0,612,46,188,272,155,22,612,20,10,50.0,10,50.0,311,1715,959,12,8,2,14,7,405,38,4,0,0,12,11,7,13,6,7,0,0,0,60,18,12,60.0,0,0,0,572,17,19,10,0.8,0.8,0.7,24,2,361,460,78.5,28,356,23,20,12,460,78.5,5630,2039,167,192,87.0,140,165,84.8,23,58,39.7,1,0.7,1.0,11,17,5,0,28,460,409,50,19,1,4,7,18,4,361,1,7,17,10,10,7,0,10,20,50.0,10,10,2,8,19,36,15,0,572,64,189,264,123,19,572,20,12,60.0,8,40.0,356,1955,986,23,15,6,10,6,358,28,0,0,0,13,12,1,7,19,10,0,0,0,57,12,18,40.0,Manchester Utd,Southampton,February-12-2022
1,1,0,848,7,8,10,1.9,1.1,0.5,25,2,654,761,85.9,55,647,31,19,9,761,85.9,11006,2677,321,346,92.8,283,319,88.7,44,77,57.1,0,0.5,0.9,10,76,10,2,55,761,702,57,22,1,10,24,23,9,654,2,9,7,5,0,6,1,5,8,62.5,3,10,2,8,8,15,7,0,848,33,129,437,285,29,847,19,9,47.4,10,52.6,647,3013,1718,31,36,4,12,3,645,55,0,0,0,7,12,2,24,8,5,1,0,0,41,19,8,70.4,0,0,0,367,13,11,10,0.4,0.4,0.3,9,0,151,262,57.6,9,165,4,8,3,262,57.6,2845,1384,68,93,73.1,56,77,72.7,18,57,31.6,0,0.3,0.6,4,12,2,0,9,262,215,37,9,1,0,8,14,3,151,10,8,13,8,8,3,2,10,19,52.6,9,10,2,8,11,24,31,1,367,83,172,143,55,10,367,8,3,37.5,5,62.5,165,813,288,4,4,2,11,2,150,9,0,0,0,13,6,10,8,11,8,0,1,0,45,8,19,29.6,Manchester City,Brentford,February-9-2022
2,2,0,854,7,3,5,3.7,2.1,1.7,27,9,722,785,92.0,46,624,21,23,16,785,92.0,11431,2871,373,387,96.4,285,299,95.3,39,59,66.1,3,1.7,1.0,9,44,15,3,46,785,737,46,7,1,2,24,18,14,722,2,5,7,3,1,2,4,2,14,14.3,12,5,1,4,3,10,10,0,854,30,117,512,228,39,852,23,16,69.6,7,30.4,624,2894,1500,21,23,7,13,8,716,45,1,0,0,11,9,2,24,3,3,2,0,0,23,2,3,40.0,0,0,0,410,15,9,10,2.7,2.7,1.9,26,5,259,305,84.9,24,272,14,14,12,305,84.9,4421,1586,125,135,92.6,108,116,93.1,22,42,52.4,2,1.9,1.0,11,10,6,2,24,305,273,31,12,2,0,10,3,4,259,1,6,15,10,9,5,1,7,23,30.4,16,10,5,5,9,24,25,1,410,89,202,156,57,17,410,14,12,85.7,2,14.3,272,1136,587,14,10,5,11,5,258,24,2,0,0,9,11,1,10,9,10,0,2,0,31,3,2,60.0,Manchester City,Leicester City,December-26-2021
0,0,0,728,20,10,10,0.7,0.7,0.6,19,0,479,607,78.9,54,401,19,18,12,607,78.9,8585,2622,202,237,85.2,210,252,83.3,58,87,66.7,0,0.6,0.8,9,36,12,2,54,607,561,45,16,1,5,25,16,7,479,1,9,20,8,7,9,4,5,18,27.8,13,10,3,7,10,30,14,1,728,70,206,316,213,28,728,18,12,66.7,6,33.3,401,2085,1005,19,19,5,20,8,476,54,0,0,0,13,8,1,25,10,8,0,1,0,62,13,14,48.1,1,1,0,485,14,11,9,2.7,2.0,1.0,20,3,245,352,69.6,20,189,16,18,13,352,69.6,4453,1840,114,130,87.7,96,127,75.6,29,66,43.9,0,1.0,1.3,8,15,7,2,20,352,304,40,12,1,1,18,12,7,245,8,7,14,8,9,4,1,6,18,33.3,12,9,3,6,11,25,33,0,485,80,210,184,97,29,484,18,13,72.2,5,27.8,189,1239,752,16,12,6,9,15,242,20,3,0,0,8,12,8,18,11,8,1,0,0,55,14,13,51.9,Wolves,Crystal Palace,March-5-2022
0,0,0,407,16,8,14,0.3,0.3,0.2,11,0,181,276,65.6,9,168,7,19,10,276,65.6,3867,1933,72,93,77.4,79,95,83.2,30,81,37.0,0,0.2,0.2,4,11,2,0,9,276,240,35,11,1,2,9,10,3,181,1,3,16,8,13,3,0,9,22,40.9,13,14,6,8,8,24,44,1,407,111,245,123,44,5,407,19,10,52.6,9,47.4,168,1236,602,7,5,0,19,7,179,9,0,0,0,6,9,1,9,8,8,0,0,0,55,24,22,52.2,0,0,0,883,16,3,3,2.3,2.3,2.1,38,2,666,786,84.7,102,635,41,22,13,786,84.7,11096,3610,317,353,89.8,289,324,89.2,45,74,60.8,1,2.1,2.3,17,89,28,5,102,786,743,40,7,1,6,43,20,7,666,3,12,16,8,3,9,4,9,19,47.4,10,3,0,3,3,19,10,0,883,31,142,390,358,50,883,22,13,59.1,9,40.9,635,3508,2113,41,37,6,16,7,664,100,1,0,0,9,6,3,43,3,8,0,0,0,66,22,24,47.8,Watford,Tottenham,January-1-2022
0,0,0,703,24,8,8,0.9,0.9,0.9,31,2,474,587,80.7,45,359,19,14,5,587,80.7,8305,2895,221,255,86.7,189,217,87.1,52,81,64.2,1,0.9,1.1,14,53,11,3,45,587,533,51,7,1,4,20,30,9,474,3,8,24,11,17,4,3,4,10,40.0,6,8,3,5,8,32,14,0,703,36,158,304,246,33,703,14,5,35.7,9,64.3,359,1834,1000,19,15,5,14,14,472,45,2,0,0,16,9,3,20,8,11,0,0,0,60,17,21,44.7,0,0,0,488,23,8,13,0.5,0.5,0.5,14,0,264,370,71.4,13,211,7,10,6,370,71.4,4699,2073,118,147,80.3,111,139,79.9,28,63,44.4,0,0.5,0.5,6,12,2,0,13,370,313,57,19,1,2,13,20,6,264,0,5,23,15,16,5,2,9,14,64.3,5,13,6,7,8,31,22,0,488,76,210,199,83,9,488,10,6,60.0,4,40.0,211,944,374,7,8,2,14,20,262,13,2,0,0,9,16,0,13,8,15,0,0,0,55,21,17,55.3,Manchester Utd,Crystal Palace,December-5-2021
0,0,0,525,25,7,7,0.8,0.8,0.6,21,6,261,394,66.2,31,193,9,17,6,394,66.2,5080,2445,120,160,75.0,97,138,70.3,37,75,49.3,2,0.6,0.8,9,32,10,4,31,394,347,47,14,0,4,25,22,4,261,0,9,25,13,13,10,2,6,11,54.5,5,7,0,7,7,32,21,0,525,42,140,215,176,24,525,17,6,35.3,11,64.7,193,1057,514,9,7,2,20,9,258,30,2,0,0,9,11,0,25,7,13,0,0,0,62,32,23,58.2,0,0,0,636,20,4,11,1.2,1.2,0.6,10,3,383,516,74.2,32,365,11,11,5,516,74.2,7177,2664,160,186,86.0,175,218,80.3,38,81,46.9,1,0.6,0.5,3,26,5,1,32,516,458,55,9,0,4,18,24,5,383,3,8,20,13,13,5,2,11,17,64.7,6,11,2,9,4,24,36,0,636,84,243,283,117,11,636,11,5,45.5,6,54.5,365,1488,701,11,13,1,14,19,380,31,3,0,0,12,9,3,18,4,13,0,0,0,53,23,32,41.8,Everton,Crystal Palace,May-19-2022
0,0,0,626,15,3,15,1.6,1.6,1.1,34,0,446,523,85.3,40,391,25,18,9,523,85.3,7442,2170,202,223,90.6,210,235,89.4,26,45,57.8,0,1.1,1.0,14,40,11,3,40,523,473,49,15,0,1,27,16,9,446,1,10,15,10,3,9,3,8,17,47.1,9,15,5,10,3,18,8,0,626,37,114,287,230,33,626,18,9,50.0,9,50.0,391,2131,1112,25,17,4,15,11,443,40,2,0,0,12,14,1,27,3,10,0,0,0,37,10,6,62.5,0,0,0,602,20,6,13,1.1,1.1,0.9,17,7,423,489,86.5,24,331,18,17,9,489,86.5,7014,2098,208,220,94.5,160,176,90.9,34,53,64.2,3,0.9,0.3,6,13,3,0,24,489,450,37,13,1,9,6,11,3,423,2,10,20,9,14,6,0,9,18,50.0,9,13,6,7,6,26,30,1,602,100,306,236,72,15,602,17,9,52.9,8,47.1,331,2104,1134,18,13,8,9,7,422,24,3,0,0,14,12,2,6,6,9,0,0,0,35,6,10,37.5,Aston Villa,Tottenham,April-9-2022
0,0,0,676,18,16,11,1.2,1.2,1.2,23,3,440,580,75.9,50,439,22,15,8,580,75.9,7685,2176,202,235,86.0,179,213,84.0,51,99,51.5,2,1.2,0.8,12,42,5,2,50,580,530,43,9,1,0,34,21,5,440,7,9,18,11,9,5,4,7,16,43.8,9,11,4,7,16,34,19,0,676,50,174,301,209,21,676,15,8,53.3,7,46.7,439,2207,1179,22,20,2,12,11,438,50,5,0,0,11,8,7,34,16,11,0,0,0,64,18,19,48.6,0,0,0,460,18,15,11,1.0,1.0,0.9,16,4,223,341,65.4,25,192,16,16,9,341,65.4,3950,1598,103,136,75.7,80,113,70.8,30,70,42.9,1,0.9,0.6,7,14,6,2,25,341,297,44,17,0,0,13,18,1,223,0,8,18,7,6,8,4,7,15,46.7,8,11,3,8,15,33,27,0,460,68,183,170,112,22,460,16,9,56.3,7,43.8,192,1214,663,16,11,4,16,11,219,24,3,0,0,9,11,0,13,15,7,0,0,0,56,19,18,51.4,Leeds United,Brentford,December-5-2021
1,1,0,502,11,8,7,1.5,0.7,0.5,20,2,327,416,78.6,28,267,20,16,10,416,78.6,6078,2252,136,148,91.9,147,173,85.0,40,79,50.6,0,0.5,0.5,7,23,6,1,28,416,377,38,11,2,2,15,20,1,327,1,4,11,7,4,7,0,9,18,50.0,9,7,1,6,8,19,15,0,502,36,154,248,106,17,501,16,10,62.5,6,37.5,267,1688,736,20,12,5,12,18,323,28,1,0,0,6,13,1,15,8,7,1,0,0,51,11,10,52.4,0,0,0,673,24,7,9,0.4,0.4,0.2,9,0,479,585,81.9,31,297,19,18,9,585,81.9,7964,2360,238,267,89.1,198,229,86.5,37,72,51.4,0,0.2,0.2,2,26,2,1,31,585,547,38,7,2,2,14,19,2,479,0,7,24,12,9,14,1,6,16,37.5,10,9,5,4,7,31,14,0,673,68,242,313,124,8,673,18,9,50.0,9,50.0,297,2014,1140,19,9,1,9,2,477,31,1,0,0,13,6,0,14,7,12,0,1,0,53,10,11,47.6,Newcastle Utd,Wolves,April-8-2022
0,0,0,542,13,10,12,1.6,1.6,1.0,43,5,298,418,71.3,27,283,18,24,12,418,71.3,5325,2121,124,147,84.4,95,126,75.4,48,91,52.7,2,1.0,1.0,20,23,13,7,27,418,355,63,13,1,1,31,32,8,298,0,9,13,6,7,4,2,6,8,75.0,2,12,3,9,10,23,18,1,542,49,149,221,178,36,542,24,12,50.0,12,50.0,283,1404,670,18,16,7,23,9,295,27,2,0,0,13,11,0,31,10,6,0,0,1,58,26,15,63.4,0,0,0,510,21,7,12,0.9,0.9,0.6,17,4,251,378,66.4,28,261,6,8,2,378,66.4,4703,2128,115,147,78.2,92,130,70.8,39,80,48.8,2,0.6,0.5,7,19,8,1,28,378,327,49,12,0,0,11,23,2,251,2,8,21,13,13,6,2,12,24,50.0,12,12,6,6,7,28,38,0,510,94,199,208,111,21,510,8,2,25.0,6,75.0,261,1013,548,6,13,0,12,7,248,26,2,0,0,11,12,2,11,7,13,0,0,0,46,15,26,36.6,Newcastle Utd,Brentford,November-20-2021
0,0,0,652,9,6,9,1.9,1.9,1.2,36,2,451,558,80.8,54,421,19,12,6,558,80.8,8415,2558,174,207,84.1,229,264,86.7,46,74,62.2,1,1.2,1.7,15,43,10,3,54,558,503,53,19,0,3,23,17,11,451,2,9,9,6,4,3,2,3,8,37.5,5,9,0,9,6,15,9,0,652,21,154,318,185,36,652,12,6,50.0,6,50.0,421,2173,1291,19,14,5,11,15,447,53,3,0,0,12,17,2,23,6,6,0,0,0,52,9,16,36.0,0,0,0,440,21,16,17,0.6,0.6,0.5,15,4,217,316,68.7,20,206,11,8,5,316,68.7,3608,1260,100,117,85.5,92,108,85.2,14,58,24.1,2,0.5,0.3,6,6,5,0,20,316,273,41,14,0,1,10,19,2,217,2,10,21,13,12,7,2,6,12,50.0,6,17,10,7,16,37,30,0,440,78,187,169,88,8,440,8,5,62.5,3,37.5,206,977,529,11,12,0,18,6,216,19,4,0,0,19,10,2,10,16,13,0,0,0,46,16,9,64.0,Arsenal,Brighton,April-9-2022
0,0,0,496,18,12,22,0.4,0.4,0.3,7,0,230,349,65.9,20,234,12,14,10,349,65.9,3967,1829,110,136,80.9,88,115,76.5,23,67,34.3,0,0.3,0.2,5,20,2,1,20,349,299,49,12,1,0,12,25,5,230,1,10,18,12,10,7,1,10,20,50.0,10,22,7,15,12,30,36,0,496,76,189,195,119,13,496,14,10,71.4,4,28.6,234,1197,459,12,5,4,26,11,230,20,2,0,0,4,8,1,12,12,12,0,0,0,63,16,28,36.4,0,0,0,825,15,12,11,0.8,0.8,0.7,23,0,560,701,79.9,56,543,28,20,10,701,79.9,8397,2791,303,346,87.6,178,216,82.4,43,69,62.3,0,0.7,1.3,9,44,14,3,56,701,651,48,5,0,3,24,27,7,560,2,18,15,10,8,2,5,4,14,28.6,10,11,2,9,12,27,14,0,825,52,215,356,259,42,825,20,10,50.0,10,50.0,543,2871,1660,28,18,9,24,8,560,56,2,0,0,10,4,2,24,12,10,0,0,0,70,28,16,63.6,Everton,Manchester Utd,April-9-2022
0,0,0,507,15,6,12,1.7,1.7,1.5,26,4,278,409,68.0,29,208,12,15,10,409,68.0,5341,2277,127,165,77.0,97,118,82.2,44,91,48.4,2,1.5,0.6,13,18,7,2,29,409,357,49,9,0,9,21,23,10,278,3,15,15,8,8,5,2,8,15,53.3,7,12,4,8,6,21,24,1,507,59,172,200,137,29,507,15,10,66.7,5,33.3,208,1249,602,12,9,2,7,10,276,28,2,0,0,7,7,3,21,6,8,0,0,0,54,16,12,57.1,0,0,0,647,15,12,15,0.9,0.9,0.8,20,0,417,530,78.7,41,377,15,15,7,530,78.7,7268,2387,202,229,88.2,165,198,83.3,41,81,50.6,0,0.8,0.8,9,35,5,0,41,530,479,49,9,0,2,27,20,10,417,2,8,15,9,8,5,2,5,15,33.3,10,15,5,10,12,27,25,0,647,56,206,278,170,17,647,15,7,46.7,8,53.3,377,1872,874,15,14,6,13,7,414,41,2,0,0,7,7,2,27,12,9,0,0,0,54,12,16,42.9,Burnley,Southampton,April-21-2022
0,0,0,758,8,8,10,0.9,0.9,0.6,29,0,580,662,87.6,56,501,27,29,19,662,87.6,9997,3116,262,292,89.7,263,283,92.9,43,65,66.2,0,0.6,0.9,12,53,9,5,56,662,617,45,9,0,2,27,19,5,580,0,3,8,6,6,2,0,4,15,26.7,11,10,1,9,8,16,10,0,758,47,155,354,259,31,758,29,19,65.5,10,34.5,501,2937,1542,27,27,7,18,14,573,54,0,0,0,5,10,0,27,8,6,0,0,0,49,14,10,58.3,0,0,0,470,24,9,8,1.1,1.1,1.0,20,1,286,379,75.5,19,269,19,15,11,379,75.5,4420,1709,159,172,92.4,96,126,76.2,21,59,35.6,1,1.0,0.3,10,18,2,0,19,379,336,43,5,1,2,7,18,3,286,0,9,24,14,16,7,1,10,29,34.5,19,8,5,3,9,33,23,0,470,95,248,176,57,13,470,15,11,73.3,4,26.7,269,1707,976,19,7,6,8,4,286,19,3,0,0,10,5,0,7,9,14,0,0,0,44,10,14,41.7,Wolves,Norwich City,May-15-2022
0,0,0,549,13,11,13,1.7,1.7,1.2,34,2,308,449,68.6,31,253,20,8,6,449,68.6,5386,2389,129,160,80.6,112,150,74.7,36,82,43.9,1,1.2,1.2,15,24,11,5,31,449,396,52,8,0,1,23,24,8,308,1,17,13,7,5,5,3,3,14,21.4,11,13,2,11,11,24,7,0,549,55,202,199,153,29,549,8,6,75.0,2,25.0,253,1286,712,20,8,6,14,11,303,30,3,0,0,16,7,1,23,11,7,0,0,0,71,13,22,37.1,0,0,0,574,13,9,19,2.2,2.2,1.8,25,1,328,441,74.4,40,209,17,14,11,441,74.4,6338,2863,129,162,79.6,149,172,86.6,45,89,50.6,1,1.8,1.7,13,33,14,3,40,441,389,51,17,4,2,9,21,1,328,1,11,13,5,8,3,2,2,8,25.0,6,19,4,15,9,22,26,1,574,82,196,236,147,26,574,14,11,78.6,3,21.4,209,1311,652,17,11,5,21,10,327,40,2,0,0,8,16,1,9,9,5,0,0,0,63,22,13,62.9,Leeds United,Brighton,May-15-2022
0,0,0,599,11,13,6,1.3,1.3,0.9,20,4,390,486,80.2,56,356,28,17,7,486,80.2,7085,2451,187,213,87.8,142,167,85.0,49,76,64.5,2,0.9,0.7,9,39,9,2,56,486,454,32,3,0,13,20,18,5,390,0,10,11,3,3,6,2,4,11,36.4,7,6,4,2,13,24,19,0,599,58,165,277,162,24,599,17,7,41.2,10,58.8,356,1946,1146,28,16,4,19,7,389,56,1,0,0,9,3,0,20,13,3,0,0,0,59,14,14,50.0,0,0,0,642,17,14,7,1.1,1.1,1.0,21,1,443,545,81.3,38,374,24,11,7,545,81.3,7112,2291,233,260,89.6,159,187,85.0,35,73,47.9,1,1.0,1.6,11,33,8,2,38,545,496,49,9,3,2,21,20,7,443,0,3,17,10,8,7,2,10,17,58.8,7,7,1,6,14,31,14,0,642,77,203,292,153,25,642,11,7,63.6,4,36.4,374,2401,1343,24,17,3,15,7,440,38,0,0,0,3,8,0,21,14,10,0,0,0,46,14,14,50.0,West Ham,Aston Villa,March-13-2022
0,0,1,433,15,10,11,0.4,0.4,0.2,12,2,212,322,65.8,19,229,11,8,5,322,65.8,3829,1479,95,115,82.6,76,103,73.8,27,69,39.1,0,0.2,0.3,5,22,1,1,19,322,283,36,8,1,0,11,17,3,212,3,11,15,4,5,8,2,5,10,50.0,5,11,5,6,10,25,28,0,433,68,131,192,116,8,433,8,5,62.5,3,37.5,229,1344,625,11,14,2,13,6,212,19,4,1,1,15,3,3,11,10,4,0,1,0,54,21,20,51.2,1,1,0,702,9,5,13,2.3,1.5,1.4,40,2,489,596,82.0,68,485,27,10,5,596,82.0,7962,2808,239,268,89.2,190,215,88.4,42,74,56.8,0,1.4,1.8,15,44,19,6,68,596,544,49,15,2,3,31,23,7,489,3,8,9,7,3,4,2,3,8,37.5,5,13,4,9,5,14,15,0,702,49,182,269,258,31,701,10,5,50.0,5,50.0,485,2679,1435,27,22,7,16,10,485,67,2,0,0,5,15,3,31,5,7,1,0,0,62,20,21,48.8,Southampton,Tottenham,December-28-2021
0,0,0,593,21,14,11,1.1,1.1,1.0,14,0,294,441,66.7,39,293,17,59,27,441,66.7,4815,2226,159,205,77.6,96,135,71.1,28,63,44.4,0,1.0,0.5,5,24,3,1,39,441,369,69,12,3,2,16,40,3,294,3,13,21,15,11,7,3,9,21,42.9,12,11,0,11,14,35,20,1,593,44,175,255,175,13,593,59,27,45.8,32,54.2,293,1677,718,17,18,3,23,14,294,39,2,0,0,8,12,3,16,14,15,0,0,0,87,25,22,53.2,0,0,0,611,46,18,12,0.7,0.7,0.4,12,3,290,454,63.9,24,236,10,21,12,454,63.9,4746,2148,149,189,78.8,96,145,66.2,30,79,38.0,2,0.4,0.2,7,20,3,1,24,454,401,52,11,1,0,14,26,7,290,1,13,46,27,27,13,6,32,59,54.2,27,12,0,12,18,64,18,0,611,38,235,266,119,9,611,21,12,57.1,9,42.9,236,1119,474,10,6,2,22,12,288,24,0,0,0,12,8,1,14,18,27,0,0,0,98,22,25,46.8,Watford,Leeds United,April-9-2022
0,0,1,691,14,9,7,1.2,1.2,0.9,25,0,485,606,80.0,40,432,19,29,22,606,80.0,8950,2826,203,230,88.3,197,237,83.1,64,95,67.4,0,0.9,0.6,11,40,5,1,40,606,562,43,12,1,8,22,17,5,485,1,10,14,10,8,5,1,7,14,50.0,7,7,3,4,9,23,5,1,691,29,218,302,182,21,691,29,22,75.9,7,24.1,432,1939,926,19,14,5,16,9,481,40,2,1,1,16,11,1,22,9,10,0,0,1,65,20,16,55.6,0,0,0,400,16,9,13,1.1,1.1,1.0,11,3,178,299,59.5,17,157,8,14,7,299,59.5,2869,1460,99,125,79.2,55,91,60.4,17,64,26.6,2,1.0,0.6,5,10,5,1,17,299,245,53,15,0,2,5,28,1,178,1,4,16,11,5,8,3,7,29,24.1,22,13,5,8,9,25,17,2,400,61,173,148,83,13,400,14,7,50.0,7,50.0,157,923,464,8,4,1,16,7,178,17,1,0,0,11,16,1,5,9,11,0,0,0,56,16,20,44.4,Watford,Norwich City,January-21-2022
0,0,0,653,16,5,13,0.5,0.5,0.4,15,0,434,545,79.6,36,395,11,16,14,545,79.6,8256,2690,175,208,84.1,212,236,89.8,44,83,53.0,0,0.4,0.3,7,35,4,2,36,545,497,44,11,2,7,10,23,1,434,4,11,16,12,8,6,2,5,9,55.6,4,13,4,9,5,21,18,0,653,56,245,267,147,9,653,16,14,87.5,2,12.5,395,1703,738,11,6,3,21,14,432,36,0,0,0,9,9,4,10,5,12,0,0,0,63,6,15,28.6,0,0,0,669,16,11,15,0.8,0.8,0.7,15,3,457,572,79.9,33,377,15,9,4,572,79.9,7819,2719,226,250,90.4,185,227,81.5,40,70,57.1,2,0.7,1.0,7,28,4,1,33,572,528,42,13,1,4,18,17,6,457,2,10,16,8,8,7,1,2,16,12.5,14,15,4,11,11,27,14,1,669,66,207,343,122,16,669,9,4,44.4,5,55.6,377,1594,838,15,12,5,17,11,456,33,1,0,0,9,7,2,18,11,8,0,0,0,59,15,6,71.4,Arsenal,Liverpool,March-16-2022
0,0,1,449,9,9,11,0.4,0.4,0.4,9,0,222,337,65.9,25,179,7,13,5,337,65.9,4601,2068,99,121,81.8,78,111,70.3,43,90,47.8,0,0.4,0.4,5,25,4,1,25,337,288,49,7,3,0,16,18,6,222,0,4,9,6,2,6,1,4,10,40.0,6,11,5,6,9,18,25,0,449,76,144,185,122,14,449,13,5,38.5,8,61.5,179,884,457,7,5,1,20,5,221,25,3,1,0,9,6,0,16,9,6,0,0,0,46,21,20,51.2,0,0,0,673,13,6,6,2.8,2.8,2.1,47,4,451,562,80.2,59,435,27,10,6,562,80.2,7479,2710,226,256,88.3,155,192,80.7,46,74,62.2,2,2.1,1.7,19,37,16,6,59,562,515,47,7,1,4,31,26,6,451,0,11,13,5,2,8,3,8,13,61.5,5,6,2,4,6,19,26,1,673,47,178,295,205,33,673,10,6,60.0,4,40.0,435,2262,1062,27,18,6,15,5,449,58,1,0,0,7,8,0,31,6,5,0,0,0,54,20,21,48.8,Brentford,Newcastle Utd,February-26-2022
0,0,0,835,21,6,9,2.8,2.8,2.2,52,6,632,730,86.6,75,534,36,18,12,730,86.6,10615,3920,301,327,92.0,261,293,89.1,54,76,71.1,3,2.2,2.4,20,57,18,4,75,730,687,40,4,3,4,24,25,5,632,3,6,21,13,9,8,4,11,19,57.9,8,9,0,9,6,27,8,1,835,42,157,397,285,59,835,18,12,66.7,6,33.3,534,3156,1822,36,27,11,14,12,626,74,1,0,0,6,2,3,24,6,13,0,0,0,56,7,4,63.6,0,0,0,570,18,15,20,1.3,1.3,1.3,13,2,343,430,79.8,21,342,13,19,8,430,79.8,6806,2718,151,165,91.5,130,148,87.8,59,100,59.0,1,1.3,0.8,7,24,2,0,21,430,389,40,9,5,5,9,15,3,343,1,10,18,6,10,7,1,6,18,33.3,12,20,14,6,15,33,31,0,570,104,277,217,84,15,570,19,8,42.1,11,57.9,342,1708,848,13,15,8,15,10,338,20,0,0,0,3,5,1,9,15,6,0,0,0,57,4,7,36.4,Liverpool,Wolves,May-22-2022
0,0,0,649,19,9,15,1.0,1.0,0.7,24,2,462,548,84.3,44,302,21,14,9,548,84.3,7363,2178,233,251,92.8,176,201,87.6,32,60,53.3,0,0.7,1.2,9,46,14,2,44,548,500,46,12,1,7,25,19,10,462,2,8,19,11,10,8,1,9,19,47.4,10,15,3,12,9,28,12,0,649,35,112,334,207,35,649,14,9,64.3,5,35.7,302,1691,889,21,12,5,10,11,462,44,3,0,0,8,14,2,25,9,11,0,0,0,40,11,10,52.4,0,0,0,531,16,4,9,0.8,0.8,0.7,17,0,336,414,81.2,21,241,19,19,10,414,81.2,6940,2283,102,120,85.0,180,201,89.6,49,70,70.0,0,0.7,1.2,8,12,4,2,21,414,365,48,9,0,5,14,25,3,336,1,11,16,11,12,3,1,5,14,35.7,9,9,3,6,4,20,37,0,531,105,244,203,90,16,531,19,10,52.6,9,47.4,241,1389,758,19,10,5,18,10,334,21,3,0,0,14,8,1,14,4,11,0,0,0,32,10,11,47.6,Tottenham,Watford,August-29-2021
0,0,0,773,19,9,11,1.2,1.2,1.1,30,4,547,658,83.1,54,454,26,22,12,658,83.1,8902,2906,282,318,88.7,222,249,89.2,33,67,49.3,2,1.1,0.4,13,34,5,1,54,658,604,54,13,1,4,25,22,8,547,0,4,19,9,9,8,2,9,17,52.9,8,11,4,7,9,28,6,0,773,56,202,380,194,19,773,22,12,54.5,10,45.5,454,2312,1353,26,19,3,22,6,543,53,2,0,0,6,12,0,25,9,9,0,1,0,52,15,17,46.9,1,1,0,425,16,20,11,1.8,1.0,1.0,27,3,193,292,66.1,23,164,6,17,8,292,66.1,3452,1599,93,111,83.8,68,86,79.1,26,72,36.1,1,1.0,1.0,15,19,7,1,23,292,246,46,5,1,0,15,20,5,193,0,7,16,10,9,5,2,10,22,45.5,12,11,7,4,20,36,25,0,425,69,179,143,110,19,424,17,8,47.1,9,52.9,164,1150,433,6,6,1,18,10,189,22,4,0,0,13,6,0,15,20,10,1,0,0,48,17,15,53.1,Leeds United,Everton,August-21-2021
0,0,0,516,21,10,12,2.2,2.2,2.1,25,3,295,400,73.8,32,286,16,10,9,400,73.8,4725,1963,165,196,84.2,105,128,82.0,20,62,32.3,2,2.1,1.3,12,23,10,2,32,400,341,58,25,3,2,16,19,3,295,1,0,21,13,9,10,2,6,14,42.9,8,12,3,9,10,31,22,1,516,63,205,210,108,23,516,10,9,90.0,1,10.0,286,1542,754,16,9,6,19,15,295,32,1,0,0,8,25,1,16,10,13,0,0,0,54,15,21,41.7,0,0,0,669,16,12,5,1.1,1.1,0.8,18,2,458,573,79.9,50,478,23,14,8,573,79.9,7582,2628,224,260,86.2,176,204,86.3,42,74,56.8,1,0.8,0.8,9,34,10,1,50,573,521,52,9,0,5,18,29,6,458,0,10,16,7,4,9,3,1,10,10.0,9,5,5,0,12,28,9,0,669,40,146,339,192,33,669,14,8,57.1,6,42.9,478,2108,1079,23,12,4,16,15,458,50,1,0,0,25,8,0,18,12,7,0,0,0,56,21,15,58.3,Aston Villa,Leicester City,December-5-2021
0,0,0,483,23,13,19,0.6,0.6,0.6,15,1,237,362,65.5,21,236,12,8,5,362,65.5,3990,1873,124,157,79.0,79,103,76.7,24,66,36.4,1,0.6,0.5,7,13,2,0,21,362,316,46,15,1,2,15,16,6,237,0,9,23,17,11,9,3,5,17,29.4,12,19,6,13,13,36,25,0,483,60,177,195,117,15,483,8,5,62.5,3,37.5,236,1128,558,12,7,2,17,6,235,21,1,0,0,13,9,0,15,13,17,0,0,0,55,31,22,58.5,0,0,0,708,9,8,10,1.1,1.1,0.8,23,4,468,583,80.3,42,397,19,17,12,583,80.3,8389,3125,194,223,87.0,208,231,90.0,48,84,57.1,2,0.8,0.8,11,32,7,4,42,583,526,53,13,2,2,21,24,7,468,4,15,9,6,3,4,2,3,8,37.5,5,10,2,8,8,17,30,0,708,83,280,288,146,27,708,17,12,70.6,5,29.4,397,1898,823,19,12,5,18,18,465,42,3,0,0,11,13,4,21,8,6,0,0,0,66,22,31,41.5,Southampton,Crystal Palace,April-30-2022
0,0,0,434,13,14,14,1.3,1.3,1.1,24,2,220,321,68.5,30,216,13,17,11,321,68.5,4067,1639,118,137,86.1,64,97,66.0,36,67,53.7,1,1.1,0.6,9,13,7,3,30,321,270,50,8,1,4,25,23,9,220,1,8,13,7,4,8,1,8,16,50.0,8,14,2,12,14,27,19,0,434,51,135,166,140,24,434,17,11,64.7,6,35.3,216,1268,697,13,15,5,9,13,217,30,1,0,0,10,7,1,25,14,7,0,0,0,49,11,16,40.7,0,0,0,709,19,5,11,1.3,1.3,1.3,17,2,492,586,84.0,46,469,22,16,8,586,84.0,8294,2691,220,248,88.7,215,241,89.2,35,53,66.0,1,1.3,1.2,7,30,12,1,46,586,545,41,9,1,4,18,18,5,492,0,13,19,12,7,9,3,6,17,35.3,11,11,3,8,5,24,26,0,709,81,213,328,175,28,709,16,8,50.0,8,50.0,469,2553,1357,22,25,3,23,5,485,46,1,0,0,8,10,0,18,5,12,0,0,0,41,16,11,59.3,West Ham,Brighton,December-1-2021
0,0,0,562,15,18,17,1.8,1.8,1.7,23,2,335,438,76.5,32,337,15,13,5,438,76.5,5012,2033,181,201,90.0,106,133,79.7,22,59,37.3,1,1.7,1.5,11,20,9,0,32,438,407,29,2,1,1,19,18,3,335,2,8,15,9,6,7,2,7,12,58.3,5,17,9,8,18,33,28,0,562,75,181,250,136,26,562,13,5,38.5,8,61.5,337,1786,845,15,16,3,10,5,334,32,1,0,0,8,2,2,19,18,9,0,0,0,58,14,6,70.0,0,0,0,770,13,5,8,0.7,0.7,0.6,24,0,562,674,83.4,44,374,19,12,5,674,83.4,9739,2866,251,282,89.0,251,276,90.9,51,89,57.3,0,0.6,0.6,12,44,9,0,44,674,626,47,10,0,2,16,18,5,562,1,8,13,9,7,6,0,8,13,61.5,5,8,1,7,5,18,22,0,770,89,255,343,175,22,770,12,5,41.7,7,58.3,374,2153,1148,19,15,2,12,8,556,44,0,0,0,2,7,1,16,5,9,0,0,0,48,6,14,30.0,West Ham,Wolves,February-27-2022
0,0,0,518,10,7,15,1.7,1.7,1.7,31,3,247,389,63.5,30,225,24,19,7,389,63.5,4060,1810,137,177,77.4,84,118,71.2,23,73,31.5,1,1.7,0.6,16,18,6,1,30,389,337,49,13,1,2,13,18,6,247,3,6,10,7,6,3,1,5,15,33.3,10,15,6,9,7,17,43,0,518,86,229,156,144,20,518,19,7,36.8,12,63.2,225,1555,915,24,15,8,10,11,244,29,1,0,0,12,9,3,13,7,7,0,0,0,58,27,27,50.0,0,0,0,600,23,12,10,1.7,1.7,1.4,29,0,320,483,66.3,51,269,14,15,10,483,66.3,6485,2817,140,177,79.1,118,165,71.5,58,123,47.2,0,1.4,1.1,11,40,14,7,51,483,422,58,13,2,7,36,29,7,320,3,11,23,12,9,12,2,12,19,63.2,7,10,5,5,12,35,20,1,600,49,178,220,213,28,600,15,10,66.7,5,33.3,269,1342,571,14,13,6,12,5,316,50,1,0,0,10,12,3,36,12,12,0,0,0,61,27,27,50.0,Norwich City,Burnley,April-10-2022
0,0,0,588,20,7,19,3.9,3.9,2.5,18,7,375,479,78.3,28,376,13,15,7,479,78.3,6687,2727,161,196,82.1,167,189,88.4,34,61,55.7,3,2.5,1.2,9,30,9,4,28,479,439,39,8,0,1,9,19,3,375,1,9,20,5,10,8,2,10,18,55.6,8,19,0,19,7,27,16,0,588,55,223,250,121,22,588,15,7,46.7,8,53.3,376,1578,730,13,15,5,17,9,373,28,0,0,0,10,5,1,9,7,5,0,1,0,56,8,10,44.4,1,1,0,566,17,11,11,1.1,0.4,0.3,12,2,349,467,74.7,34,309,20,18,8,467,74.7,5842,2113,177,200,88.5,134,165,81.2,30,65,46.2,0,0.3,1.0,5,35,9,3,34,467,422,42,9,3,4,14,21,3,349,3,21,17,13,9,6,2,8,15,53.3,7,11,2,9,11,28,9,1,566,46,160,251,158,14,565,18,8,44.4,10,55.6,309,1729,827,20,15,5,14,10,345,34,1,0,0,5,9,3,14,11,13,1,0,0,55,10,8,55.6,Leicester City,Southampton,May-22-2022
1,1,0,658,17,6,9,2.1,1.3,1.0,32,5,443,558,79.4,44,345,24,22,14,558,79.4,7252,2604,206,225,91.6,169,203,83.3,41,78,52.6,2,1.0,1.6,10,37,7,2,44,558,504,54,13,0,2,29,28,8,443,0,13,17,13,10,6,1,10,22,45.5,12,9,0,9,6,23,13,0,658,39,184,279,205,22,657,22,14,63.6,8,36.4,345,1984,1076,24,13,5,23,8,436,44,2,0,0,13,11,0,29,6,13,0,0,0,60,12,18,40.0,0,0,1,460,16,11,19,0.1,0.1,0.1,4,0,250,341,73.3,23,250,4,22,12,341,73.3,4133,1651,111,127,87.4,87,112,77.7,29,60,48.3,0,0.1,0.1,2,13,2,1,23,341,290,51,13,0,2,6,20,2,250,0,8,16,10,8,7,1,8,22,36.4,14,19,7,12,11,27,36,0,460,71,163,237,64,3,460,22,12,54.5,10,45.5,250,1053,452,4,8,0,16,7,249,23,3,1,1,15,13,0,6,11,10,0,1,0,37,18,12,60.0,Crystal Palace,Tottenham,September-11-2021
0,0,0,667,17,14,3,1.4,1.4,1.3,27,2,476,575,82.8,46,420,28,21,14,575,82.8,8692,2841,187,215,87.0,227,255,89.0,48,78,61.5,1,1.3,0.6,12,40,5,1,46,575,538,37,10,3,5,25,13,7,476,0,7,17,13,9,8,0,12,21,57.1,9,3,2,1,14,31,24,0,667,58,217,315,140,20,667,21,14,66.7,7,33.3,420,2265,1150,28,13,7,8,5,476,46,1,0,0,6,8,0,25,14,13,0,0,0,51,11,11,50.0,0,0,0,629,12,12,9,0.4,0.4,0.3,14,0,440,528,83.3,40,396,16,21,9,528,83.3,7690,2496,208,226,92.0,182,212,85.8,42,72,58.3,0,0.3,0.5,5,30,7,3,40,528,488,39,6,0,3,23,17,3,440,1,6,12,7,6,5,1,7,21,33.3,14,9,3,6,12,24,22,0,629,58,172,322,139,16,629,21,9,42.9,12,57.1,396,2049,994,16,15,2,10,5,438,40,1,0,0,9,6,1,23,12,7,0,0,0,45,11,11,50.0,Wolves,West Ham,November-20-2021
